{
"type": "FeatureCollection",
"name": "points",
"crs": { "type": "name", "properties": { "name": "urn:ogc:def:crs:OGC:1.3:CRS84" } },
"features": [
{ "type": "Feature", "properties": { "egid_int": 140932, "strasse": null, "hausnummer": null, "plz": null, "ortschaft": null, "baujahr": 1879.0, "grundflaeche_m2": 155.1775905, "gebaeudealter_2026": 147.0, "gebaeude_nutzung": "Gebäude Verwaltung", "qualitaet": "AV93", "bev_pers_n": 113.0, "bev_dichte_pha": 113.0 }, "geometry": { "type": "Point", "coordinates": [ 8.532525068378551, 47.373034403199519 ] } },
{ "type": "Feature", "properties": { "egid_int": 147440, "strasse": null, "hausnummer": null, "plz": null, "ortschaft": null, "baujahr": 1950.0, "grundflaeche_m2": 169.26561, "gebaeudealter_2026": 76.0, "gebaeude_nutzung": "Gebäude Wohnen", "qualitaet": "AV93", "bev_pers_n": 62.0, "bev_dichte_pha": 62.0 }, "geometry": { "type": "Point", "coordinates": [ 8.506894539514589, 47.379545440634253 ] } },
{ "type": "Feature", "properties": { "egid_int": 147441, "strasse": null, "hausnummer": null, "plz": null, "ortschaft": null, "baujahr": 1950.0, "grundflaeche_m2": 174.5539505, "gebaeudealter_2026": 76.0, "gebaeude_nutzung": "Gebäude Wohnen", "qualitaet": "AV93", "bev_pers_n": 62.0, "bev_dichte_pha": 62.0 }, "geometry": { "type": "Point", "coordinates": [ 8.506705365545015, 47.379630160344355 ] } },
{ "type": "Feature", "properties": { "egid_int": 147443, "strasse": null, "hausnummer": null, "plz": null, "ortschaft": null, "baujahr": 1930.0, "grundflaeche_m2": 172.3445545, "gebaeudealter_2026": 96.0, "gebaeude_nutzung": "Gebäude Wohnen", "qualitaet": "AV93", "bev_pers_n": 62.0, "bev_dichte_pha": 62.0 }, "geometry": { "type": "Point", "coordinates": [ 8.505797626392015, 47.380017349655652 ] } },
{ "type": "Feature", "properties": { "egid_int": 147444, "strasse": null, "hausnummer": null, "plz": null, "ortschaft": null, "baujahr": 1930.0, "grundflaeche_m2": 176.8372025, "gebaeudealter_2026": 96.0, "gebaeude_nutzung": "Gebäude Wohnen", "qualitaet": "AV93", "bev_pers_n": 62.0, "bev_dichte_pha": 62.0 }, "geometry": { "type": "Point", "coordinates": [ 8.505657475857396, 47.380092178914587 ] } },
{ "type": "Feature", "properties": { "egid_int": 147445, "strasse": null, "hausnummer": null, "plz": null, "ortschaft": null, "baujahr": 1930.0, "grundflaeche_m2": 189.783985, "gebaeudealter_2026": 96.0, "gebaeude_nutzung": "Gebäude Wohnen", "qualitaet": "AV93", "bev_pers_n": 62.0, "bev_dichte_pha": 62.0 }, "geometry": { "type": "Point", "coordinates": [ 8.50546015773171, 47.380182404777678 ] } },
{ "type": "Feature", "properties": { "egid_int": 147446, "strasse": "Badenerstrasse", "hausnummer": "441", "plz": 8003.0, "ortschaft": "Zürich", "baujahr": 1905.0, "grundflaeche_m2": 152.094339, "gebaeudealter_2026": 121.0, "gebaeude_nutzung": "Gebäude Wohnen", "qualitaet": "AV93", "bev_pers_n": 309.0, "bev_dichte_pha": 309.0 }, "geometry": { "type": "Point", "coordinates": [ 8.504990875678017, 47.380430782648126 ] } },
{ "type": "Feature", "properties": { "egid_int": 148155, "strasse": null, "hausnummer": null, "plz": null, "ortschaft": null, "baujahr": 1926.0, "grundflaeche_m2": 704.795991, "gebaeudealter_2026": 100.0, "gebaeude_nutzung": "Gebäude Verkehrswesen", "qualitaet": "AV93", "bev_pers_n": 78.0, "bev_dichte_pha": 78.0 }, "geometry": { "type": "Point", "coordinates": [ 8.523609531334808, 47.371404191824773 ] } },
{ "type": "Feature", "properties": { "egid_int": 148298, "strasse": "Kalkbreitestrasse", "hausnummer": "1", "plz": 8003.0, "ortschaft": "Zürich", "baujahr": 1897.0, "grundflaeche_m2": 184.645879, "gebaeudealter_2026": 129.0, "gebaeude_nutzung": "Gebäude Wohnen", "qualitaet": "AV93", "bev_pers_n": 93.0, "bev_dichte_pha": 93.0 }, "geometry": { "type": "Point", "coordinates": [ 8.52151926765919, 47.374223519446282 ] } },
{ "type": "Feature", "properties": { "egid_int": 148299, "strasse": "Kalkbreitestrasse", "hausnummer": "2", "plz": 8003.0, "ortschaft": "Zürich", "baujahr": 1841.0, "grundflaeche_m2": 122.998247, "gebaeudealter_2026": 185.0, "gebaeude_nutzung": "Gebäude Verwaltung", "qualitaet": "AV93", "bev_pers_n": 93.0, "bev_dichte_pha": 93.0 }, "geometry": { "type": "Point", "coordinates": [ 8.521164861644882, 47.374402614827474 ] } },
{ "type": "Feature", "properties": { "egid_int": 148300, "strasse": "Kalkbreitestrasse", "hausnummer": "3", "plz": 8003.0, "ortschaft": "Zürich", "baujahr": 1927.0, "grundflaeche_m2": 284.67221358500001, "gebaeudealter_2026": 99.0, "gebaeude_nutzung": "Gebäude Wohnen", "qualitaet": "AV93", "bev_pers_n": 19.0, "bev_dichte_pha": 19.0 }, "geometry": { "type": "Point", "coordinates": [ 8.521324007701262, 47.374138250101126 ] } },
{ "type": "Feature", "properties": { "egid_int": 148302, "strasse": "Badenerstrasse", "hausnummer": "153", "plz": 8004.0, "ortschaft": "Zürich", "baujahr": 1886.0, "grundflaeche_m2": 118.603854, "gebaeudealter_2026": 140.0, "gebaeude_nutzung": "Gebäude Wohnen", "qualitaet": "AV93", "bev_pers_n": 109.0, "bev_dichte_pha": 109.0 }, "geometry": { "type": "Point", "coordinates": [ 8.522078879364335, 47.374237332561762 ] } },
{ "type": "Feature", "properties": { "egid_int": 148303, "strasse": "Badenerstrasse", "hausnummer": "155", "plz": 8004.0, "ortschaft": "Zürich", "baujahr": 1896.0, "grundflaeche_m2": 217.0901365, "gebaeudealter_2026": 130.0, "gebaeude_nutzung": "Gebäude Wohnen", "qualitaet": "AV93", "bev_pers_n": 109.0, "bev_dichte_pha": 109.0 }, "geometry": { "type": "Point", "coordinates": [ 8.521891250314972, 47.374262407612711 ] } },
{ "type": "Feature", "properties": { "egid_int": 148304, "strasse": "Badenerstrasse", "hausnummer": "157", "plz": 8004.0, "ortschaft": "Zürich", "baujahr": 1891.0, "grundflaeche_m2": 140.683383, "gebaeudealter_2026": 135.0, "gebaeude_nutzung": "Gebäude Wohnen", "qualitaet": "AV93", "bev_pers_n": 93.0, "bev_dichte_pha": 93.0 }, "geometry": { "type": "Point", "coordinates": [ 8.521708157367787, 47.374291766474485 ] } },
{ "type": "Feature", "properties": { "egid_int": 148305, "strasse": "Elisabethenstrasse", "hausnummer": "3", "plz": 8004.0, "ortschaft": "Zürich", "baujahr": 1903.0, "grundflaeche_m2": 198.072501, "gebaeudealter_2026": 123.0, "gebaeude_nutzung": "Gebäude Wohnen", "qualitaet": "AV93", "bev_pers_n": 187.0, "bev_dichte_pha": 187.0 }, "geometry": { "type": "Point", "coordinates": [ 8.523170351517019, 47.372426555132897 ] } },
{ "type": "Feature", "properties": { "egid_int": 148306, "strasse": "Elisabethenstrasse", "hausnummer": "7", "plz": 8004.0, "ortschaft": "Zürich", "baujahr": 1896.0, "grundflaeche_m2": 96.3287295, "gebaeudealter_2026": 130.0, "gebaeude_nutzung": "Gebäude Wohnen", "qualitaet": "AV93", "bev_pers_n": 94.0, "bev_dichte_pha": 94.0 }, "geometry": { "type": "Point", "coordinates": [ 8.522921800935229, 47.372618019969785 ] } },
{ "type": "Feature", "properties": { "egid_int": 148307, "strasse": "Elisabethenstrasse", "hausnummer": "9", "plz": 8004.0, "ortschaft": "Zürich", "baujahr": 1896.0, "grundflaeche_m2": 120.130126, "gebaeudealter_2026": 130.0, "gebaeude_nutzung": "Gebäude Wohnen", "qualitaet": "AV93", "bev_pers_n": 94.0, "bev_dichte_pha": 94.0 }, "geometry": { "type": "Point", "coordinates": [ 8.522807650729048, 47.372695657908984 ] } },
{ "type": "Feature", "properties": { "egid_int": 148308, "strasse": "Elisabethenstrasse", "hausnummer": "43", "plz": 8004.0, "ortschaft": "Zürich", "baujahr": 1915.0, "grundflaeche_m2": 530.5180175, "gebaeudealter_2026": 111.0, "gebaeude_nutzung": "Gebäude Verkehrswesen", "qualitaet": "AV93", "bev_pers_n": 19.0, "bev_dichte_pha": 19.0 }, "geometry": { "type": "Point", "coordinates": [ 8.520940832551283, 47.373932839521132 ] } },
{ "type": "Feature", "properties": { "egid_int": 148309, "strasse": "Elisabethenstrasse", "hausnummer": "44", "plz": 8004.0, "ortschaft": "Zürich", "baujahr": 1901.0, "grundflaeche_m2": 184.995035, "gebaeudealter_2026": 125.0, "gebaeude_nutzung": "Gebäude Wohnen", "qualitaet": "AV93", "bev_pers_n": 19.0, "bev_dichte_pha": 19.0 }, "geometry": { "type": "Point", "coordinates": [ 8.521496807739677, 47.373978343308075 ] } },
{ "type": "Feature", "properties": { "egid_int": 148310, "strasse": "Elisabethenstrasse", "hausnummer": "5", "plz": 8004.0, "ortschaft": "Zürich", "baujahr": 1915.0, "grundflaeche_m2": 94.526237, "gebaeudealter_2026": 111.0, "gebaeude_nutzung": "Gebäude Wohnen", "qualitaet": "AV93", "bev_pers_n": 187.0, "bev_dichte_pha": 187.0 }, "geometry": { "type": "Point", "coordinates": [ 8.5230238214116, 47.372537761270891 ] } },
{ "type": "Feature", "properties": { "egid_int": 148311, "strasse": "Körnerstrasse", "hausnummer": "10", "plz": 8004.0, "ortschaft": "Zürich", "baujahr": 1900.0, "grundflaeche_m2": 203.499775, "gebaeudealter_2026": 126.0, "gebaeude_nutzung": "Gebäude Wohnen", "qualitaet": "AV93", "bev_pers_n": 214.0, "bev_dichte_pha": 214.0 }, "geometry": { "type": "Point", "coordinates": [ 8.521867035030017, 47.374030632724775 ] } },
{ "type": "Feature", "properties": { "egid_int": 148312, "strasse": "Körnerstrasse", "hausnummer": "11", "plz": 8004.0, "ortschaft": "Zürich", "baujahr": 1906.0, "grundflaeche_m2": 205.4944065, "gebaeudealter_2026": 120.0, "gebaeude_nutzung": "Gebäude Wohnen", "qualitaet": "AV93", "bev_pers_n": 214.0, "bev_dichte_pha": 214.0 }, "geometry": { "type": "Point", "coordinates": [ 8.522040488247884, 47.373815659870743 ] } },
{ "type": "Feature", "properties": { "egid_int": 148313, "strasse": "Körnerstrasse", "hausnummer": "12", "plz": 8004.0, "ortschaft": "Zürich", "baujahr": 1897.0, "grundflaeche_m2": 239.2428985, "gebaeudealter_2026": 129.0, "gebaeude_nutzung": "Gebäude Wohnen", "qualitaet": "AV93", "bev_pers_n": 19.0, "bev_dichte_pha": 19.0 }, "geometry": { "type": "Point", "coordinates": [ 8.52168274055469, 47.37390176077939 ] } },
{ "type": "Feature", "properties": { "egid_int": 148314, "strasse": "Elisabethenstrasse", "hausnummer": "24", "plz": 8004.0, "ortschaft": "Zürich", "baujahr": 1912.0, "grundflaeche_m2": 214.3584875, "gebaeudealter_2026": 114.0, "gebaeude_nutzung": "Gebäude Wohnen", "qualitaet": "AV93", "bev_pers_n": 214.0, "bev_dichte_pha": 214.0 }, "geometry": { "type": "Point", "coordinates": [ 8.522116924676954, 47.373529959681427 ] } },
{ "type": "Feature", "properties": { "egid_int": 148315, "strasse": "Elisabethenstrasse", "hausnummer": "26", "plz": 8004.0, "ortschaft": "Zürich", "baujahr": 1912.0, "grundflaeche_m2": 107.415895, "gebaeudealter_2026": 114.0, "gebaeude_nutzung": "Gebäude Wohnen", "qualitaet": "AV93", "bev_pers_n": 214.0, "bev_dichte_pha": 214.0 }, "geometry": { "type": "Point", "coordinates": [ 8.521983272471694, 47.373625482067879 ] } },
{ "type": "Feature", "properties": { "egid_int": 148316, "strasse": "Elisabethenstrasse", "hausnummer": "28", "plz": 8004.0, "ortschaft": "Zürich", "baujahr": 1897.0, "grundflaeche_m2": 191.2808405, "gebaeudealter_2026": 129.0, "gebaeude_nutzung": "Gebäude Wohnen", "qualitaet": "AV93", "bev_pers_n": 214.0, "bev_dichte_pha": 214.0 }, "geometry": { "type": "Point", "coordinates": [ 8.521880322840252, 47.373692777544122 ] } },
{ "type": "Feature", "properties": { "egid_int": 148318, "strasse": null, "hausnummer": null, "plz": null, "ortschaft": null, "baujahr": 1891.0, "grundflaeche_m2": 97.721031, "gebaeudealter_2026": 135.0, "gebaeude_nutzung": "Gebäude Wohnen", "qualitaet": "AV93", "bev_pers_n": 214.0, "bev_dichte_pha": 214.0 }, "geometry": { "type": "Point", "coordinates": [ 8.522357041878163, 47.373874882626211 ] } },
{ "type": "Feature", "properties": { "egid_int": 148319, "strasse": "Köchlistrasse", "hausnummer": "35", "plz": 8004.0, "ortschaft": "Zürich", "baujahr": 1891.0, "grundflaeche_m2": 123.6218265, "gebaeudealter_2026": 135.0, "gebaeude_nutzung": "Gebäude Wohnen", "qualitaet": "AV93", "bev_pers_n": 214.0, "bev_dichte_pha": 214.0 }, "geometry": { "type": "Point", "coordinates": [ 8.522254061091488, 47.373938040970053 ] } },
{ "type": "Feature", "properties": { "egid_int": 148320, "strasse": "Elisabethenstrasse", "hausnummer": "14", "plz": 8004.0, "ortschaft": "Zürich", "baujahr": 1915.0, "grundflaeche_m2": 206.959184, "gebaeudealter_2026": 111.0, "gebaeude_nutzung": "Gebäude Wohnen", "qualitaet": "AV93", "bev_pers_n": 94.0, "bev_dichte_pha": 94.0 }, "geometry": { "type": "Point", "coordinates": [ 8.522812429535749, 47.373029565833136 ] } },
{ "type": "Feature", "properties": { "egid_int": 148322, "strasse": "Elisabethenstrasse", "hausnummer": "18", "plz": 8004.0, "ortschaft": "Zürich", "baujahr": 1915.0, "grundflaeche_m2": 87.427421, "gebaeudealter_2026": 111.0, "gebaeude_nutzung": "Gebäude Wohnen", "qualitaet": "AV93", "bev_pers_n": 214.0, "bev_dichte_pha": 214.0 }, "geometry": { "type": "Point", "coordinates": [ 8.522863626304776, 47.373263534041357 ] } },
{ "type": "Feature", "properties": { "egid_int": 148323, "strasse": "Elisabethenstrasse", "hausnummer": "20", "plz": 8004.0, "ortschaft": "Zürich", "baujahr": 1912.0, "grundflaeche_m2": 167.8920525, "gebaeudealter_2026": 114.0, "gebaeude_nutzung": "Gebäude Wohnen", "qualitaet": "AV93", "bev_pers_n": 94.0, "bev_dichte_pha": 94.0 }, "geometry": { "type": "Point", "coordinates": [ 8.522513283719686, 47.373238838186204 ] } },
{ "type": "Feature", "properties": { "egid_int": 148324, "strasse": "Elisabethenstrasse", "hausnummer": "22", "plz": 8004.0, "ortschaft": "Zürich", "baujahr": 1912.0, "grundflaeche_m2": 149.8641295, "gebaeudealter_2026": 114.0, "gebaeude_nutzung": "Gebäude Wohnen", "qualitaet": "AV93", "bev_pers_n": 214.0, "bev_dichte_pha": 214.0 }, "geometry": { "type": "Point", "coordinates": [ 8.522253764812831, 47.373423226296893 ] } },
{ "type": "Feature", "properties": { "egid_int": 148325, "strasse": "Köchlistrasse", "hausnummer": "17", "plz": 8004.0, "ortschaft": "Zürich", "baujahr": 1971.0, "grundflaeche_m2": 118.328737, "gebaeudealter_2026": 55.0, "gebaeude_nutzung": "Gebäude Wohnen", "qualitaet": "AV93", "bev_pers_n": 275.0, "bev_dichte_pha": 275.0 }, "geometry": { "type": "Point", "coordinates": [ 8.523087531449546, 47.373360738243392 ] } },
{ "type": "Feature", "properties": { "egid_int": 148326, "strasse": "Köchlistrasse", "hausnummer": "19", "plz": 8004.0, "ortschaft": "Zürich", "baujahr": 1891.0, "grundflaeche_m2": 92.8128345, "gebaeudealter_2026": 135.0, "gebaeude_nutzung": "Gebäude Wohnen", "qualitaet": "AV93", "bev_pers_n": 214.0, "bev_dichte_pha": 214.0 }, "geometry": { "type": "Point", "coordinates": [ 8.523036473571098, 47.373428501064375 ] } },
{ "type": "Feature", "properties": { "egid_int": 148327, "strasse": "Köchlistrasse", "hausnummer": "25", "plz": 8004.0, "ortschaft": "Zürich", "baujahr": 1986.0, "grundflaeche_m2": 361.074321, "gebaeudealter_2026": 40.0, "gebaeude_nutzung": "Gebäude Wohnen", "qualitaet": "AV93", "bev_pers_n": 214.0, "bev_dichte_pha": 214.0 }, "geometry": { "type": "Point", "coordinates": [ 8.522826447097076, 47.373571605978611 ] } },
{ "type": "Feature", "properties": { "egid_int": 148328, "strasse": "Köchlistrasse", "hausnummer": "27", "plz": 8004.0, "ortschaft": "Zürich", "baujahr": 1911.0, "grundflaeche_m2": 111.338906, "gebaeudealter_2026": 115.0, "gebaeude_nutzung": "Gebäude Wohnen", "qualitaet": "AV93", "bev_pers_n": 214.0, "bev_dichte_pha": 214.0 }, "geometry": { "type": "Point", "coordinates": [ 8.522639767877703, 47.373689484971756 ] } },
{ "type": "Feature", "properties": { "egid_int": 148329, "strasse": "Elisabethenstrasse", "hausnummer": "6", "plz": 8004.0, "ortschaft": "Zürich", "baujahr": 1971.0, "grundflaeche_m2": 472.704408, "gebaeudealter_2026": 55.0, "gebaeude_nutzung": "Gebäude Wohnen", "qualitaet": "AV93", "bev_pers_n": 187.0, "bev_dichte_pha": 187.0 }, "geometry": { "type": "Point", "coordinates": [ 8.523150940015055, 47.372772149999641 ] } },
{ "type": "Feature", "properties": { "egid_int": 148330, "strasse": "Elisabethenstrasse", "hausnummer": "12", "plz": 8004.0, "ortschaft": "Zürich", "baujahr": 1896.0, "grundflaeche_m2": 205.5942155, "gebaeudealter_2026": 130.0, "gebaeude_nutzung": "Gebäude Wohnen", "qualitaet": "AV93", "bev_pers_n": 94.0, "bev_dichte_pha": 94.0 }, "geometry": { "type": "Point", "coordinates": [ 8.522962623850292, 47.372918091726483 ] } },
{ "type": "Feature", "properties": { "egid_int": 148331, "strasse": "Ankerstrasse", "hausnummer": "9", "plz": 8004.0, "ortschaft": "Zürich", "baujahr": 1888.0, "grundflaeche_m2": 112.2997815, "gebaeudealter_2026": 138.0, "gebaeude_nutzung": "Gebäude Wohnen", "qualitaet": "AV93", "bev_pers_n": 187.0, "bev_dichte_pha": 187.0 }, "geometry": { "type": "Point", "coordinates": [ 8.523842994433274, 47.372788102001174 ] } },
{ "type": "Feature", "properties": { "egid_int": 148332, "strasse": "Ankerstrasse", "hausnummer": "11", "plz": 8004.0, "ortschaft": "Zürich", "baujahr": 1888.0, "grundflaeche_m2": 152.947852, "gebaeudealter_2026": 138.0, "gebaeude_nutzung": "Gebäude Wohnen", "qualitaet": "AV93", "bev_pers_n": 187.0, "bev_dichte_pha": 187.0 }, "geometry": { "type": "Point", "coordinates": [ 8.523903299111653, 47.37287736968829 ] } },
{ "type": "Feature", "properties": { "egid_int": 148333, "strasse": "Feldgütliweg", "hausnummer": "3", "plz": 8004.0, "ortschaft": "Zürich", "baujahr": 1888.0, "grundflaeche_m2": 259.779333, "gebaeudealter_2026": 138.0, "gebaeude_nutzung": "Gebäude Wohnen", "qualitaet": "AV93", "bev_pers_n": 187.0, "bev_dichte_pha": 187.0 }, "geometry": { "type": "Point", "coordinates": [ 8.524045980729024, 47.373140350635317 ] } },
{ "type": "Feature", "properties": { "egid_int": 148334, "strasse": "Köchlistrasse", "hausnummer": "3", "plz": 8004.0, "ortschaft": "Zürich", "baujahr": 1888.0, "grundflaeche_m2": 115.7269815, "gebaeudealter_2026": 138.0, "gebaeude_nutzung": "Gebäude Wohnen", "qualitaet": "AV93", "bev_pers_n": 187.0, "bev_dichte_pha": 187.0 }, "geometry": { "type": "Point", "coordinates": [ 8.52379793690762, 47.372969714017749 ] } },
{ "type": "Feature", "properties": { "egid_int": 148335, "strasse": null, "hausnummer": null, "plz": null, "ortschaft": null, "baujahr": 1881.0, "grundflaeche_m2": 94.395277, "gebaeudealter_2026": 145.0, "gebaeude_nutzung": "Gebäude Wohnen", "qualitaet": "AV93", "bev_pers_n": 187.0, "bev_dichte_pha": 187.0 }, "geometry": { "type": "Point", "coordinates": [ 8.52366290566802, 47.373061023656042 ] } },
{ "type": "Feature", "properties": { "egid_int": 148336, "strasse": "Köchlistrasse", "hausnummer": "6", "plz": 8004.0, "ortschaft": "Zürich", "baujahr": 1892.0, "grundflaeche_m2": 223.593153, "gebaeudealter_2026": 134.0, "gebaeude_nutzung": "Gebäude Wohnen", "qualitaet": "AV93", "bev_pers_n": 187.0, "bev_dichte_pha": 187.0 }, "geometry": { "type": "Point", "coordinates": [ 8.523816572934813, 47.373239248605664 ] } },
{ "type": "Feature", "properties": { "egid_int": 148337, "strasse": null, "hausnummer": null, "plz": null, "ortschaft": null, "baujahr": 1897.0, "grundflaeche_m2": 88.97607, "gebaeudealter_2026": 129.0, "gebaeude_nutzung": "Gebäude Wohnen", "qualitaet": "AV93", "bev_pers_n": 187.0, "bev_dichte_pha": 187.0 }, "geometry": { "type": "Point", "coordinates": [ 8.523575189906426, 47.37299965532015 ] } },
{ "type": "Feature", "properties": { "egid_int": 148338, "strasse": "Köchlistrasse", "hausnummer": "9", "plz": 8004.0, "ortschaft": "Zürich", "baujahr": 1984.0, "grundflaeche_m2": 299.38257, "gebaeudealter_2026": 42.0, "gebaeude_nutzung": "Gebäude Wohnen", "qualitaet": "AV93", "bev_pers_n": 187.0, "bev_dichte_pha": 187.0 }, "geometry": { "type": "Point", "coordinates": [ 8.523407852250568, 47.373188721212848 ] } },
{ "type": "Feature", "properties": { "egid_int": 148339, "strasse": "Köchlistrasse", "hausnummer": "10", "plz": 8004.0, "ortschaft": "Zürich", "baujahr": 1888.0, "grundflaeche_m2": 200.547722, "gebaeudealter_2026": 138.0, "gebaeude_nutzung": "Gebäude Wohnen", "qualitaet": "AV93", "bev_pers_n": 275.0, "bev_dichte_pha": 275.0 }, "geometry": { "type": "Point", "coordinates": [ 8.523653442302958, 47.373346158879691 ] } },
{ "type": "Feature", "properties": { "egid_int": 148342, "strasse": "Köchlistrasse", "hausnummer": "18", "plz": 8004.0, "ortschaft": "Zürich", "baujahr": 1893.0, "grundflaeche_m2": 177.6695975, "gebaeudealter_2026": 133.0, "gebaeude_nutzung": "Gebäude Wohnen", "qualitaet": "AV93", "bev_pers_n": 275.0, "bev_dichte_pha": 275.0 }, "geometry": { "type": "Point", "coordinates": [ 8.523307011295083, 47.373567094348992 ] } },
{ "type": "Feature", "properties": { "egid_int": 148343, "strasse": "Köchlistrasse", "hausnummer": "20", "plz": 8004.0, "ortschaft": "Zürich", "baujahr": 1893.0, "grundflaeche_m2": 102.463728, "gebaeudealter_2026": 133.0, "gebaeude_nutzung": "Gebäude Wohnen", "qualitaet": "AV93", "bev_pers_n": 275.0, "bev_dichte_pha": 275.0 }, "geometry": { "type": "Point", "coordinates": [ 8.523152161167429, 47.373651546277259 ] } },
{ "type": "Feature", "properties": { "egid_int": 148344, "strasse": "Köchlistrasse", "hausnummer": "22", "plz": 8004.0, "ortschaft": "Zürich", "baujahr": 1894.0, "grundflaeche_m2": 191.214666, "gebaeudealter_2026": 132.0, "gebaeude_nutzung": "Gebäude Wohnen", "qualitaet": "AV93", "bev_pers_n": 214.0, "bev_dichte_pha": 214.0 }, "geometry": { "type": "Point", "coordinates": [ 8.52301953415682, 47.373736203143274 ] } },
{ "type": "Feature", "properties": { "egid_int": 148345, "strasse": "Köchlistrasse", "hausnummer": "28", "plz": 8004.0, "ortschaft": "Zürich", "baujahr": 1959.0, "grundflaeche_m2": 170.945051, "gebaeudealter_2026": 67.0, "gebaeude_nutzung": "Gebäude Wohnen", "qualitaet": "AV93", "bev_pers_n": 214.0, "bev_dichte_pha": 214.0 }, "geometry": { "type": "Point", "coordinates": [ 8.522817823022438, 47.373901483871066 ] } },
{ "type": "Feature", "properties": { "egid_int": 148346, "strasse": "Badenerstrasse", "hausnummer": "119", "plz": 8004.0, "ortschaft": "Zürich", "baujahr": 1925.0, "grundflaeche_m2": 263.399828985, "gebaeudealter_2026": 101.0, "gebaeude_nutzung": "Gebäude Wohnen", "qualitaet": "AV93", "bev_pers_n": 118.0, "bev_dichte_pha": 118.0 }, "geometry": { "type": "Point", "coordinates": [ 8.523944517512374, 47.374151932551456 ] } },
{ "type": "Feature", "properties": { "egid_int": 148347, "strasse": "Badenerstrasse", "hausnummer": "123", "plz": 8004.0, "ortschaft": "Zürich", "baujahr": 1911.0, "grundflaeche_m2": 308.811147, "gebaeudealter_2026": 115.0, "gebaeude_nutzung": "Gebäude Wohnen", "qualitaet": "AV93", "bev_pers_n": 118.0, "bev_dichte_pha": 118.0 }, "geometry": { "type": "Point", "coordinates": [ 8.523697919770344, 47.374155976307733 ] } },
{ "type": "Feature", "properties": { "egid_int": 148348, "strasse": "Badenerstrasse", "hausnummer": "125", "plz": 8004.0, "ortschaft": "Zürich", "baujahr": 1948.0, "grundflaeche_m2": 188.293717, "gebaeudealter_2026": 78.0, "gebaeude_nutzung": "Gebäude Wohnen", "qualitaet": "AV93", "bev_pers_n": 118.0, "bev_dichte_pha": 118.0 }, "geometry": { "type": "Point", "coordinates": [ 8.523426241098699, 47.374177534697765 ] } },
{ "type": "Feature", "properties": { "egid_int": 148350, "strasse": "Badenerstrasse", "hausnummer": "129", "plz": 8004.0, "ortschaft": "Zürich", "baujahr": 1896.0, "grundflaeche_m2": 148.674542, "gebaeudealter_2026": 130.0, "gebaeude_nutzung": "Gebäude Verwaltung", "qualitaet": "AV93", "bev_pers_n": 118.0, "bev_dichte_pha": 118.0 }, "geometry": { "type": "Point", "coordinates": [ 8.523230424693926, 47.374177646420463 ] } },
{ "type": "Feature", "properties": { "egid_int": 148353, "strasse": "Ankerstrasse", "hausnummer": "6", "plz": 8004.0, "ortschaft": "Zürich", "baujahr": 1897.0, "grundflaeche_m2": 146.048868, "gebaeudealter_2026": 129.0, "gebaeude_nutzung": "Gebäude Wohnen", "qualitaet": "AV93", "bev_pers_n": 187.0, "bev_dichte_pha": 187.0 }, "geometry": { "type": "Point", "coordinates": [ 8.52400941299828, 47.372593053313864 ] } },
{ "type": "Feature", "properties": { "egid_int": 148354, "strasse": "Ankerstrasse", "hausnummer": "12", "plz": 8004.0, "ortschaft": "Zürich", "baujahr": 1895.0, "grundflaeche_m2": 127.7260475, "gebaeudealter_2026": 131.0, "gebaeude_nutzung": "Gebäude Wohnen", "qualitaet": "AV93", "bev_pers_n": 187.0, "bev_dichte_pha": 187.0 }, "geometry": { "type": "Point", "coordinates": [ 8.524204994041607, 47.37283134012835 ] } },
{ "type": "Feature", "properties": { "egid_int": 148355, "strasse": "Ankerstrasse", "hausnummer": "14", "plz": 8004.0, "ortschaft": "Zürich", "baujahr": 1896.0, "grundflaeche_m2": 126.466729, "gebaeudealter_2026": 130.0, "gebaeude_nutzung": "Gebäude Wohnen", "qualitaet": "AV93", "bev_pers_n": 187.0, "bev_dichte_pha": 187.0 }, "geometry": { "type": "Point", "coordinates": [ 8.524272104252757, 47.372914696839381 ] } },
{ "type": "Feature", "properties": { "egid_int": 148356, "strasse": "Ankerstrasse", "hausnummer": "16", "plz": 8004.0, "ortschaft": "Zürich", "baujahr": 1896.0, "grundflaeche_m2": 126.573583, "gebaeudealter_2026": 130.0, "gebaeude_nutzung": "Gebäude Wohnen", "qualitaet": "AV93", "bev_pers_n": 187.0, "bev_dichte_pha": 187.0 }, "geometry": { "type": "Point", "coordinates": [ 8.524330737060701, 47.373011553912903 ] } },
{ "type": "Feature", "properties": { "egid_int": 148357, "strasse": "Ankerstrasse", "hausnummer": "20", "plz": 8004.0, "ortschaft": "Zürich", "baujahr": 1893.0, "grundflaeche_m2": 119.2120395, "gebaeudealter_2026": 133.0, "gebaeude_nutzung": "Gebäude Wohnen", "qualitaet": "AV93", "bev_pers_n": 215.0, "bev_dichte_pha": 215.0 }, "geometry": { "type": "Point", "coordinates": [ 8.524450997018528, 47.373172821406477 ] } },
{ "type": "Feature", "properties": { "egid_int": 148358, "strasse": "Ankerstrasse", "hausnummer": "23", "plz": 8004.0, "ortschaft": "Zürich", "baujahr": 1878.0, "grundflaeche_m2": 100.3680485, "gebaeudealter_2026": 148.0, "gebaeude_nutzung": "Gebäude Wohnen", "qualitaet": "AV93", "bev_pers_n": 275.0, "bev_dichte_pha": 275.0 }, "geometry": { "type": "Point", "coordinates": [ 8.524238318526637, 47.373344117595238 ] } },
{ "type": "Feature", "properties": { "egid_int": 148359, "strasse": "Ankerstrasse", "hausnummer": "25", "plz": 8004.0, "ortschaft": "Zürich", "baujahr": 1894.0, "grundflaeche_m2": 135.8789375, "gebaeudealter_2026": 132.0, "gebaeude_nutzung": "Gebäude Wohnen", "qualitaet": "AV93", "bev_pers_n": 275.0, "bev_dichte_pha": 275.0 }, "geometry": { "type": "Point", "coordinates": [ 8.524298708075035, 47.373436838401005 ] } },
{ "type": "Feature", "properties": { "egid_int": 148360, "strasse": "Ankerstrasse", "hausnummer": "27", "plz": 8004.0, "ortschaft": "Zürich", "baujahr": 1894.0, "grundflaeche_m2": 134.161474, "gebaeudealter_2026": 132.0, "gebaeude_nutzung": "Gebäude Wohnen", "qualitaet": "AV93", "bev_pers_n": 192.0, "bev_dichte_pha": 192.0 }, "geometry": { "type": "Point", "coordinates": [ 8.524366745450468, 47.373531214352184 ] } },
{ "type": "Feature", "properties": { "egid_int": 148361, "strasse": "Feldgütliweg", "hausnummer": "2", "plz": 8004.0, "ortschaft": "Zürich", "baujahr": 1893.0, "grundflaeche_m2": 119.1453635, "gebaeudealter_2026": 133.0, "gebaeude_nutzung": "Gebäude Wohnen", "qualitaet": "AV93", "bev_pers_n": 275.0, "bev_dichte_pha": 275.0 }, "geometry": { "type": "Point", "coordinates": [ 8.524183166852721, 47.373258255784258 ] } },
{ "type": "Feature", "properties": { "egid_int": 148362, "strasse": "Gartenhofstrasse", "hausnummer": "27", "plz": 8004.0, "ortschaft": "Zürich", "baujahr": 1881.0, "grundflaeche_m2": 184.118155, "gebaeudealter_2026": 145.0, "gebaeude_nutzung": "Gebäude Wohnen", "qualitaet": "AV93", "bev_pers_n": 215.0, "bev_dichte_pha": 215.0 }, "geometry": { "type": "Point", "coordinates": [ 8.524788730492324, 47.372898407239369 ] } },
{ "type": "Feature", "properties": { "egid_int": 148363, "strasse": "Gartenhofstrasse", "hausnummer": "31", "plz": 8004.0, "ortschaft": "Zürich", "baujahr": 1878.0, "grundflaeche_m2": 116.540086, "gebaeudealter_2026": 148.0, "gebaeude_nutzung": "Gebäude Wohnen", "qualitaet": "AV93", "bev_pers_n": 215.0, "bev_dichte_pha": 215.0 }, "geometry": { "type": "Point", "coordinates": [ 8.524653449857206, 47.373009230819171 ] } },
{ "type": "Feature", "properties": { "egid_int": 148370, "strasse": "Zweierstrasse", "hausnummer": "42", "plz": 8004.0, "ortschaft": "Zürich", "baujahr": 1881.0, "grundflaeche_m2": 186.732703, "gebaeudealter_2026": 145.0, "gebaeude_nutzung": "Gebäude Wohnen", "qualitaet": "AV93", "bev_pers_n": 215.0, "bev_dichte_pha": 215.0 }, "geometry": { "type": "Point", "coordinates": [ 8.524923109253848, 47.37275375232344 ] } },
{ "type": "Feature", "properties": { "egid_int": 148371, "strasse": "Zweierstrasse", "hausnummer": "48", "plz": 8004.0, "ortschaft": "Zürich", "baujahr": 1879.0, "grundflaeche_m2": 117.7370725, "gebaeudealter_2026": 147.0, "gebaeude_nutzung": "Gebäude Wohnen", "qualitaet": "AV93", "bev_pers_n": 215.0, "bev_dichte_pha": 215.0 }, "geometry": { "type": "Point", "coordinates": [ 8.524700845628052, 47.37270401247752 ] } },
{ "type": "Feature", "properties": { "egid_int": 148373, "strasse": "Zweierstrasse", "hausnummer": "56", "plz": 8004.0, "ortschaft": "Zürich", "baujahr": 1912.0, "grundflaeche_m2": 219.6353365, "gebaeudealter_2026": 114.0, "gebaeude_nutzung": "Gebäude Wohnen", "qualitaet": "AV93", "bev_pers_n": 187.0, "bev_dichte_pha": 187.0 }, "geometry": { "type": "Point", "coordinates": [ 8.524171990278774, 47.372584608287447 ] } },
{ "type": "Feature", "properties": { "egid_int": 148374, "strasse": "Badenerstrasse", "hausnummer": "85", "plz": 8004.0, "ortschaft": "Zürich", "baujahr": 1880.0, "grundflaeche_m2": 138.482543, "gebaeudealter_2026": 146.0, "gebaeude_nutzung": "Gebäude Verwaltung", "qualitaet": "AV93", "bev_pers_n": 120.0, "bev_dichte_pha": 120.0 }, "geometry": { "type": "Point", "coordinates": [ 8.526066873605792, 47.373776709719195 ] } },
{ "type": "Feature", "properties": { "egid_int": 148375, "strasse": "Wyssgasse", "hausnummer": "12", "plz": 8004.0, "ortschaft": "Zürich", "baujahr": 1881.0, "grundflaeche_m2": 212.266318, "gebaeudealter_2026": 145.0, "gebaeude_nutzung": "Gebäude Verwaltung", "qualitaet": "AV93", "bev_pers_n": 192.0, "bev_dichte_pha": 192.0 }, "geometry": { "type": "Point", "coordinates": [ 8.525671968341797, 47.373809175148153 ] } },
{ "type": "Feature", "properties": { "egid_int": 148379, "strasse": "Grüngasse", "hausnummer": "12", "plz": 8004.0, "ortschaft": "Zürich", "baujahr": 1982.0, "grundflaeche_m2": 96.782501, "gebaeudealter_2026": 44.0, "gebaeude_nutzung": "Gebäude Wohnen", "qualitaet": "AV93", "bev_pers_n": 192.0, "bev_dichte_pha": 192.0 }, "geometry": { "type": "Point", "coordinates": [ 8.525424750306643, 47.373356024443076 ] } },
{ "type": "Feature", "properties": { "egid_int": 148380, "strasse": "Grüngasse", "hausnummer": "18", "plz": 8004.0, "ortschaft": "Zürich", "baujahr": 1890.0, "grundflaeche_m2": 165.034876, "gebaeudealter_2026": 136.0, "gebaeude_nutzung": "Gebäude Wohnen", "qualitaet": "AV93", "bev_pers_n": 192.0, "bev_dichte_pha": 192.0 }, "geometry": { "type": "Point", "coordinates": [ 8.525125665336848, 47.373582816551838 ] } },
{ "type": "Feature", "properties": { "egid_int": 148381, "strasse": "Grüngasse", "hausnummer": "20", "plz": 8004.0, "ortschaft": "Zürich", "baujahr": 1883.0, "grundflaeche_m2": 155.0195075, "gebaeudealter_2026": 143.0, "gebaeude_nutzung": "Gebäude Wohnen", "qualitaet": "AV93", "bev_pers_n": 192.0, "bev_dichte_pha": 192.0 }, "geometry": { "type": "Point", "coordinates": [ 8.525030723178546, 47.373666626559391 ] } },
{ "type": "Feature", "properties": { "egid_int": 148382, "strasse": "Wyssgasse", "hausnummer": "2", "plz": 8004.0, "ortschaft": "Zürich", "baujahr": 1985.0, "grundflaeche_m2": 134.2967095, "gebaeudealter_2026": 41.0, "gebaeude_nutzung": "Gebäude Wohnen", "qualitaet": "AV93", "bev_pers_n": 192.0, "bev_dichte_pha": 192.0 }, "geometry": { "type": "Point", "coordinates": [ 8.525381357459645, 47.373417707470381 ] } },
{ "type": "Feature", "properties": { "egid_int": 148384, "strasse": "Wyssgasse", "hausnummer": "10", "plz": 8004.0, "ortschaft": "Zürich", "baujahr": 1895.0, "grundflaeche_m2": 120.0490655, "gebaeudealter_2026": 131.0, "gebaeude_nutzung": "Gebäude Wohnen", "qualitaet": "AV93", "bev_pers_n": 192.0, "bev_dichte_pha": 192.0 }, "geometry": { "type": "Point", "coordinates": [ 8.525616870877434, 47.37372675862941 ] } },
{ "type": "Feature", "properties": { "egid_int": 148385, "strasse": "Grüngasse", "hausnummer": "6", "plz": 8004.0, "ortschaft": "Zürich", "baujahr": 1882.0, "grundflaeche_m2": 103.8993485, "gebaeudealter_2026": 144.0, "gebaeude_nutzung": "Gebäude Wohnen", "qualitaet": "AV93", "bev_pers_n": 215.0, "bev_dichte_pha": 215.0 }, "geometry": { "type": "Point", "coordinates": [ 8.525677258460883, 47.373138125273819 ] } },
{ "type": "Feature", "properties": { "egid_int": 148388, "strasse": "Cramerstrasse", "hausnummer": "1", "plz": 8004.0, "ortschaft": "Zürich", "baujahr": 1882.0, "grundflaeche_m2": 148.854027, "gebaeudealter_2026": 144.0, "gebaeude_nutzung": "Gebäude Wohnen", "qualitaet": "AV93", "bev_pers_n": 204.0, "bev_dichte_pha": 204.0 }, "geometry": { "type": "Point", "coordinates": [ 8.525818828930223, 47.37309361629319 ] } },
{ "type": "Feature", "properties": { "egid_int": 148389, "strasse": "Cramerstrasse", "hausnummer": "7", "plz": 8004.0, "ortschaft": "Zürich", "baujahr": 1884.0, "grundflaeche_m2": 157.7908815, "gebaeudealter_2026": 142.0, "gebaeude_nutzung": "Gebäude Wohnen", "qualitaet": "AV93", "bev_pers_n": 120.0, "bev_dichte_pha": 120.0 }, "geometry": { "type": "Point", "coordinates": [ 8.525884575798402, 47.373261251227319 ] } },
{ "type": "Feature", "properties": { "egid_int": 148390, "strasse": "Cramerstrasse", "hausnummer": "15", "plz": 8004.0, "ortschaft": "Zürich", "baujahr": 1880.0, "grundflaeche_m2": 191.155834, "gebaeudealter_2026": 146.0, "gebaeude_nutzung": "Gebäude Industrie", "qualitaet": "AV93", "bev_pers_n": 120.0, "bev_dichte_pha": 120.0 }, "geometry": { "type": "Point", "coordinates": [ 8.525838303015782, 47.373580968623358 ] } },
{ "type": "Feature", "properties": { "egid_int": 148391, "strasse": "Cramerstrasse", "hausnummer": "17", "plz": 8004.0, "ortschaft": "Zürich", "baujahr": 1891.0, "grundflaeche_m2": 138.9215275, "gebaeudealter_2026": 135.0, "gebaeude_nutzung": "Gebäude Wohnen", "qualitaet": "AV93", "bev_pers_n": 120.0, "bev_dichte_pha": 120.0 }, "geometry": { "type": "Point", "coordinates": [ 8.526034254754546, 47.373617452332375 ] } },
{ "type": "Feature", "properties": { "egid_int": 148392, "strasse": "Badenerstrasse", "hausnummer": "67", "plz": 8004.0, "ortschaft": "Zürich", "baujahr": 1899.0, "grundflaeche_m2": 196.0434845, "gebaeudealter_2026": 127.0, "gebaeude_nutzung": "Gebäude Wohnen", "qualitaet": "AV93", "bev_pers_n": 120.0, "bev_dichte_pha": 120.0 }, "geometry": { "type": "Point", "coordinates": [ 8.52677142468748, 47.373351360831187 ] } },
{ "type": "Feature", "properties": { "egid_int": 148393, "strasse": "Badenerstrasse", "hausnummer": "69", "plz": 8004.0, "ortschaft": "Zürich", "baujahr": 1895.0, "grundflaeche_m2": 144.7683005, "gebaeudealter_2026": 131.0, "gebaeude_nutzung": "Gebäude Wohnen", "qualitaet": "AV93", "bev_pers_n": 120.0, "bev_dichte_pha": 120.0 }, "geometry": { "type": "Point", "coordinates": [ 8.526888586670799, 47.373485013014069 ] } },
{ "type": "Feature", "properties": { "egid_int": 148394, "strasse": "Badenerstrasse", "hausnummer": "71", "plz": 8004.0, "ortschaft": "Zürich", "baujahr": 1896.0, "grundflaeche_m2": 197.634224, "gebaeudealter_2026": 130.0, "gebaeude_nutzung": "Gebäude Wohnen", "qualitaet": "AV93", "bev_pers_n": 120.0, "bev_dichte_pha": 120.0 }, "geometry": { "type": "Point", "coordinates": [ 8.526746800443226, 47.373515717818584 ] } },
{ "type": "Feature", "properties": { "egid_int": 148395, "strasse": "Badenerstrasse", "hausnummer": "75", "plz": 8004.0, "ortschaft": "Zürich", "baujahr": 1899.0, "grundflaeche_m2": 314.554951, "gebaeudealter_2026": 127.0, "gebaeude_nutzung": "Gebäude Verwaltung", "qualitaet": "AV93", "bev_pers_n": 120.0, "bev_dichte_pha": 120.0 }, "geometry": { "type": "Point", "coordinates": [ 8.526608084795694, 47.373572308474593 ] } },
{ "type": "Feature", "properties": { "egid_int": 148396, "strasse": "Badenerstrasse", "hausnummer": "79", "plz": 8004.0, "ortschaft": "Zürich", "baujahr": 1893.0, "grundflaeche_m2": 243.4711445, "gebaeudealter_2026": 133.0, "gebaeude_nutzung": "Gebäude Wohnen", "qualitaet": "AV93", "bev_pers_n": 120.0, "bev_dichte_pha": 120.0 }, "geometry": { "type": "Point", "coordinates": [ 8.526413786411656, 47.373646702036503 ] } },
{ "type": "Feature", "properties": { "egid_int": 148397, "strasse": "Cramerstrasse", "hausnummer": "12", "plz": 8004.0, "ortschaft": "Zürich", "baujahr": 1892.0, "grundflaeche_m2": 191.152829, "gebaeudealter_2026": 134.0, "gebaeude_nutzung": "Gebäude Wohnen", "qualitaet": "AV93", "bev_pers_n": 120.0, "bev_dichte_pha": 120.0 }, "geometry": { "type": "Point", "coordinates": [ 8.526234892961378, 47.373354695824013 ] } },
{ "type": "Feature", "properties": { "egid_int": 148398, "strasse": "Cramerstrasse", "hausnummer": "16", "plz": 8004.0, "ortschaft": "Zürich", "baujahr": 1893.0, "grundflaeche_m2": 125.8934255, "gebaeudealter_2026": 133.0, "gebaeude_nutzung": "Gebäude Wohnen", "qualitaet": "AV93", "bev_pers_n": 120.0, "bev_dichte_pha": 120.0 }, "geometry": { "type": "Point", "coordinates": [ 8.526301627572435, 47.373522636051561 ] } },
{ "type": "Feature", "properties": { "egid_int": 148399, "strasse": "Freyastrasse", "hausnummer": "3", "plz": 8004.0, "ortschaft": "Zürich", "baujahr": 1888.0, "grundflaeche_m2": 157.845236, "gebaeudealter_2026": 138.0, "gebaeude_nutzung": "Gebäude Wohnen", "qualitaet": "AV93", "bev_pers_n": 139.0, "bev_dichte_pha": 139.0 }, "geometry": { "type": "Point", "coordinates": [ 8.524549830495848, 47.371545232274897 ] } },
{ "type": "Feature", "properties": { "egid_int": 148400, "strasse": "Freyastrasse", "hausnummer": "7", "plz": 8004.0, "ortschaft": "Zürich", "baujahr": 1893.0, "grundflaeche_m2": 239.990189, "gebaeudealter_2026": 133.0, "gebaeude_nutzung": "Gebäude Wohnen", "qualitaet": "AV93", "bev_pers_n": 139.0, "bev_dichte_pha": 139.0 }, "geometry": { "type": "Point", "coordinates": [ 8.524369406939007, 47.371703821331991 ] } },
{ "type": "Feature", "properties": { "egid_int": 148401, "strasse": "Freyastrasse", "hausnummer": "9", "plz": 8004.0, "ortschaft": "Zürich", "baujahr": 1896.0, "grundflaeche_m2": 143.5912805, "gebaeudealter_2026": 130.0, "gebaeude_nutzung": "Gebäude Wohnen", "qualitaet": "AV93", "bev_pers_n": 78.0, "bev_dichte_pha": 78.0 }, "geometry": { "type": "Point", "coordinates": [ 8.523785550386553, 47.371941741979256 ] } },
{ "type": "Feature", "properties": { "egid_int": 148402, "strasse": "Freyastrasse", "hausnummer": "11", "plz": 8004.0, "ortschaft": "Zürich", "baujahr": 1895.0, "grundflaeche_m2": 216.6963335, "gebaeudealter_2026": 131.0, "gebaeude_nutzung": "Gebäude Wohnen", "qualitaet": "AV93", "bev_pers_n": 78.0, "bev_dichte_pha": 78.0 }, "geometry": { "type": "Point", "coordinates": [ 8.524149390407858, 47.371894229138107 ] } },
{ "type": "Feature", "properties": { "egid_int": 148403, "strasse": "Freyastrasse", "hausnummer": "15", "plz": 8004.0, "ortschaft": "Zürich", "baujahr": 1895.0, "grundflaeche_m2": 136.7372415, "gebaeudealter_2026": 131.0, "gebaeude_nutzung": "Gebäude Wohnen", "qualitaet": "AV93", "bev_pers_n": 78.0, "bev_dichte_pha": 78.0 }, "geometry": { "type": "Point", "coordinates": [ 8.524028820087796, 47.372002359169826 ] } },
{ "type": "Feature", "properties": { "egid_int": 148404, "strasse": "Freyastrasse", "hausnummer": "16", "plz": 8004.0, "ortschaft": "Zürich", "baujahr": 1888.0, "grundflaeche_m2": 147.8584715, "gebaeudealter_2026": 138.0, "gebaeude_nutzung": "Gebäude Wohnen", "qualitaet": "AV93", "bev_pers_n": 78.0, "bev_dichte_pha": 78.0 }, "geometry": { "type": "Point", "coordinates": [ 8.524287752760095, 47.372190307520206 ] } },
{ "type": "Feature", "properties": { "egid_int": 148406, "strasse": "Freyastrasse", "hausnummer": "19", "plz": 8004.0, "ortschaft": "Zürich", "baujahr": 1891.0, "grundflaeche_m2": 178.901221, "gebaeudealter_2026": 135.0, "gebaeude_nutzung": "Gebäude Wohnen", "qualitaet": "AV93", "bev_pers_n": 78.0, "bev_dichte_pha": 78.0 }, "geometry": { "type": "Point", "coordinates": [ 8.523829149878411, 47.372180260811383 ] } },
{ "type": "Feature", "properties": { "egid_int": 148407, "strasse": "Freyastrasse", "hausnummer": "20", "plz": 8004.0, "ortschaft": "Zürich", "baujahr": 1888.0, "grundflaeche_m2": 184.3781485, "gebaeudealter_2026": 138.0, "gebaeude_nutzung": "Gebäude Wohnen", "qualitaet": "AV93", "bev_pers_n": 187.0, "bev_dichte_pha": 187.0 }, "geometry": { "type": "Point", "coordinates": [ 8.524093374386799, 47.372345213315562 ] } },
{ "type": "Feature", "properties": { "egid_int": 148408, "strasse": "Freyastrasse", "hausnummer": "21", "plz": 8004.0, "ortschaft": "Zürich", "baujahr": 1891.0, "grundflaeche_m2": 138.281789, "gebaeudealter_2026": 135.0, "gebaeude_nutzung": "Gebäude Wohnen", "qualitaet": "AV93", "bev_pers_n": 78.0, "bev_dichte_pha": 78.0 }, "geometry": { "type": "Point", "coordinates": [ 8.523717674433303, 47.372289663312955 ] } },
{ "type": "Feature", "properties": { "egid_int": 148409, "strasse": "Freyastrasse", "hausnummer": "4", "plz": 8004.0, "ortschaft": "Zürich", "baujahr": 1889.0, "grundflaeche_m2": 141.249385, "gebaeudealter_2026": 137.0, "gebaeude_nutzung": "Gebäude Wohnen", "qualitaet": "AV93", "bev_pers_n": 139.0, "bev_dichte_pha": 139.0 }, "geometry": { "type": "Point", "coordinates": [ 8.524767913704595, 47.37177800851633 ] } },
{ "type": "Feature", "properties": { "egid_int": 148410, "strasse": "Freyastrasse", "hausnummer": "6", "plz": 8004.0, "ortschaft": "Zürich", "baujahr": 1889.0, "grundflaeche_m2": 141.893668, "gebaeudealter_2026": 137.0, "gebaeude_nutzung": "Gebäude Wohnen", "qualitaet": "AV93", "bev_pers_n": 139.0, "bev_dichte_pha": 139.0 }, "geometry": { "type": "Point", "coordinates": [ 8.524667832991, 47.371854490613217 ] } },
{ "type": "Feature", "properties": { "egid_int": 148411, "strasse": "Freyastrasse", "hausnummer": "8", "plz": 8004.0, "ortschaft": "Zürich", "baujahr": 1952.0, "grundflaeche_m2": 162.5106015, "gebaeudealter_2026": 74.0, "gebaeude_nutzung": "Gebäude Wohnen", "qualitaet": "AV93", "bev_pers_n": 139.0, "bev_dichte_pha": 139.0 }, "geometry": { "type": "Point", "coordinates": [ 8.524577744209031, 47.371941133120771 ] } },
{ "type": "Feature", "properties": { "egid_int": 148412, "strasse": "Zweierstrasse", "hausnummer": "35", "plz": 8004.0, "ortschaft": "Zürich", "baujahr": 1956.0, "grundflaeche_m2": 484.1561495, "gebaeudealter_2026": 70.0, "gebaeude_nutzung": "Gebäude Verwaltung", "qualitaet": "AV93", "bev_pers_n": 215.0, "bev_dichte_pha": 215.0 }, "geometry": { "type": "Point", "coordinates": [ 8.525577297456316, 47.372659490969561 ] } },
{ "type": "Feature", "properties": { "egid_int": 148413, "strasse": "Zweierstrasse", "hausnummer": "55", "plz": 8004.0, "ortschaft": "Zürich", "baujahr": 1890.0, "grundflaeche_m2": 107.10438669, "gebaeudealter_2026": 136.0, "gebaeude_nutzung": "Gebäude Wohnen", "qualitaet": "AV93", "bev_pers_n": 187.0, "bev_dichte_pha": 187.0 }, "geometry": { "type": "Point", "coordinates": [ 8.524293633115159, 47.372404911856933 ] } },
{ "type": "Feature", "properties": { "egid_int": 148414, "strasse": "Birmensdorferstrasse", "hausnummer": "34", "plz": 8004.0, "ortschaft": "Zürich", "baujahr": 1894.0, "grundflaeche_m2": 149.448834, "gebaeudealter_2026": 132.0, "gebaeude_nutzung": "Gebäude Wohnen", "qualitaet": "AV93", "bev_pers_n": 111.0, "bev_dichte_pha": 111.0 }, "geometry": { "type": "Point", "coordinates": [ 8.526288525216854, 47.372180318085562 ] } },
{ "type": "Feature", "properties": { "egid_int": 148415, "strasse": "Birmensdorferstrasse", "hausnummer": "38", "plz": 8004.0, "ortschaft": "Zürich", "baujahr": 1893.0, "grundflaeche_m2": 219.878653, "gebaeudealter_2026": 133.0, "gebaeude_nutzung": "Gebäude Wohnen", "qualitaet": "AV93", "bev_pers_n": 111.0, "bev_dichte_pha": 111.0 }, "geometry": { "type": "Point", "coordinates": [ 8.526121818974488, 47.372093393681951 ] } },
{ "type": "Feature", "properties": { "egid_int": 148417, "strasse": "Birmensdorferstrasse", "hausnummer": "56", "plz": 8004.0, "ortschaft": "Zürich", "baujahr": 1941.0, "grundflaeche_m2": 139.5237785, "gebaeudealter_2026": 85.0, "gebaeude_nutzung": "Gebäude Wohnen", "qualitaet": "AV93", "bev_pers_n": 139.0, "bev_dichte_pha": 139.0 }, "geometry": { "type": "Point", "coordinates": [ 8.52507842877292, 47.371707058112953 ] } },
{ "type": "Feature", "properties": { "egid_int": 148418, "strasse": "Birmensdorferstrasse", "hausnummer": "58", "plz": 8004.0, "ortschaft": "Zürich", "baujahr": 1889.0, "grundflaeche_m2": 255.0520015, "gebaeudealter_2026": 137.0, "gebaeude_nutzung": "Gebäude Wohnen", "qualitaet": "AV93", "bev_pers_n": 139.0, "bev_dichte_pha": 139.0 }, "geometry": { "type": "Point", "coordinates": [ 8.524886713682227, 47.371681866847041 ] } },
{ "type": "Feature", "properties": { "egid_int": 148419, "strasse": "Gartenhofstrasse", "hausnummer": "1", "plz": 8004.0, "ortschaft": "Zürich", "baujahr": 1877.0, "grundflaeche_m2": 230.6607555, "gebaeudealter_2026": 149.0, "gebaeude_nutzung": "Gebäude Wohnen", "qualitaet": "AV93", "bev_pers_n": 139.0, "bev_dichte_pha": 139.0 }, "geometry": { "type": "Point", "coordinates": [ 8.525588714357873, 47.371894689991123 ] } },
{ "type": "Feature", "properties": { "egid_int": 148420, "strasse": "Gartenhofstrasse", "hausnummer": "7", "plz": 8004.0, "ortschaft": "Zürich", "baujahr": 1863.0, "grundflaeche_m2": 157.3169895, "gebaeudealter_2026": 163.0, "gebaeude_nutzung": "Gebäude Wohnen", "qualitaet": "AV93", "bev_pers_n": 139.0, "bev_dichte_pha": 139.0 }, "geometry": { "type": "Point", "coordinates": [ 8.525504996649875, 47.372107348955957 ] } },
{ "type": "Feature", "properties": { "egid_int": 148421, "strasse": "Gartenhofstrasse", "hausnummer": "19", "plz": 8004.0, "ortschaft": "Zürich", "baujahr": 1864.0, "grundflaeche_m2": 153.371781, "gebaeudealter_2026": 162.0, "gebaeude_nutzung": "Gebäude Wohnen", "qualitaet": "AV93", "bev_pers_n": 215.0, "bev_dichte_pha": 215.0 }, "geometry": { "type": "Point", "coordinates": [ 8.524962210797677, 47.372510741152567 ] } },
{ "type": "Feature", "properties": { "egid_int": 148422, "strasse": "Gartenhofstrasse", "hausnummer": "21", "plz": 8004.0, "ortschaft": "Zürich", "baujahr": 1894.0, "grundflaeche_m2": 130.486584, "gebaeudealter_2026": 132.0, "gebaeude_nutzung": "Gebäude Wohnen", "qualitaet": "AV93", "bev_pers_n": 215.0, "bev_dichte_pha": 215.0 }, "geometry": { "type": "Point", "coordinates": [ 8.525115608191019, 47.372567748688603 ] } },
{ "type": "Feature", "properties": { "egid_int": 148423, "strasse": "Birmensdorferstrasse", "hausnummer": "32", "plz": 8004.0, "ortschaft": "Zürich", "baujahr": 1897.0, "grundflaeche_m2": 210.5589695, "gebaeudealter_2026": 129.0, "gebaeude_nutzung": "Gebäude Wohnen", "qualitaet": "AV93", "bev_pers_n": 111.0, "bev_dichte_pha": 111.0 }, "geometry": { "type": "Point", "coordinates": [ 8.526399939134604, 47.372284242040202 ] } },
{ "type": "Feature", "properties": { "egid_int": 148424, "strasse": "Cramerstrasse", "hausnummer": "2", "plz": 8004.0, "ortschaft": "Zürich", "baujahr": 1885.0, "grundflaeche_m2": 116.4281825, "gebaeudealter_2026": 141.0, "gebaeude_nutzung": "Gebäude Wohnen", "qualitaet": "AV93", "bev_pers_n": 204.0, "bev_dichte_pha": 204.0 }, "geometry": { "type": "Point", "coordinates": [ 8.52607520900594, 47.373007233449798 ] } },
{ "type": "Feature", "properties": { "egid_int": 148425, "strasse": "Cramerstrasse", "hausnummer": "6", "plz": 8004.0, "ortschaft": "Zürich", "baujahr": 1885.0, "grundflaeche_m2": 90.3799375, "gebaeudealter_2026": 141.0, "gebaeude_nutzung": "Gebäude Wohnen", "qualitaet": "AV93", "bev_pers_n": 204.0, "bev_dichte_pha": 204.0 }, "geometry": { "type": "Point", "coordinates": [ 8.526114935907426, 47.373084595296355 ] } },
{ "type": "Feature", "properties": { "egid_int": 148426, "strasse": "Grüngasse", "hausnummer": "2", "plz": 8004.0, "ortschaft": "Zürich", "baujahr": 1938.0, "grundflaeche_m2": 287.0594495, "gebaeudealter_2026": 88.0, "gebaeude_nutzung": "Gebäude Verwaltung", "qualitaet": "AV93", "bev_pers_n": 204.0, "bev_dichte_pha": 204.0 }, "geometry": { "type": "Point", "coordinates": [ 8.526505884125319, 47.37255227949246 ] } },
{ "type": "Feature", "properties": { "egid_int": 148427, "strasse": "Grüngasse", "hausnummer": "3", "plz": 8004.0, "ortschaft": "Zürich", "baujahr": 1891.0, "grundflaeche_m2": 110.230325, "gebaeudealter_2026": 135.0, "gebaeude_nutzung": "Gebäude Wohnen", "qualitaet": "AV93", "bev_pers_n": 204.0, "bev_dichte_pha": 204.0 }, "geometry": { "type": "Point", "coordinates": [ 8.526287003081938, 47.372371784676808 ] } },
{ "type": "Feature", "properties": { "egid_int": 148428, "strasse": "Grüngasse", "hausnummer": "4", "plz": 8004.0, "ortschaft": "Zürich", "baujahr": 1957.0, "grundflaeche_m2": 165.230348, "gebaeudealter_2026": 69.0, "gebaeude_nutzung": "Gebäude Wohnen", "qualitaet": "AV93", "bev_pers_n": 204.0, "bev_dichte_pha": 204.0 }, "geometry": { "type": "Point", "coordinates": [ 8.526311738106834, 47.372671602152828 ] } },
{ "type": "Feature", "properties": { "egid_int": 148429, "strasse": "Grüngasse", "hausnummer": "5", "plz": 8004.0, "ortschaft": "Zürich", "baujahr": 1891.0, "grundflaeche_m2": 110.2177715, "gebaeudealter_2026": 135.0, "gebaeude_nutzung": "Gebäude Wohnen", "qualitaet": "AV93", "bev_pers_n": 204.0, "bev_dichte_pha": 204.0 }, "geometry": { "type": "Point", "coordinates": [ 8.526190967338165, 47.372434899226242 ] } },
{ "type": "Feature", "properties": { "egid_int": 148430, "strasse": "Grüngasse", "hausnummer": "7", "plz": 8004.0, "ortschaft": "Zürich", "baujahr": 1893.0, "grundflaeche_m2": 245.6994215, "gebaeudealter_2026": 133.0, "gebaeude_nutzung": "Gebäude Wohnen", "qualitaet": "AV93", "bev_pers_n": 204.0, "bev_dichte_pha": 204.0 }, "geometry": { "type": "Point", "coordinates": [ 8.526045057443921, 47.372526224192988 ] } },
{ "type": "Feature", "properties": { "egid_int": 148431, "strasse": "Zweierstrasse", "hausnummer": "3", "plz": 8004.0, "ortschaft": "Zürich", "baujahr": 1862.0, "grundflaeche_m2": 97.421327, "gebaeudealter_2026": 164.0, "gebaeude_nutzung": "Gebäude Wohnen", "qualitaet": "AV93", "bev_pers_n": 212.0, "bev_dichte_pha": 212.0 }, "geometry": { "type": "Point", "coordinates": [ 8.527484378846561, 47.373021591433002 ] } },
{ "type": "Feature", "properties": { "egid_int": 148432, "strasse": "Zweierstrasse", "hausnummer": "9", "plz": 8004.0, "ortschaft": "Zürich", "baujahr": 1863.0, "grundflaeche_m2": 199.505981, "gebaeudealter_2026": 163.0, "gebaeude_nutzung": "Gebäude Wohnen", "qualitaet": "AV93", "bev_pers_n": 212.0, "bev_dichte_pha": 212.0 }, "geometry": { "type": "Point", "coordinates": [ 8.52719553809413, 47.372950023109688 ] } },
{ "type": "Feature", "properties": { "egid_int": 148433, "strasse": "Zweierstrasse", "hausnummer": "15", "plz": 8004.0, "ortschaft": "Zürich", "baujahr": 1894.0, "grundflaeche_m2": 213.111118, "gebaeudealter_2026": 132.0, "gebaeude_nutzung": "Gebäude Wohnen", "qualitaet": "AV93", "bev_pers_n": 204.0, "bev_dichte_pha": 204.0 }, "geometry": { "type": "Point", "coordinates": [ 8.526953007313644, 47.37290394169711 ] } },
{ "type": "Feature", "properties": { "egid_int": 148434, "strasse": "Zweierstrasse", "hausnummer": "18", "plz": 8004.0, "ortschaft": "Zürich", "baujahr": 1880.0, "grundflaeche_m2": 123.2176205, "gebaeudealter_2026": 146.0, "gebaeude_nutzung": "Gebäude Wohnen", "qualitaet": "AV93", "bev_pers_n": 204.0, "bev_dichte_pha": 204.0 }, "geometry": { "type": "Point", "coordinates": [ 8.526600719888432, 47.373073292413224 ] } },
{ "type": "Feature", "properties": { "egid_int": 148435, "strasse": "Zweierstrasse", "hausnummer": "20", "plz": 8004.0, "ortschaft": "Zürich", "baujahr": 1880.0, "grundflaeche_m2": 138.496586, "gebaeudealter_2026": 146.0, "gebaeude_nutzung": "Gebäude Wohnen", "qualitaet": "AV93", "bev_pers_n": 204.0, "bev_dichte_pha": 204.0 }, "geometry": { "type": "Point", "coordinates": [ 8.526386075094454, 47.373161505207804 ] } },
{ "type": "Feature", "properties": { "egid_int": 148436, "strasse": "Zweierstrasse", "hausnummer": "22", "plz": 8004.0, "ortschaft": "Zürich", "baujahr": 1881.0, "grundflaeche_m2": 126.054295, "gebaeudealter_2026": 145.0, "gebaeude_nutzung": "Gebäude Wohnen", "qualitaet": "AV93", "bev_pers_n": 204.0, "bev_dichte_pha": 204.0 }, "geometry": { "type": "Point", "coordinates": [ 8.526359913111579, 47.37303058467915 ] } },
{ "type": "Feature", "properties": { "egid_int": 148437, "strasse": "Zweierstrasse", "hausnummer": "24", "plz": 8004.0, "ortschaft": "Zürich", "baujahr": 1885.0, "grundflaeche_m2": 83.458320255000004, "gebaeudealter_2026": 141.0, "gebaeude_nutzung": "Gebäude Wohnen", "qualitaet": "AV93", "bev_pers_n": 204.0, "bev_dichte_pha": 204.0 }, "geometry": { "type": "Point", "coordinates": [ 8.5261963008442, 47.372996792425745 ] } },
{ "type": "Feature", "properties": { "egid_int": 148438, "strasse": "Stauffacherquai", "hausnummer": "1", "plz": 8004.0, "ortschaft": "Zürich", "baujahr": 1870.0, "grundflaeche_m2": 161.5330015, "gebaeudealter_2026": 156.0, "gebaeude_nutzung": "Gebäude Gastgewerbe", "qualitaet": "AV93", "bev_pers_n": 113.0, "bev_dichte_pha": 113.0 }, "geometry": { "type": "Point", "coordinates": [ 8.531683763590653, 47.37318057770424 ] } },
{ "type": "Feature", "properties": { "egid_int": 148439, "strasse": "Stauffacherquai", "hausnummer": "3", "plz": 8004.0, "ortschaft": "Zürich", "baujahr": 1872.0, "grundflaeche_m2": 145.637386, "gebaeudealter_2026": 154.0, "gebaeude_nutzung": "Gebäude Wohnen", "qualitaet": "AV93", "bev_pers_n": 113.0, "bev_dichte_pha": 113.0 }, "geometry": { "type": "Point", "coordinates": [ 8.53162069121999, 47.373080977761958 ] } },
{ "type": "Feature", "properties": { "egid_int": 148442, "strasse": "Werdstrasse", "hausnummer": "4", "plz": 8004.0, "ortschaft": "Zürich", "baujahr": 1988.0, "grundflaeche_m2": 365.18781310499998, "gebaeudealter_2026": 38.0, "gebaeude_nutzung": "Gebäude Wohnen", "qualitaet": "AV93", "bev_pers_n": 63.0, "bev_dichte_pha": 63.0 }, "geometry": { "type": "Point", "coordinates": [ 8.530850350202925, 47.373091718599589 ] } },
{ "type": "Feature", "properties": { "egid_int": 148443, "strasse": "Werdstrasse", "hausnummer": "34", "plz": 8004.0, "ortschaft": "Zürich", "baujahr": 1941.0, "grundflaeche_m2": 439.9669875, "gebaeudealter_2026": 85.0, "gebaeude_nutzung": "Gebäude Wohnen", "qualitaet": "AV93", "bev_pers_n": 63.0, "bev_dichte_pha": 63.0 }, "geometry": { "type": "Point", "coordinates": [ 8.529777743899075, 47.372872084301534 ] } },
{ "type": "Feature", "properties": { "egid_int": 148444, "strasse": "Stauffacherstrasse", "hausnummer": "8", "plz": 8004.0, "ortschaft": "Zürich", "baujahr": 1973.0, "grundflaeche_m2": 768.590254, "gebaeudealter_2026": 53.0, "gebaeude_nutzung": "Gebäude Verwaltung", "qualitaet": "AV93", "bev_pers_n": 195.0, "bev_dichte_pha": 195.0 }, "geometry": { "type": "Point", "coordinates": [ 8.529977420802455, 47.371927013389282 ] } },
{ "type": "Feature", "properties": { "egid_int": 148446, "strasse": "Stauffacherstrasse", "hausnummer": "16", "plz": 8004.0, "ortschaft": "Zürich", "baujahr": 1963.0, "grundflaeche_m2": 837.01430599000003, "gebaeudealter_2026": 63.0, "gebaeude_nutzung": "Gebäude Verwaltung", "qualitaet": "AV93", "bev_pers_n": 63.0, "bev_dichte_pha": 63.0 }, "geometry": { "type": "Point", "coordinates": [ 8.529680511431513, 47.372346104012202 ] } },
{ "type": "Feature", "properties": { "egid_int": 148447, "strasse": "Stauffacherstrasse", "hausnummer": "26", "plz": 8004.0, "ortschaft": "Zürich", "baujahr": 1912.0, "grundflaeche_m2": 325.5528345, "gebaeudealter_2026": 114.0, "gebaeude_nutzung": "Gebäude Wohnen", "qualitaet": "AV93", "bev_pers_n": 92.0, "bev_dichte_pha": 92.0 }, "geometry": { "type": "Point", "coordinates": [ 8.529363991283674, 47.373132964899476 ] } },
{ "type": "Feature", "properties": { "egid_int": 148448, "strasse": "Stauffacherstrasse", "hausnummer": "28", "plz": 8004.0, "ortschaft": "Zürich", "baujahr": 1956.0, "grundflaeche_m2": 261.845545, "gebaeudealter_2026": 70.0, "gebaeude_nutzung": "Gebäude Verwaltung", "qualitaet": "AV93", "bev_pers_n": 65.0, "bev_dichte_pha": 65.0 }, "geometry": { "type": "Point", "coordinates": [ 8.529316344409365, 47.373315260319806 ] } },
{ "type": "Feature", "properties": { "egid_int": 148449, "strasse": "Badenerstrasse", "hausnummer": "21", "plz": 8004.0, "ortschaft": "Zürich", "baujahr": 1911.0, "grundflaeche_m2": 574.2126825, "gebaeudealter_2026": 115.0, "gebaeude_nutzung": "Gebäude Verwaltung", "qualitaet": "AV93", "bev_pers_n": 92.0, "bev_dichte_pha": 92.0 }, "geometry": { "type": "Point", "coordinates": [ 8.529824446018642, 47.373414112370199 ] } },
{ "type": "Feature", "properties": { "egid_int": 148451, "strasse": "Badenerstrasse", "hausnummer": "41", "plz": 8004.0, "ortschaft": "Zürich", "baujahr": 1912.0, "grundflaeche_m2": 409.7188605, "gebaeudealter_2026": 114.0, "gebaeude_nutzung": "Gebäude Wohnen", "qualitaet": "AV93", "bev_pers_n": 65.0, "bev_dichte_pha": 65.0 }, "geometry": { "type": "Point", "coordinates": [ 8.528836430662148, 47.373226511388438 ] } },
{ "type": "Feature", "properties": { "egid_int": 148452, "strasse": "Badenerstrasse", "hausnummer": "47", "plz": 8004.0, "ortschaft": "Zürich", "baujahr": 1985.0, "grundflaeche_m2": 1101.9902165000001, "gebaeudealter_2026": 41.0, "gebaeude_nutzung": "Gebäude Wohnen", "qualitaet": "AV93", "bev_pers_n": 92.0, "bev_dichte_pha": 92.0 }, "geometry": { "type": "Point", "coordinates": [ 8.528548024088916, 47.373175676096523 ] } },
{ "type": "Feature", "properties": { "egid_int": 148453, "strasse": "Werdstrasse", "hausnummer": "40", "plz": 8004.0, "ortschaft": "Zürich", "baujahr": 1938.0, "grundflaeche_m2": 176.2979315, "gebaeudealter_2026": 88.0, "gebaeude_nutzung": "Gebäude Wohnen", "qualitaet": "AV93", "bev_pers_n": 92.0, "bev_dichte_pha": 92.0 }, "geometry": { "type": "Point", "coordinates": [ 8.529014464095162, 47.37273073752803 ] } },
{ "type": "Feature", "properties": { "egid_int": 148454, "strasse": "Stauffacherstrasse", "hausnummer": "25", "plz": 8004.0, "ortschaft": "Zürich", "baujahr": 1933.0, "grundflaeche_m2": 229.0241515, "gebaeudealter_2026": 93.0, "gebaeude_nutzung": "Gebäude Wohnen", "qualitaet": "AV93", "bev_pers_n": 92.0, "bev_dichte_pha": 92.0 }, "geometry": { "type": "Point", "coordinates": [ 8.528996991017756, 47.372870830692392 ] } },
{ "type": "Feature", "properties": { "egid_int": 148455, "strasse": "Stauffacherstrasse", "hausnummer": "27", "plz": 8004.0, "ortschaft": "Zürich", "baujahr": 1986.0, "grundflaeche_m2": 193.4310215, "gebaeudealter_2026": 40.0, "gebaeude_nutzung": "Gebäude Wohnen", "qualitaet": "AV93", "bev_pers_n": 92.0, "bev_dichte_pha": 92.0 }, "geometry": { "type": "Point", "coordinates": [ 8.528938680390244, 47.373004410064162 ] } },
{ "type": "Feature", "properties": { "egid_int": 148456, "strasse": "Strassburgstrasse", "hausnummer": "10", "plz": 8004.0, "ortschaft": "Zürich", "baujahr": 1950.0, "grundflaeche_m2": 338.72473342500001, "gebaeudealter_2026": 76.0, "gebaeude_nutzung": "Gebäude Wohnen", "qualitaet": "AV93", "bev_pers_n": 92.0, "bev_dichte_pha": 92.0 }, "geometry": { "type": "Point", "coordinates": [ 8.528728124396164, 47.372754947538205 ] } },
{ "type": "Feature", "properties": { "egid_int": 148457, "strasse": "Strassburgstrasse", "hausnummer": "15", "plz": 8004.0, "ortschaft": "Zürich", "baujahr": 1939.0, "grundflaeche_m2": 313.293263, "gebaeudealter_2026": 87.0, "gebaeude_nutzung": "Gebäude Wohnen", "qualitaet": "AV93", "bev_pers_n": 212.0, "bev_dichte_pha": 212.0 }, "geometry": { "type": "Point", "coordinates": [ 8.528221061014991, 47.372733034244163 ] } },
{ "type": "Feature", "properties": { "egid_int": 148458, "strasse": "Strassburgstrasse", "hausnummer": "17", "plz": 8004.0, "ortschaft": "Zürich", "baujahr": 1944.0, "grundflaeche_m2": 182.81729816500001, "gebaeudealter_2026": 82.0, "gebaeude_nutzung": "Gebäude Wohnen", "qualitaet": "AV93", "bev_pers_n": 212.0, "bev_dichte_pha": 212.0 }, "geometry": { "type": "Point", "coordinates": [ 8.528028796811094, 47.372875603463257 ] } },
{ "type": "Feature", "properties": { "egid_int": 148459, "strasse": "Birmensdorferstrasse", "hausnummer": "5", "plz": 8004.0, "ortschaft": "Zürich", "baujahr": 1955.0, "grundflaeche_m2": 218.7304995, "gebaeudealter_2026": 71.0, "gebaeude_nutzung": "Gebäude Wohnen", "qualitaet": "AV93", "bev_pers_n": 212.0, "bev_dichte_pha": 212.0 }, "geometry": { "type": "Point", "coordinates": [ 8.52768476328289, 47.372861585991764 ] } },
{ "type": "Feature", "properties": { "egid_int": 148460, "strasse": "Birmensdorferstrasse", "hausnummer": "13", "plz": 8004.0, "ortschaft": "Zürich", "baujahr": 1976.0, "grundflaeche_m2": 194.7767075, "gebaeudealter_2026": 50.0, "gebaeude_nutzung": "Gebäude Wohnen", "qualitaet": "AV93", "bev_pers_n": 212.0, "bev_dichte_pha": 212.0 }, "geometry": { "type": "Point", "coordinates": [ 8.527446028979437, 47.372762812350011 ] } },
{ "type": "Feature", "properties": { "egid_int": 148461, "strasse": "Birmensdorferstrasse", "hausnummer": "15", "plz": 8004.0, "ortschaft": "Zürich", "baujahr": 1900.0, "grundflaeche_m2": 135.34512115499999, "gebaeudealter_2026": 126.0, "gebaeude_nutzung": "Gebäude Wohnen", "qualitaet": "AV93", "bev_pers_n": 212.0, "bev_dichte_pha": 212.0 }, "geometry": { "type": "Point", "coordinates": [ 8.527251773925794, 47.372590155831027 ] } },
{ "type": "Feature", "properties": { "egid_int": 148462, "strasse": "Birmensdorferstrasse", "hausnummer": "17", "plz": 8004.0, "ortschaft": "Zürich", "baujahr": 1897.0, "grundflaeche_m2": 107.24985184499999, "gebaeudealter_2026": 129.0, "gebaeude_nutzung": "Gebäude Verwaltung", "qualitaet": "AV93", "bev_pers_n": 212.0, "bev_dichte_pha": 212.0 }, "geometry": { "type": "Point", "coordinates": [ 8.527133396035772, 47.372646555484401 ] } },
{ "type": "Feature", "properties": { "egid_int": 148463, "strasse": "Birmensdorferstrasse", "hausnummer": "19", "plz": 8004.0, "ortschaft": "Zürich", "baujahr": 1897.0, "grundflaeche_m2": 123.527689, "gebaeudealter_2026": 129.0, "gebaeude_nutzung": "Gebäude Verwaltung", "qualitaet": "AV93", "bev_pers_n": 212.0, "bev_dichte_pha": 212.0 }, "geometry": { "type": "Point", "coordinates": [ 8.527030284838403, 47.372578426558192 ] } },
{ "type": "Feature", "properties": { "egid_int": 148464, "strasse": "Birmensdorferstrasse", "hausnummer": "21", "plz": 8004.0, "ortschaft": "Zürich", "baujahr": 1896.0, "grundflaeche_m2": 132.096119765, "gebaeudealter_2026": 130.0, "gebaeude_nutzung": "Gebäude Wohnen", "qualitaet": "AV93", "bev_pers_n": 204.0, "bev_dichte_pha": 204.0 }, "geometry": { "type": "Point", "coordinates": [ 8.526908768259849, 47.372481101864835 ] } },
{ "type": "Feature", "properties": { "egid_int": 148465, "strasse": "Werdstrasse", "hausnummer": "62", "plz": 8004.0, "ortschaft": "Zürich", "baujahr": 1976.0, "grundflaeche_m2": 119.646173, "gebaeudealter_2026": 50.0, "gebaeude_nutzung": "Gebäude Wohnen", "qualitaet": "AV93", "bev_pers_n": 212.0, "bev_dichte_pha": 212.0 }, "geometry": { "type": "Point", "coordinates": [ 8.527649727242107, 47.372650332948361 ] } },
{ "type": "Feature", "properties": { "egid_int": 148466, "strasse": "Werdstrasse", "hausnummer": "66", "plz": 8004.0, "ortschaft": "Zürich", "baujahr": 1933.0, "grundflaeche_m2": 211.8496215, "gebaeudealter_2026": 93.0, "gebaeude_nutzung": "Gebäude Wohnen", "qualitaet": "AV93", "bev_pers_n": 212.0, "bev_dichte_pha": 212.0 }, "geometry": { "type": "Point", "coordinates": [ 8.52738516319668, 47.372618483580496 ] } },
{ "type": "Feature", "properties": { "egid_int": 148467, "strasse": "Werdstrasse", "hausnummer": "53", "plz": 8004.0, "ortschaft": "Zürich", "baujahr": 1972.0, "grundflaeche_m2": 435.6057445, "gebaeudealter_2026": 54.0, "gebaeude_nutzung": "Gebäude Wohnen", "qualitaet": "AV93", "bev_pers_n": 212.0, "bev_dichte_pha": 212.0 }, "geometry": { "type": "Point", "coordinates": [ 8.528128518000669, 47.372387135987616 ] } },
{ "type": "Feature", "properties": { "egid_int": 148468, "strasse": "Werdstrasse", "hausnummer": "56", "plz": 8004.0, "ortschaft": "Zürich", "baujahr": 1933.0, "grundflaeche_m2": 147.2399665, "gebaeudealter_2026": 93.0, "gebaeude_nutzung": "Gebäude Wohnen", "qualitaet": "AV93", "bev_pers_n": 212.0, "bev_dichte_pha": 212.0 }, "geometry": { "type": "Point", "coordinates": [ 8.528008728021968, 47.372671117612356 ] } },
{ "type": "Feature", "properties": { "egid_int": 148469, "strasse": "Werdstrasse", "hausnummer": "60", "plz": 8004.0, "ortschaft": "Zürich", "baujahr": 1933.0, "grundflaeche_m2": 145.3052625, "gebaeudealter_2026": 93.0, "gebaeude_nutzung": "Gebäude Wohnen", "qualitaet": "AV93", "bev_pers_n": 212.0, "bev_dichte_pha": 212.0 }, "geometry": { "type": "Point", "coordinates": [ 8.52779994768952, 47.372659269952813 ] } },
{ "type": "Feature", "properties": { "egid_int": 148470, "strasse": "Strassburgstrasse", "hausnummer": "5", "plz": 8004.0, "ortschaft": "Zürich", "baujahr": 1952.0, "grundflaeche_m2": 351.1658185, "gebaeudealter_2026": 74.0, "gebaeude_nutzung": "Gebäude Verwaltung", "qualitaet": "AV93", "bev_pers_n": 195.0, "bev_dichte_pha": 195.0 }, "geometry": { "type": "Point", "coordinates": [ 8.528995589833512, 47.372181547150305 ] } },
{ "type": "Feature", "properties": { "egid_int": 148472, "strasse": "Werdgässchen", "hausnummer": "26", "plz": 8004.0, "ortschaft": "Zürich", "baujahr": 1974.0, "grundflaeche_m2": 330.787376, "gebaeudealter_2026": 52.0, "gebaeude_nutzung": "Gebäude Wohnen", "qualitaet": "AV93", "bev_pers_n": 38.0, "bev_dichte_pha": 38.0 }, "geometry": { "type": "Point", "coordinates": [ 8.527720177892039, 47.371740099327035 ] } },
{ "type": "Feature", "properties": { "egid_int": 148473, "strasse": "Hallwylstrasse", "hausnummer": "22", "plz": 8004.0, "ortschaft": "Zürich", "baujahr": 1893.0, "grundflaeche_m2": 302.1140855, "gebaeudealter_2026": 133.0, "gebaeude_nutzung": "Gebäude Wohnen", "qualitaet": "AV93", "bev_pers_n": 195.0, "bev_dichte_pha": 195.0 }, "geometry": { "type": "Point", "coordinates": [ 8.529172299947602, 47.371983776054044 ] } },
{ "type": "Feature", "properties": { "egid_int": 148474, "strasse": "Hallwylstrasse", "hausnummer": "30", "plz": 8004.0, "ortschaft": "Zürich", "baujahr": 1893.0, "grundflaeche_m2": 121.582114, "gebaeudealter_2026": 133.0, "gebaeude_nutzung": "Gebäude Wohnen", "qualitaet": "AV93", "bev_pers_n": 195.0, "bev_dichte_pha": 195.0 }, "geometry": { "type": "Point", "coordinates": [ 8.528862984690653, 47.371732538576012 ] } },
{ "type": "Feature", "properties": { "egid_int": 148475, "strasse": "Hallwylstrasse", "hausnummer": "34", "plz": 8004.0, "ortschaft": "Zürich", "baujahr": 1893.0, "grundflaeche_m2": 121.369343, "gebaeudealter_2026": 133.0, "gebaeude_nutzung": "Gebäude Wohnen", "qualitaet": "AV93", "bev_pers_n": 195.0, "bev_dichte_pha": 195.0 }, "geometry": { "type": "Point", "coordinates": [ 8.528771895448584, 47.371655320568422 ] } },
{ "type": "Feature", "properties": { "egid_int": 148476, "strasse": "Hallwylstrasse", "hausnummer": "36", "plz": 8004.0, "ortschaft": "Zürich", "baujahr": 1893.0, "grundflaeche_m2": 171.818849, "gebaeudealter_2026": 133.0, "gebaeude_nutzung": "Gebäude Wohnen", "qualitaet": "AV93", "bev_pers_n": 195.0, "bev_dichte_pha": 195.0 }, "geometry": { "type": "Point", "coordinates": [ 8.528674863996869, 47.371572410678176 ] } },
{ "type": "Feature", "properties": { "egid_int": 148477, "strasse": "Hallwylstrasse", "hausnummer": "40", "plz": 8004.0, "ortschaft": "Zürich", "baujahr": 1894.0, "grundflaeche_m2": 216.231763, "gebaeudealter_2026": 132.0, "gebaeude_nutzung": "Gebäude Wohnen", "qualitaet": "AV93", "bev_pers_n": 195.0, "bev_dichte_pha": 195.0 }, "geometry": { "type": "Point", "coordinates": [ 8.52850490309231, 47.371445564022217 ] } },
{ "type": "Feature", "properties": { "egid_int": 148478, "strasse": "Werdgässchen", "hausnummer": "15", "plz": 8004.0, "ortschaft": "Zürich", "baujahr": 1971.0, "grundflaeche_m2": 658.719768, "gebaeudealter_2026": 55.0, "gebaeude_nutzung": "Gebäude Verwaltung", "qualitaet": "AV93", "bev_pers_n": 195.0, "bev_dichte_pha": 195.0 }, "geometry": { "type": "Point", "coordinates": [ 8.528471717298057, 47.371946006425553 ] } },
{ "type": "Feature", "properties": { "egid_int": 148479, "strasse": "Strassburgstrasse", "hausnummer": "9", "plz": 8004.0, "ortschaft": "Zürich", "baujahr": 1973.0, "grundflaeche_m2": 399.574795, "gebaeudealter_2026": 53.0, "gebaeude_nutzung": "Gebäude Verwaltung", "qualitaet": "AV93", "bev_pers_n": 195.0, "bev_dichte_pha": 195.0 }, "geometry": { "type": "Point", "coordinates": [ 8.528718041778797, 47.372287817700297 ] } },
{ "type": "Feature", "properties": { "egid_int": 148480, "strasse": "Morgartenstrasse", "hausnummer": "22", "plz": 8004.0, "ortschaft": "Zürich", "baujahr": 1895.0, "grundflaeche_m2": 106.0579625, "gebaeudealter_2026": 131.0, "gebaeude_nutzung": "Gebäude Wohnen", "qualitaet": "AV93", "bev_pers_n": 195.0, "bev_dichte_pha": 195.0 }, "geometry": { "type": "Point", "coordinates": [ 8.528320527466201, 47.371442626119332 ] } },
{ "type": "Feature", "properties": { "egid_int": 148481, "strasse": "Morgartenstrasse", "hausnummer": "24", "plz": 8004.0, "ortschaft": "Zürich", "baujahr": 1895.0, "grundflaeche_m2": 126.861051, "gebaeudealter_2026": 131.0, "gebaeude_nutzung": "Gebäude Wohnen", "qualitaet": "AV93", "bev_pers_n": 38.0, "bev_dichte_pha": 38.0 }, "geometry": { "type": "Point", "coordinates": [ 8.52817561724871, 47.371452988257026 ] } },
{ "type": "Feature", "properties": { "egid_int": 148482, "strasse": "Morgartenstrasse", "hausnummer": "26", "plz": 8004.0, "ortschaft": "Zürich", "baujahr": 1895.0, "grundflaeche_m2": 215.3319715, "gebaeudealter_2026": 131.0, "gebaeude_nutzung": "Gebäude Wohnen", "qualitaet": "AV93", "bev_pers_n": 38.0, "bev_dichte_pha": 38.0 }, "geometry": { "type": "Point", "coordinates": [ 8.528021886680097, 47.371457433649489 ] } },
{ "type": "Feature", "properties": { "egid_int": 148483, "strasse": "Hallwylstrasse", "hausnummer": "43", "plz": 8004.0, "ortschaft": "Zürich", "baujahr": 1895.0, "grundflaeche_m2": 144.5919835, "gebaeudealter_2026": 131.0, "gebaeude_nutzung": "Gebäude Wohnen", "qualitaet": "AV93", "bev_pers_n": 144.0, "bev_dichte_pha": 144.0 }, "geometry": { "type": "Point", "coordinates": [ 8.52864503898736, 47.371155749775973 ] } },
{ "type": "Feature", "properties": { "egid_int": 148484, "strasse": "Hallwylstrasse", "hausnummer": "45", "plz": 8004.0, "ortschaft": "Zürich", "baujahr": 1895.0, "grundflaeche_m2": 119.3639315, "gebaeudealter_2026": 131.0, "gebaeude_nutzung": "Gebäude Wohnen", "qualitaet": "AV93", "bev_pers_n": 144.0, "bev_dichte_pha": 144.0 }, "geometry": { "type": "Point", "coordinates": [ 8.528555206489315, 47.371077764144999 ] } },
{ "type": "Feature", "properties": { "egid_int": 148485, "strasse": "Hallwylstrasse", "hausnummer": "47", "plz": 8004.0, "ortschaft": "Zürich", "baujahr": 1895.0, "grundflaeche_m2": 123.708662, "gebaeudealter_2026": 131.0, "gebaeude_nutzung": "Gebäude Wohnen", "qualitaet": "AV93", "bev_pers_n": 144.0, "bev_dichte_pha": 144.0 }, "geometry": { "type": "Point", "coordinates": [ 8.528463611342124, 47.371003573031842 ] } },
{ "type": "Feature", "properties": { "egid_int": 148486, "strasse": "Weberstrasse", "hausnummer": "4", "plz": 8004.0, "ortschaft": "Zürich", "baujahr": 1913.0, "grundflaeche_m2": 461.2305555, "gebaeudealter_2026": 113.0, "gebaeude_nutzung": "Gebäude Wohnen", "qualitaet": "AV93", "bev_pers_n": 27.0, "bev_dichte_pha": 27.0 }, "geometry": { "type": "Point", "coordinates": [ 8.528916006272681, 47.370320170960461 ] } },
{ "type": "Feature", "properties": { "egid_int": 148487, "strasse": "Weberstrasse", "hausnummer": "8", "plz": 8004.0, "ortschaft": "Zürich", "baujahr": 1928.0, "grundflaeche_m2": 143.573328, "gebaeudealter_2026": 98.0, "gebaeude_nutzung": "Gebäude Wohnen", "qualitaet": "AV93", "bev_pers_n": 144.0, "bev_dichte_pha": 144.0 }, "geometry": { "type": "Point", "coordinates": [ 8.52873782819548, 47.370526222190286 ] } },
{ "type": "Feature", "properties": { "egid_int": 148488, "strasse": "Weberstrasse", "hausnummer": "12", "plz": 8004.0, "ortschaft": "Zürich", "baujahr": 1895.0, "grundflaeche_m2": 180.533954, "gebaeudealter_2026": 131.0, "gebaeude_nutzung": "Gebäude Wohnen", "qualitaet": "AV93", "bev_pers_n": 144.0, "bev_dichte_pha": 144.0 }, "geometry": { "type": "Point", "coordinates": [ 8.528501564119052, 47.370756388471307 ] } },
{ "type": "Feature", "properties": { "egid_int": 148489, "strasse": "Weberstrasse", "hausnummer": "14", "plz": 8004.0, "ortschaft": "Zürich", "baujahr": 1895.0, "grundflaeche_m2": 196.7213925, "gebaeudealter_2026": 131.0, "gebaeude_nutzung": "Gebäude Wohnen", "qualitaet": "AV93", "bev_pers_n": 144.0, "bev_dichte_pha": 144.0 }, "geometry": { "type": "Point", "coordinates": [ 8.528374332474495, 47.370898884483282 ] } },
{ "type": "Feature", "properties": { "egid_int": 148490, "strasse": null, "hausnummer": null, "plz": null, "ortschaft": null, "baujahr": 1880.0, "grundflaeche_m2": 99.7197855, "gebaeudealter_2026": 146.0, "gebaeude_nutzung": "Gebäude Wohnen", "qualitaet": "AV93", "bev_pers_n": 38.0, "bev_dichte_pha": 38.0 }, "geometry": { "type": "Point", "coordinates": [ 8.52805725933397, 47.371619687013109 ] } },
{ "type": "Feature", "properties": { "egid_int": 148491, "strasse": "Werdgässchen", "hausnummer": "25", "plz": 8004.0, "ortschaft": "Zürich", "baujahr": 1895.0, "grundflaeche_m2": 94.5219015, "gebaeudealter_2026": 131.0, "gebaeude_nutzung": "Gebäude Wohnen", "qualitaet": "AV93", "bev_pers_n": 38.0, "bev_dichte_pha": 38.0 }, "geometry": { "type": "Point", "coordinates": [ 8.527966374329983, 47.371554987675175 ] } },
{ "type": "Feature", "properties": { "egid_int": 148492, "strasse": "Morgartenstrasse", "hausnummer": "5", "plz": 8004.0, "ortschaft": "Zürich", "baujahr": 1906.0, "grundflaeche_m2": 524.4347235, "gebaeudealter_2026": 120.0, "gebaeude_nutzung": "Gebäude Wohnen", "qualitaet": "AV93", "bev_pers_n": 144.0, "bev_dichte_pha": 144.0 }, "geometry": { "type": "Point", "coordinates": [ 8.529554892810385, 47.371105890254803 ] } },
{ "type": "Feature", "properties": { "egid_int": 148493, "strasse": "Morgartenstrasse", "hausnummer": "10", "plz": 8004.0, "ortschaft": "Zürich", "baujahr": 1908.0, "grundflaeche_m2": 477.12003867499999, "gebaeudealter_2026": 118.0, "gebaeude_nutzung": "Gebäude Verwaltung", "qualitaet": "AV93", "bev_pers_n": 144.0, "bev_dichte_pha": 144.0 }, "geometry": { "type": "Point", "coordinates": [ 8.52919846759978, 47.371369080514576 ] } },
{ "type": "Feature", "properties": { "egid_int": 148494, "strasse": "Morgartenstrasse", "hausnummer": "7", "plz": 8004.0, "ortschaft": "Zürich", "baujahr": 1896.0, "grundflaeche_m2": 124.1291, "gebaeudealter_2026": 130.0, "gebaeude_nutzung": "Gebäude Wohnen", "qualitaet": "AV93", "bev_pers_n": 144.0, "bev_dichte_pha": 144.0 }, "geometry": { "type": "Point", "coordinates": [ 8.529328768142109, 47.371122948675605 ] } },
{ "type": "Feature", "properties": { "egid_int": 148495, "strasse": "Morgartenstrasse", "hausnummer": "9", "plz": 8004.0, "ortschaft": "Zürich", "baujahr": 1896.0, "grundflaeche_m2": 123.554032, "gebaeudealter_2026": 130.0, "gebaeude_nutzung": "Gebäude Wohnen", "qualitaet": "AV93", "bev_pers_n": 144.0, "bev_dichte_pha": 144.0 }, "geometry": { "type": "Point", "coordinates": [ 8.529185977139091, 47.371133292081268 ] } },
{ "type": "Feature", "properties": { "egid_int": 148496, "strasse": "Morgartenstrasse", "hausnummer": "11", "plz": 8004.0, "ortschaft": "Zürich", "baujahr": 1895.0, "grundflaeche_m2": 120.2923455, "gebaeudealter_2026": 131.0, "gebaeude_nutzung": "Gebäude Wohnen", "qualitaet": "AV93", "bev_pers_n": 144.0, "bev_dichte_pha": 144.0 }, "geometry": { "type": "Point", "coordinates": [ 8.529046267640787, 47.371138928749673 ] } },
{ "type": "Feature", "properties": { "egid_int": 148497, "strasse": "Morgartenstrasse", "hausnummer": "12", "plz": 8004.0, "ortschaft": "Zürich", "baujahr": 1897.0, "grundflaeche_m2": 288.599847, "gebaeudealter_2026": 129.0, "gebaeude_nutzung": "Gebäude Wohnen", "qualitaet": "AV93", "bev_pers_n": 144.0, "bev_dichte_pha": 144.0 }, "geometry": { "type": "Point", "coordinates": [ 8.528953407756909, 47.371390706590688 ] } },
{ "type": "Feature", "properties": { "egid_int": 148498, "strasse": "Morgartenstrasse", "hausnummer": "13", "plz": 8004.0, "ortschaft": "Zürich", "baujahr": 1896.0, "grundflaeche_m2": 120.6551095, "gebaeudealter_2026": 130.0, "gebaeude_nutzung": "Gebäude Wohnen", "qualitaet": "AV93", "bev_pers_n": 144.0, "bev_dichte_pha": 144.0 }, "geometry": { "type": "Point", "coordinates": [ 8.528913008211502, 47.371149181834049 ] } },
{ "type": "Feature", "properties": { "egid_int": 148499, "strasse": "Morgartenstrasse", "hausnummer": "15", "plz": 8004.0, "ortschaft": "Zürich", "baujahr": 1894.0, "grundflaeche_m2": 118.856488, "gebaeudealter_2026": 132.0, "gebaeude_nutzung": "Gebäude Wohnen", "qualitaet": "AV93", "bev_pers_n": 144.0, "bev_dichte_pha": 144.0 }, "geometry": { "type": "Point", "coordinates": [ 8.528804793052901, 47.371153234617097 ] } },
{ "type": "Feature", "properties": { "egid_int": 148500, "strasse": "Hallwylstrasse", "hausnummer": "27", "plz": 8004.0, "ortschaft": "Zürich", "baujahr": 1899.0, "grundflaeche_m2": 139.4892285, "gebaeudealter_2026": 127.0, "gebaeude_nutzung": "Gebäude Wohnen", "qualitaet": "AV93", "bev_pers_n": 195.0, "bev_dichte_pha": 195.0 }, "geometry": { "type": "Point", "coordinates": [ 8.529297466143886, 47.371694363235662 ] } },
{ "type": "Feature", "properties": { "egid_int": 148501, "strasse": "Hallwylstrasse", "hausnummer": "29", "plz": 8004.0, "ortschaft": "Zürich", "baujahr": 1898.0, "grundflaeche_m2": 212.1282145, "gebaeudealter_2026": 128.0, "gebaeude_nutzung": "Gebäude Wohnen", "qualitaet": "AV93", "bev_pers_n": 195.0, "bev_dichte_pha": 195.0 }, "geometry": { "type": "Point", "coordinates": [ 8.529186464066919, 47.371602374670019 ] } },
{ "type": "Feature", "properties": { "egid_int": 148502, "strasse": "Hallwylstrasse", "hausnummer": "31", "plz": 8004.0, "ortschaft": "Zürich", "baujahr": 1898.0, "grundflaeche_m2": 130.6855445, "gebaeudealter_2026": 128.0, "gebaeude_nutzung": "Gebäude Wohnen", "qualitaet": "AV93", "bev_pers_n": 195.0, "bev_dichte_pha": 195.0 }, "geometry": { "type": "Point", "coordinates": [ 8.529084446677478, 47.37152107734574 ] } },
{ "type": "Feature", "properties": { "egid_int": 148503, "strasse": "Birmensdorferstrasse", "hausnummer": "65", "plz": 8004.0, "ortschaft": "Zürich", "baujahr": 1940.0, "grundflaeche_m2": 252.9280525, "gebaeudealter_2026": 86.0, "gebaeude_nutzung": "Gebäude Wohnen", "qualitaet": "AV93", "bev_pers_n": 242.0, "bev_dichte_pha": 242.0 }, "geometry": { "type": "Point", "coordinates": [ 8.524657287488116, 47.371196506397375 ] } },
{ "type": "Feature", "properties": { "egid_int": 148504, "strasse": "Birmensdorferstrasse", "hausnummer": "67", "plz": 8004.0, "ortschaft": "Zürich", "baujahr": 1940.0, "grundflaeche_m2": 386.613576, "gebaeudealter_2026": 86.0, "gebaeude_nutzung": "Gebäude Wohnen", "qualitaet": "AV93", "bev_pers_n": 242.0, "bev_dichte_pha": 242.0 }, "geometry": { "type": "Point", "coordinates": [ 8.524422464144154, 47.371057670485122 ] } },
{ "type": "Feature", "properties": { "egid_int": 148505, "strasse": "Werdstrasse", "hausnummer": "110", "plz": 8004.0, "ortschaft": "Zürich", "baujahr": 1940.0, "grundflaeche_m2": 179.6164325, "gebaeudealter_2026": 86.0, "gebaeude_nutzung": "Gebäude Wohnen", "qualitaet": "AV93", "bev_pers_n": 242.0, "bev_dichte_pha": 242.0 }, "geometry": { "type": "Point", "coordinates": [ 8.525102438027545, 47.370975708396671 ] } },
{ "type": "Feature", "properties": { "egid_int": 148506, "strasse": "Werdstrasse", "hausnummer": "112", "plz": 8004.0, "ortschaft": "Zürich", "baujahr": 1940.0, "grundflaeche_m2": 173.519166, "gebaeudealter_2026": 86.0, "gebaeude_nutzung": "Gebäude Wohnen", "qualitaet": "AV93", "bev_pers_n": 242.0, "bev_dichte_pha": 242.0 }, "geometry": { "type": "Point", "coordinates": [ 8.524983174736461, 47.370867098600769 ] } },
{ "type": "Feature", "properties": { "egid_int": 148507, "strasse": "Werdstrasse", "hausnummer": "114", "plz": 8004.0, "ortschaft": "Zürich", "baujahr": 1940.0, "grundflaeche_m2": 158.3486575, "gebaeudealter_2026": 86.0, "gebaeude_nutzung": "Gebäude Wohnen", "qualitaet": "AV93", "bev_pers_n": 242.0, "bev_dichte_pha": 242.0 }, "geometry": { "type": "Point", "coordinates": [ 8.524849630747719, 47.370733427628359 ] } },
{ "type": "Feature", "properties": { "egid_int": 148508, "strasse": "Schimmelstrasse", "hausnummer": "16", "plz": 8003.0, "ortschaft": "Zürich", "baujahr": 1940.0, "grundflaeche_m2": 184.490963, "gebaeudealter_2026": 86.0, "gebaeude_nutzung": "Gebäude Wohnen", "qualitaet": "AV93", "bev_pers_n": 242.0, "bev_dichte_pha": 242.0 }, "geometry": { "type": "Point", "coordinates": [ 8.524726360976841, 47.370801150753259 ] } },
{ "type": "Feature", "properties": { "egid_int": 148509, "strasse": "Schimmelstrasse", "hausnummer": "18", "plz": 8003.0, "ortschaft": "Zürich", "baujahr": 1940.0, "grundflaeche_m2": 188.517362, "gebaeudealter_2026": 86.0, "gebaeude_nutzung": "Gebäude Wohnen", "qualitaet": "AV93", "bev_pers_n": 242.0, "bev_dichte_pha": 242.0 }, "geometry": { "type": "Point", "coordinates": [ 8.524586096466276, 47.370930308329839 ] } },
{ "type": "Feature", "properties": { "egid_int": 148510, "strasse": "Schimmelstrasse", "hausnummer": "8", "plz": 8003.0, "ortschaft": "Zürich", "baujahr": 1938.0, "grundflaeche_m2": 228.345153, "gebaeudealter_2026": 88.0, "gebaeude_nutzung": "Gebäude Wohnen", "qualitaet": "AV93", "bev_pers_n": 246.0, "bev_dichte_pha": 246.0 }, "geometry": { "type": "Point", "coordinates": [ 8.525445220759368, 47.370180858235045 ] } },
{ "type": "Feature", "properties": { "egid_int": 148511, "strasse": "Schimmelstrasse", "hausnummer": "10", "plz": 8003.0, "ortschaft": "Zürich", "baujahr": 1938.0, "grundflaeche_m2": 189.885275, "gebaeudealter_2026": 88.0, "gebaeude_nutzung": "Gebäude Wohnen", "qualitaet": "AV93", "bev_pers_n": 242.0, "bev_dichte_pha": 242.0 }, "geometry": { "type": "Point", "coordinates": [ 8.525288542075993, 47.370315262410692 ] } },
{ "type": "Feature", "properties": { "egid_int": 148512, "strasse": "Schimmelstrasse", "hausnummer": "12", "plz": 8003.0, "ortschaft": "Zürich", "baujahr": 1938.0, "grundflaeche_m2": 228.0241505, "gebaeudealter_2026": 88.0, "gebaeude_nutzung": "Gebäude Wohnen", "qualitaet": "AV93", "bev_pers_n": 242.0, "bev_dichte_pha": 242.0 }, "geometry": { "type": "Point", "coordinates": [ 8.525150146328418, 47.370437234017324 ] } },
{ "type": "Feature", "properties": { "egid_int": 148513, "strasse": "Werdstrasse", "hausnummer": "113", "plz": 8004.0, "ortschaft": "Zürich", "baujahr": 1938.0, "grundflaeche_m2": 167.3395775, "gebaeudealter_2026": 88.0, "gebaeude_nutzung": "Gebäude Wohnen", "qualitaet": "AV93", "bev_pers_n": 242.0, "bev_dichte_pha": 242.0 }, "geometry": { "type": "Point", "coordinates": [ 8.525418259894387, 47.370804204527161 ] } },
{ "type": "Feature", "properties": { "egid_int": 148514, "strasse": "Werdstrasse", "hausnummer": "115", "plz": 8004.0, "ortschaft": "Zürich", "baujahr": 1938.0, "grundflaeche_m2": 165.964733, "gebaeudealter_2026": 88.0, "gebaeude_nutzung": "Gebäude Wohnen", "qualitaet": "AV93", "bev_pers_n": 242.0, "bev_dichte_pha": 242.0 }, "geometry": { "type": "Point", "coordinates": [ 8.525301718061977, 47.370690109402823 ] } },
{ "type": "Feature", "properties": { "egid_int": 148515, "strasse": "Werdstrasse", "hausnummer": "117", "plz": 8004.0, "ortschaft": "Zürich", "baujahr": 1938.0, "grundflaeche_m2": 147.7793555, "gebaeudealter_2026": 88.0, "gebaeude_nutzung": "Gebäude Wohnen", "qualitaet": "AV93", "bev_pers_n": 242.0, "bev_dichte_pha": 242.0 }, "geometry": { "type": "Point", "coordinates": [ 8.525202327872496, 47.37060285618972 ] } },
{ "type": "Feature", "properties": { "egid_int": 148516, "strasse": "Verena-Conzett-Strasse", "hausnummer": "32", "plz": 8004.0, "ortschaft": "Zürich", "baujahr": 1938.0, "grundflaeche_m2": 173.9979415, "gebaeudealter_2026": 88.0, "gebaeude_nutzung": "Gebäude Wohnen", "qualitaet": "AV93", "bev_pers_n": 246.0, "bev_dichte_pha": 246.0 }, "geometry": { "type": "Point", "coordinates": [ 8.5257717015662, 47.3703466063915 ] } },
{ "type": "Feature", "properties": { "egid_int": 148517, "strasse": "Verena-Conzett-Strasse", "hausnummer": "34", "plz": 8004.0, "ortschaft": "Zürich", "baujahr": 1938.0, "grundflaeche_m2": 174.071114, "gebaeudealter_2026": 88.0, "gebaeude_nutzung": "Gebäude Wohnen", "qualitaet": "AV93", "bev_pers_n": 246.0, "bev_dichte_pha": 246.0 }, "geometry": { "type": "Point", "coordinates": [ 8.525611504633686, 47.37026300216565 ] } },
{ "type": "Feature", "properties": { "egid_int": 148518, "strasse": "Werdstrasse", "hausnummer": "104", "plz": 8004.0, "ortschaft": "Zürich", "baujahr": 1954.0, "grundflaeche_m2": 199.6397455, "gebaeudealter_2026": 72.0, "gebaeude_nutzung": "Gebäude Wohnen", "qualitaet": "AV93", "bev_pers_n": 242.0, "bev_dichte_pha": 242.0 }, "geometry": { "type": "Point", "coordinates": [ 8.525389194629538, 47.371234732956012 ] } },
{ "type": "Feature", "properties": { "egid_int": 148519, "strasse": "Werdstrasse", "hausnummer": "106", "plz": 8004.0, "ortschaft": "Zürich", "baujahr": 1954.0, "grundflaeche_m2": 199.8551645, "gebaeudealter_2026": 72.0, "gebaeude_nutzung": "Gebäude Wohnen", "qualitaet": "AV93", "bev_pers_n": 242.0, "bev_dichte_pha": 242.0 }, "geometry": { "type": "Point", "coordinates": [ 8.525249594760075, 47.371106120712234 ] } },
{ "type": "Feature", "properties": { "egid_int": 148520, "strasse": "Werdstrasse", "hausnummer": "109", "plz": 8004.0, "ortschaft": "Zürich", "baujahr": 1911.0, "grundflaeche_m2": 243.961992565, "gebaeudealter_2026": 115.0, "gebaeude_nutzung": "Gebäude Wohnen", "qualitaet": "AV93", "bev_pers_n": 242.0, "bev_dichte_pha": 242.0 }, "geometry": { "type": "Point", "coordinates": [ 8.525584771871781, 47.370967572361941 ] } },
{ "type": "Feature", "properties": { "egid_int": 148522, "strasse": "Schöntalstrasse", "hausnummer": "31", "plz": 8004.0, "ortschaft": "Zürich", "baujahr": 1910.0, "grundflaeche_m2": 134.7614801, "gebaeudealter_2026": 116.0, "gebaeude_nutzung": "Gebäude Wohnen", "qualitaet": "AV93", "bev_pers_n": 276.0, "bev_dichte_pha": 276.0 }, "geometry": { "type": "Point", "coordinates": [ 8.525709426270163, 47.371098285808671 ] } },
{ "type": "Feature", "properties": { "egid_int": 148523, "strasse": "Verena-Conzett-Strasse", "hausnummer": "20", "plz": 8004.0, "ortschaft": "Zürich", "baujahr": 1941.0, "grundflaeche_m2": 210.7992905, "gebaeudealter_2026": 85.0, "gebaeude_nutzung": "Gebäude Wohnen", "qualitaet": "AV93", "bev_pers_n": 276.0, "bev_dichte_pha": 276.0 }, "geometry": { "type": "Point", "coordinates": [ 8.526390899134679, 47.370681053517259 ] } },
{ "type": "Feature", "properties": { "egid_int": 148524, "strasse": "Verena-Conzett-Strasse", "hausnummer": "22", "plz": 8004.0, "ortschaft": "Zürich", "baujahr": 1941.0, "grundflaeche_m2": 216.6046405, "gebaeudealter_2026": 85.0, "gebaeude_nutzung": "Gebäude Wohnen", "qualitaet": "AV93", "bev_pers_n": 276.0, "bev_dichte_pha": 276.0 }, "geometry": { "type": "Point", "coordinates": [ 8.526243590229516, 47.370554296080755 ] } },
{ "type": "Feature", "properties": { "egid_int": 148525, "strasse": "Verena-Conzett-Strasse", "hausnummer": "30", "plz": 8004.0, "ortschaft": "Zürich", "baujahr": 1938.0, "grundflaeche_m2": 178.1360795, "gebaeudealter_2026": 88.0, "gebaeude_nutzung": "Gebäude Wohnen", "qualitaet": "AV93", "bev_pers_n": 246.0, "bev_dichte_pha": 246.0 }, "geometry": { "type": "Point", "coordinates": [ 8.52594930578919, 47.370442954543265 ] } },
{ "type": "Feature", "properties": { "egid_int": 148526, "strasse": "Birmensdorferstrasse", "hausnummer": "51", "plz": 8004.0, "ortschaft": "Zürich", "baujahr": 1955.0, "grundflaeche_m2": 349.8624395, "gebaeudealter_2026": 71.0, "gebaeude_nutzung": "Gebäude Wohnen", "qualitaet": "AV93", "bev_pers_n": 139.0, "bev_dichte_pha": 139.0 }, "geometry": { "type": "Point", "coordinates": [ 8.525597058422761, 47.371543495711421 ] } },
{ "type": "Feature", "properties": { "egid_int": 148527, "strasse": "Morgartenstrasse", "hausnummer": "37", "plz": 8004.0, "ortschaft": "Zürich", "baujahr": 1938.0, "grundflaeche_m2": 179.49396885, "gebaeudealter_2026": 88.0, "gebaeude_nutzung": "Gebäude Wohnen", "qualitaet": "AV93", "bev_pers_n": 111.0, "bev_dichte_pha": 111.0 }, "geometry": { "type": "Point", "coordinates": [ 8.526751083224923, 47.371418877612449 ] } },
{ "type": "Feature", "properties": { "egid_int": 148528, "strasse": "Morgartenstrasse", "hausnummer": "39", "plz": 8004.0, "ortschaft": "Zürich", "baujahr": 1938.0, "grundflaeche_m2": 153.5783065, "gebaeudealter_2026": 88.0, "gebaeude_nutzung": "Gebäude Wohnen", "qualitaet": "AV93", "bev_pers_n": 111.0, "bev_dichte_pha": 111.0 }, "geometry": { "type": "Point", "coordinates": [ 8.526552846673132, 47.371468599014207 ] } },
{ "type": "Feature", "properties": { "egid_int": 148529, "strasse": "Morgartenstrasse", "hausnummer": "41", "plz": 8004.0, "ortschaft": "Zürich", "baujahr": 1938.0, "grundflaeche_m2": 153.590063, "gebaeudealter_2026": 88.0, "gebaeude_nutzung": "Gebäude Wohnen", "qualitaet": "AV93", "bev_pers_n": 111.0, "bev_dichte_pha": 111.0 }, "geometry": { "type": "Point", "coordinates": [ 8.526360101615346, 47.371516217468326 ] } },
{ "type": "Feature", "properties": { "egid_int": 148532, "strasse": "Schöntalstrasse", "hausnummer": "30", "plz": 8004.0, "ortschaft": "Zürich", "baujahr": 1911.0, "grundflaeche_m2": 216.63139745000001, "gebaeudealter_2026": 115.0, "gebaeude_nutzung": "Gebäude Wohnen", "qualitaet": "AV93", "bev_pers_n": 276.0, "bev_dichte_pha": 276.0 }, "geometry": { "type": "Point", "coordinates": [ 8.52591350523852, 47.371255182916364 ] } },
{ "type": "Feature", "properties": { "egid_int": 148533, "strasse": "Werdstrasse", "hausnummer": "99", "plz": 8004.0, "ortschaft": "Zürich", "baujahr": 1938.0, "grundflaeche_m2": 192.64701146499999, "gebaeudealter_2026": 88.0, "gebaeude_nutzung": "Gebäude Wohnen", "qualitaet": "AV93", "bev_pers_n": 111.0, "bev_dichte_pha": 111.0 }, "geometry": { "type": "Point", "coordinates": [ 8.526167790608495, 47.371535802692144 ] } },
{ "type": "Feature", "properties": { "egid_int": 148534, "strasse": "Werdstrasse", "hausnummer": "101", "plz": 8004.0, "ortschaft": "Zürich", "baujahr": 1938.0, "grundflaeche_m2": 159.087291, "gebaeudealter_2026": 88.0, "gebaeude_nutzung": "Gebäude Wohnen", "qualitaet": "AV93", "bev_pers_n": 276.0, "bev_dichte_pha": 276.0 }, "geometry": { "type": "Point", "coordinates": [ 8.52601921229239, 47.371380659318554 ] } },
{ "type": "Feature", "properties": { "egid_int": 148535, "strasse": "Schöntalstrasse", "hausnummer": "22", "plz": 8004.0, "ortschaft": "Zürich", "baujahr": 1950.0, "grundflaeche_m2": 172.6932025, "gebaeudealter_2026": 76.0, "gebaeude_nutzung": "Gebäude Wohnen", "qualitaet": "AV93", "bev_pers_n": 276.0, "bev_dichte_pha": 276.0 }, "geometry": { "type": "Point", "coordinates": [ 8.526628797503946, 47.370898366004496 ] } },
{ "type": "Feature", "properties": { "egid_int": 148536, "strasse": "Schöntalstrasse", "hausnummer": "24", "plz": 8004.0, "ortschaft": "Zürich", "baujahr": 1914.0, "grundflaeche_m2": 241.0751755, "gebaeudealter_2026": 112.0, "gebaeude_nutzung": "Gebäude Wohnen", "qualitaet": "AV93", "bev_pers_n": 276.0, "bev_dichte_pha": 276.0 }, "geometry": { "type": "Point", "coordinates": [ 8.526431464714467, 47.371018888369974 ] } },
{ "type": "Feature", "properties": { "egid_int": 148537, "strasse": "Morgartenstrasse", "hausnummer": "35", "plz": 8004.0, "ortschaft": "Zürich", "baujahr": 1938.0, "grundflaeche_m2": 153.648459, "gebaeudealter_2026": 88.0, "gebaeude_nutzung": "Gebäude Wohnen", "qualitaet": "AV93", "bev_pers_n": 276.0, "bev_dichte_pha": 276.0 }, "geometry": { "type": "Point", "coordinates": [ 8.526965969317519, 47.371371391693351 ] } },
{ "type": "Feature", "properties": { "egid_int": 148538, "strasse": "Verena-Conzett-Strasse", "hausnummer": "2", "plz": 8004.0, "ortschaft": "Zürich", "baujahr": 1938.0, "grundflaeche_m2": 206.96171928000001, "gebaeudealter_2026": 88.0, "gebaeude_nutzung": "Gebäude Wohnen", "qualitaet": "AV93", "bev_pers_n": 187.0, "bev_dichte_pha": 187.0 }, "geometry": { "type": "Point", "coordinates": [ 8.527103080528002, 47.371262463976038 ] } },
{ "type": "Feature", "properties": { "egid_int": 148539, "strasse": "Verena-Conzett-Strasse", "hausnummer": "4", "plz": 8004.0, "ortschaft": "Zürich", "baujahr": 1938.0, "grundflaeche_m2": 153.038296, "gebaeudealter_2026": 88.0, "gebaeude_nutzung": "Gebäude Wohnen", "qualitaet": "AV93", "bev_pers_n": 187.0, "bev_dichte_pha": 187.0 }, "geometry": { "type": "Point", "coordinates": [ 8.526969552733851, 47.371152596374934 ] } },
{ "type": "Feature", "properties": { "egid_int": 148540, "strasse": "Verena-Conzett-Strasse", "hausnummer": "6", "plz": 8004.0, "ortschaft": "Zürich", "baujahr": 1938.0, "grundflaeche_m2": 156.9627215, "gebaeudealter_2026": 88.0, "gebaeude_nutzung": "Gebäude Wohnen", "qualitaet": "AV93", "bev_pers_n": 276.0, "bev_dichte_pha": 276.0 }, "geometry": { "type": "Point", "coordinates": [ 8.526840954316377, 47.371039641825632 ] } },
{ "type": "Feature", "properties": { "egid_int": 148541, "strasse": "Schimmelstrasse", "hausnummer": "2", "plz": 8003.0, "ortschaft": "Zürich", "baujahr": 1937.0, "grundflaeche_m2": 213.10148, "gebaeudealter_2026": 89.0, "gebaeude_nutzung": "Gebäude Wohnen", "qualitaet": "AV93", "bev_pers_n": 246.0, "bev_dichte_pha": 246.0 }, "geometry": { "type": "Point", "coordinates": [ 8.525981560734191, 47.369718551820306 ] } },
{ "type": "Feature", "properties": { "egid_int": 148542, "strasse": "Schimmelstrasse", "hausnummer": "4", "plz": 8003.0, "ortschaft": "Zürich", "baujahr": 1937.0, "grundflaeche_m2": 170.1628585, "gebaeudealter_2026": 89.0, "gebaeude_nutzung": "Gebäude Wohnen", "qualitaet": "AV93", "bev_pers_n": 246.0, "bev_dichte_pha": 246.0 }, "geometry": { "type": "Point", "coordinates": [ 8.525835080550625, 47.369825713464103 ] } },
{ "type": "Feature", "properties": { "egid_int": 148543, "strasse": "Schimmelstrasse", "hausnummer": "6", "plz": 8003.0, "ortschaft": "Zürich", "baujahr": 1937.0, "grundflaeche_m2": 239.7576055, "gebaeudealter_2026": 89.0, "gebaeude_nutzung": "Gebäude Wohnen", "qualitaet": "AV93", "bev_pers_n": 246.0, "bev_dichte_pha": 246.0 }, "geometry": { "type": "Point", "coordinates": [ 8.525718692853461, 47.36995350537206 ] } },
{ "type": "Feature", "properties": { "egid_int": 148544, "strasse": "Verena-Conzett-Strasse", "hausnummer": "33", "plz": 8004.0, "ortschaft": "Zürich", "baujahr": 1938.0, "grundflaeche_m2": 222.7587005, "gebaeudealter_2026": 88.0, "gebaeude_nutzung": "Gebäude Wohnen", "qualitaet": "AV93", "bev_pers_n": 246.0, "bev_dichte_pha": 246.0 }, "geometry": { "type": "Point", "coordinates": [ 8.525924605591117, 47.37007068970069 ] } },
{ "type": "Feature", "properties": { "egid_int": 148545, "strasse": "Hallwylstrasse", "hausnummer": "82", "plz": 8004.0, "ortschaft": "Zürich", "baujahr": 1938.0, "grundflaeche_m2": 179.220315, "gebaeudealter_2026": 88.0, "gebaeude_nutzung": "Gebäude Wohnen", "qualitaet": "AV93", "bev_pers_n": 246.0, "bev_dichte_pha": 246.0 }, "geometry": { "type": "Point", "coordinates": [ 8.526378840274967, 47.369783821750829 ] } },
{ "type": "Feature", "properties": { "egid_int": 148546, "strasse": "Hallwylstrasse", "hausnummer": "84", "plz": 8004.0, "ortschaft": "Zürich", "baujahr": 1938.0, "grundflaeche_m2": 185.014511, "gebaeudealter_2026": 88.0, "gebaeude_nutzung": "Gebäude Wohnen", "qualitaet": "AV93", "bev_pers_n": 246.0, "bev_dichte_pha": 246.0 }, "geometry": { "type": "Point", "coordinates": [ 8.526167038999031, 47.369814780536259 ] } },
{ "type": "Feature", "properties": { "egid_int": 148547, "strasse": "Verena-Conzett-Strasse", "hausnummer": "21", "plz": 8004.0, "ortschaft": "Zürich", "baujahr": 1895.0, "grundflaeche_m2": 247.3771845, "gebaeudealter_2026": 131.0, "gebaeude_nutzung": "Gebäude Wohnen", "qualitaet": "AV93", "bev_pers_n": 276.0, "bev_dichte_pha": 276.0 }, "geometry": { "type": "Point", "coordinates": [ 8.526673056273184, 47.370547139001758 ] } },
{ "type": "Feature", "properties": { "egid_int": 148548, "strasse": "Verena-Conzett-Strasse", "hausnummer": "31", "plz": 8004.0, "ortschaft": "Zürich", "baujahr": 1938.0, "grundflaeche_m2": 207.189248, "gebaeudealter_2026": 88.0, "gebaeude_nutzung": "Gebäude Wohnen", "qualitaet": "AV93", "bev_pers_n": 246.0, "bev_dichte_pha": 246.0 }, "geometry": { "type": "Point", "coordinates": [ 8.526118887783698, 47.370180436256142 ] } },
{ "type": "Feature", "properties": { "egid_int": 148549, "strasse": "Schöntalstrasse", "hausnummer": "19", "plz": 8004.0, "ortschaft": "Zürich", "baujahr": 1894.0, "grundflaeche_m2": 218.8873395, "gebaeudealter_2026": 132.0, "gebaeude_nutzung": "Gebäude Wohnen", "qualitaet": "AV93", "bev_pers_n": 246.0, "bev_dichte_pha": 246.0 }, "geometry": { "type": "Point", "coordinates": [ 8.526941362282164, 47.370430094228986 ] } },
{ "type": "Feature", "properties": { "egid_int": 148550, "strasse": "Hallwylstrasse", "hausnummer": "72", "plz": 8004.0, "ortschaft": "Zürich", "baujahr": 1895.0, "grundflaeche_m2": 222.588912, "gebaeudealter_2026": 131.0, "gebaeude_nutzung": "Gebäude Wohnen", "qualitaet": "AV93", "bev_pers_n": 169.0, "bev_dichte_pha": 169.0 }, "geometry": { "type": "Point", "coordinates": [ 8.52714302460004, 47.370260443698321 ] } },
{ "type": "Feature", "properties": { "egid_int": 148551, "strasse": "Hallwylstrasse", "hausnummer": "74", "plz": 8004.0, "ortschaft": "Zürich", "baujahr": 1896.0, "grundflaeche_m2": 221.2037025, "gebaeudealter_2026": 130.0, "gebaeude_nutzung": "Gebäude Wohnen", "qualitaet": "AV93", "bev_pers_n": 169.0, "bev_dichte_pha": 169.0 }, "geometry": { "type": "Point", "coordinates": [ 8.527001051141015, 47.37013433854478 ] } },
{ "type": "Feature", "properties": { "egid_int": 148552, "strasse": "Hallwylstrasse", "hausnummer": "80", "plz": 8004.0, "ortschaft": "Zürich", "baujahr": 1939.0, "grundflaeche_m2": 184.295836, "gebaeudealter_2026": 87.0, "gebaeude_nutzung": "Gebäude Wohnen", "qualitaet": "AV93", "bev_pers_n": 246.0, "bev_dichte_pha": 246.0 }, "geometry": { "type": "Point", "coordinates": [ 8.526538295493861, 47.369876507996707 ] } },
{ "type": "Feature", "properties": { "egid_int": 148553, "strasse": "Verena-Conzett-Strasse", "hausnummer": "15", "plz": 8004.0, "ortschaft": "Zürich", "baujahr": 1896.0, "grundflaeche_m2": 107.2768015, "gebaeudealter_2026": 130.0, "gebaeude_nutzung": "Gebäude Wohnen", "qualitaet": "AV93", "bev_pers_n": 187.0, "bev_dichte_pha": 187.0 }, "geometry": { "type": "Point", "coordinates": [ 8.527074344649185, 47.370890750146344 ] } },
{ "type": "Feature", "properties": { "egid_int": 148554, "strasse": "Verena-Conzett-Strasse", "hausnummer": "17", "plz": 8004.0, "ortschaft": "Zürich", "baujahr": 1896.0, "grundflaeche_m2": 103.3797355, "gebaeudealter_2026": 130.0, "gebaeude_nutzung": "Gebäude Wohnen", "qualitaet": "AV93", "bev_pers_n": 187.0, "bev_dichte_pha": 187.0 }, "geometry": { "type": "Point", "coordinates": [ 8.526999510925952, 47.370815716308392 ] } },
{ "type": "Feature", "properties": { "egid_int": 148555, "strasse": "Hallwylstrasse", "hausnummer": "64", "plz": 8004.0, "ortschaft": "Zürich", "baujahr": 1895.0, "grundflaeche_m2": 122.562923, "gebaeudealter_2026": 131.0, "gebaeude_nutzung": "Gebäude Wohnen", "qualitaet": "AV93", "bev_pers_n": 187.0, "bev_dichte_pha": 187.0 }, "geometry": { "type": "Point", "coordinates": [ 8.527466639745231, 47.370556571577765 ] } },
{ "type": "Feature", "properties": { "egid_int": 148556, "strasse": "Hallwylstrasse", "hausnummer": "62", "plz": 8004.0, "ortschaft": "Zürich", "baujahr": 1895.0, "grundflaeche_m2": 123.4906115, "gebaeudealter_2026": 131.0, "gebaeude_nutzung": "Gebäude Wohnen", "qualitaet": "AV93", "bev_pers_n": 187.0, "bev_dichte_pha": 187.0 }, "geometry": { "type": "Point", "coordinates": [ 8.527559210932642, 47.37062873936059 ] } },
{ "type": "Feature", "properties": { "egid_int": 148557, "strasse": "Hallwylstrasse", "hausnummer": "60", "plz": 8004.0, "ortschaft": "Zürich", "baujahr": 1895.0, "grundflaeche_m2": 125.5573855, "gebaeudealter_2026": 131.0, "gebaeude_nutzung": "Gebäude Wohnen", "qualitaet": "AV93", "bev_pers_n": 187.0, "bev_dichte_pha": 187.0 }, "geometry": { "type": "Point", "coordinates": [ 8.527638499768175, 47.370698864474107 ] } },
{ "type": "Feature", "properties": { "egid_int": 148558, "strasse": "Hallwylstrasse", "hausnummer": "56", "plz": 8004.0, "ortschaft": "Zürich", "baujahr": 1894.0, "grundflaeche_m2": 247.9180205, "gebaeudealter_2026": 132.0, "gebaeude_nutzung": "Gebäude Wohnen", "qualitaet": "AV93", "bev_pers_n": 187.0, "bev_dichte_pha": 187.0 }, "geometry": { "type": "Point", "coordinates": [ 8.527806406400797, 47.370832963850617 ] } },
{ "type": "Feature", "properties": { "egid_int": 148559, "strasse": "Schöntalstrasse", "hausnummer": "16", "plz": 8004.0, "ortschaft": "Zürich", "baujahr": 1895.0, "grundflaeche_m2": 126.3398945, "gebaeudealter_2026": 131.0, "gebaeude_nutzung": "Gebäude Wohnen", "qualitaet": "AV93", "bev_pers_n": 187.0, "bev_dichte_pha": 187.0 }, "geometry": { "type": "Point", "coordinates": [ 8.527237352575845, 47.370558732807837 ] } },
{ "type": "Feature", "properties": { "egid_int": 148560, "strasse": "Schöntalstrasse", "hausnummer": "18", "plz": 8004.0, "ortschaft": "Zürich", "baujahr": 1896.0, "grundflaeche_m2": 194.191012, "gebaeudealter_2026": 130.0, "gebaeude_nutzung": "Gebäude Wohnen", "qualitaet": "AV93", "bev_pers_n": 187.0, "bev_dichte_pha": 187.0 }, "geometry": { "type": "Point", "coordinates": [ 8.527080660639641, 47.370640446077438 ] } },
{ "type": "Feature", "properties": { "egid_int": 148561, "strasse": null, "hausnummer": null, "plz": null, "ortschaft": null, "baujahr": 1896.0, "grundflaeche_m2": 204.3175015, "gebaeudealter_2026": 130.0, "gebaeude_nutzung": "Gebäude Wohnen", "qualitaet": "AV93", "bev_pers_n": 276.0, "bev_dichte_pha": 276.0 }, "geometry": { "type": "Point", "coordinates": [ 8.526907249379057, 47.370732751010166 ] } },
{ "type": "Feature", "properties": { "egid_int": 148562, "strasse": "Schöntalstrasse", "hausnummer": "14", "plz": 8004.0, "ortschaft": "Zürich", "baujahr": 1895.0, "grundflaeche_m2": 163.732806, "gebaeudealter_2026": 131.0, "gebaeude_nutzung": "Gebäude Wohnen", "qualitaet": "AV93", "bev_pers_n": 169.0, "bev_dichte_pha": 169.0 }, "geometry": { "type": "Point", "coordinates": [ 8.5273623333791, 47.370469942222918 ] } },
{ "type": "Feature", "properties": { "egid_int": 148563, "strasse": "Manessestrasse", "hausnummer": "2", "plz": 8003.0, "ortschaft": "Zürich", "baujahr": 1931.0, "grundflaeche_m2": 413.2080435, "gebaeudealter_2026": 95.0, "gebaeude_nutzung": "Gebäude Wohnen", "qualitaet": "AV93", "bev_pers_n": 150.0, "bev_dichte_pha": 150.0 }, "geometry": { "type": "Point", "coordinates": [ 8.527672081729486, 47.369389180142967 ] } },
{ "type": "Feature", "properties": { "egid_int": 148564, "strasse": "Manessestrasse", "hausnummer": "4", "plz": 8003.0, "ortschaft": "Zürich", "baujahr": 1931.0, "grundflaeche_m2": 416.0863585, "gebaeudealter_2026": 95.0, "gebaeude_nutzung": "Gebäude Wohnen", "qualitaet": "AV93", "bev_pers_n": 150.0, "bev_dichte_pha": 150.0 }, "geometry": { "type": "Point", "coordinates": [ 8.527414468455023, 47.369428470916993 ] } },
{ "type": "Feature", "properties": { "egid_int": 148565, "strasse": "Manessestrasse", "hausnummer": "6", "plz": 8003.0, "ortschaft": "Zürich", "baujahr": 1938.0, "grundflaeche_m2": 245.897647, "gebaeudealter_2026": 88.0, "gebaeude_nutzung": "Gebäude Wohnen", "qualitaet": "AV93", "bev_pers_n": 150.0, "bev_dichte_pha": 150.0 }, "geometry": { "type": "Point", "coordinates": [ 8.527150341254915, 47.369463261968043 ] } },
{ "type": "Feature", "properties": { "egid_int": 148566, "strasse": "Manessestrasse", "hausnummer": "8", "plz": 8003.0, "ortschaft": "Zürich", "baujahr": 1938.0, "grundflaeche_m2": 229.7858925, "gebaeudealter_2026": 88.0, "gebaeude_nutzung": "Gebäude Wohnen", "qualitaet": "AV93", "bev_pers_n": 150.0, "bev_dichte_pha": 150.0 }, "geometry": { "type": "Point", "coordinates": [ 8.526852699332329, 47.36951414564809 ] } },
{ "type": "Feature", "properties": { "egid_int": 148567, "strasse": "Manessestrasse", "hausnummer": "10", "plz": 8003.0, "ortschaft": "Zürich", "baujahr": 1938.0, "grundflaeche_m2": 252.06906747, "gebaeudealter_2026": 88.0, "gebaeude_nutzung": "Gebäude Wohnen", "qualitaet": "AV93", "bev_pers_n": 246.0, "bev_dichte_pha": 246.0 }, "geometry": { "type": "Point", "coordinates": [ 8.526621917146802, 47.369577774537916 ] } },
{ "type": "Feature", "properties": { "egid_int": 148568, "strasse": "Stauffacherquai", "hausnummer": "56", "plz": 8004.0, "ortschaft": "Zürich", "baujahr": 1931.0, "grundflaeche_m2": 260.1670435, "gebaeudealter_2026": 95.0, "gebaeude_nutzung": "Gebäude Wohnen", "qualitaet": "AV93", "bev_pers_n": 150.0, "bev_dichte_pha": 150.0 }, "geometry": { "type": "Point", "coordinates": [ 8.528169693919819, 47.369467206436035 ] } },
{ "type": "Feature", "properties": { "egid_int": 148569, "strasse": "Stauffacherquai", "hausnummer": "58", "plz": 8004.0, "ortschaft": "Zürich", "baujahr": 1931.0, "grundflaeche_m2": 411.0482645, "gebaeudealter_2026": 95.0, "gebaeude_nutzung": "Gebäude Wohnen", "qualitaet": "AV93", "bev_pers_n": 150.0, "bev_dichte_pha": 150.0 }, "geometry": { "type": "Point", "coordinates": [ 8.527999911658533, 47.369372038215268 ] } },
{ "type": "Feature", "properties": { "egid_int": 148570, "strasse": "Hallwylstrasse", "hausnummer": "71", "plz": 8004.0, "ortschaft": "Zürich", "baujahr": 1962.0, "grundflaeche_m2": 698.0835195, "gebaeudealter_2026": 64.0, "gebaeude_nutzung": "Gebäude Verwaltung", "qualitaet": "AV93", "bev_pers_n": 169.0, "bev_dichte_pha": 169.0 }, "geometry": { "type": "Point", "coordinates": [ 8.5274180526813, 47.370109602683463 ] } },
{ "type": "Feature", "properties": { "egid_int": 148571, "strasse": "Hallwylstrasse", "hausnummer": "73", "plz": 8004.0, "ortschaft": "Zürich", "baujahr": 1941.0, "grundflaeche_m2": 175.4327365, "gebaeudealter_2026": 85.0, "gebaeude_nutzung": "Gebäude Wohnen", "qualitaet": "AV93", "bev_pers_n": 169.0, "bev_dichte_pha": 169.0 }, "geometry": { "type": "Point", "coordinates": [ 8.527272379030496, 47.36998645615401 ] } },
{ "type": "Feature", "properties": { "egid_int": 148572, "strasse": "Hallwylstrasse", "hausnummer": "75", "plz": 8004.0, "ortschaft": "Zürich", "baujahr": 1938.0, "grundflaeche_m2": 166.623756, "gebaeudealter_2026": 88.0, "gebaeude_nutzung": "Gebäude Wohnen", "qualitaet": "AV93", "bev_pers_n": 169.0, "bev_dichte_pha": 169.0 }, "geometry": { "type": "Point", "coordinates": [ 8.527125010259535, 47.369886604823307 ] } },
{ "type": "Feature", "properties": { "egid_int": 148573, "strasse": "Hallwylstrasse", "hausnummer": "77", "plz": 8004.0, "ortschaft": "Zürich", "baujahr": 1938.0, "grundflaeche_m2": 165.705111, "gebaeudealter_2026": 88.0, "gebaeude_nutzung": "Gebäude Wohnen", "qualitaet": "AV93", "bev_pers_n": 169.0, "bev_dichte_pha": 169.0 }, "geometry": { "type": "Point", "coordinates": [ 8.526965991307511, 47.369797180501244 ] } },
{ "type": "Feature", "properties": { "egid_int": 148574, "strasse": "Hallwylstrasse", "hausnummer": "79", "plz": 8004.0, "ortschaft": "Zürich", "baujahr": 1938.0, "grundflaeche_m2": 165.712646, "gebaeudealter_2026": 88.0, "gebaeude_nutzung": "Gebäude Wohnen", "qualitaet": "AV93", "bev_pers_n": 246.0, "bev_dichte_pha": 246.0 }, "geometry": { "type": "Point", "coordinates": [ 8.526801829825438, 47.36971007118548 ] } },
{ "type": "Feature", "properties": { "egid_int": 148575, "strasse": "Schöntalstrasse", "hausnummer": "1", "plz": 8004.0, "ortschaft": "Zürich", "baujahr": 1931.0, "grundflaeche_m2": 462.20203701000003, "gebaeudealter_2026": 95.0, "gebaeude_nutzung": "Gebäude Wohnen", "qualitaet": "AV93", "bev_pers_n": 27.0, "bev_dichte_pha": 27.0 }, "geometry": { "type": "Point", "coordinates": [ 8.528320969783202, 47.369655162932816 ] } },
{ "type": "Feature", "properties": { "egid_int": 148576, "strasse": "Schöntalstrasse", "hausnummer": "5", "plz": 8004.0, "ortschaft": "Zürich", "baujahr": 1928.0, "grundflaeche_m2": 564.7882695, "gebaeudealter_2026": 98.0, "gebaeude_nutzung": "Gebäude Verwaltung", "qualitaet": "AV93", "bev_pers_n": 169.0, "bev_dichte_pha": 169.0 }, "geometry": { "type": "Point", "coordinates": [ 8.527952083630373, 47.36981313402238 ] } },
{ "type": "Feature", "properties": { "egid_int": 148577, "strasse": "Weberstrasse", "hausnummer": "7", "plz": 8004.0, "ortschaft": "Zürich", "baujahr": 1908.0, "grundflaeche_m2": 161.2998435, "gebaeudealter_2026": 118.0, "gebaeude_nutzung": "Gebäude Verwaltung", "qualitaet": "AV93", "bev_pers_n": 27.0, "bev_dichte_pha": 27.0 }, "geometry": { "type": "Point", "coordinates": [ 8.528357219332655, 47.370462692013874 ] } },
{ "type": "Feature", "properties": { "egid_int": 148578, "strasse": "Weberstrasse", "hausnummer": "9", "plz": 8004.0, "ortschaft": "Zürich", "baujahr": 1894.0, "grundflaeche_m2": 272.8858355, "gebaeudealter_2026": 132.0, "gebaeude_nutzung": "Gebäude Wohnen", "qualitaet": "AV93", "bev_pers_n": 187.0, "bev_dichte_pha": 187.0 }, "geometry": { "type": "Point", "coordinates": [ 8.528263038230456, 47.370582568165226 ] } },
{ "type": "Feature", "properties": { "egid_int": 148579, "strasse": "Weberstrasse", "hausnummer": "11", "plz": 8004.0, "ortschaft": "Zürich", "baujahr": 1895.0, "grundflaeche_m2": 218.6862995, "gebaeudealter_2026": 131.0, "gebaeude_nutzung": "Gebäude Gastgewerbe", "qualitaet": "AV93", "bev_pers_n": 187.0, "bev_dichte_pha": 187.0 }, "geometry": { "type": "Point", "coordinates": [ 8.528121085764704, 47.37071615367099 ] } },
{ "type": "Feature", "properties": { "egid_int": 148580, "strasse": "Hallwylstrasse", "hausnummer": "54", "plz": 8004.0, "ortschaft": "Zürich", "baujahr": 1895.0, "grundflaeche_m2": 181.0411845, "gebaeudealter_2026": 131.0, "gebaeude_nutzung": "Gebäude Wohnen", "qualitaet": "AV93", "bev_pers_n": 187.0, "bev_dichte_pha": 187.0 }, "geometry": { "type": "Point", "coordinates": [ 8.527910162382181, 47.370923043134063 ] } },
{ "type": "Feature", "properties": { "egid_int": 148582, "strasse": null, "hausnummer": null, "plz": null, "ortschaft": null, "baujahr": 1895.0, "grundflaeche_m2": 134.4079375, "gebaeudealter_2026": 131.0, "gebaeude_nutzung": "Gebäude Wohnen", "qualitaet": "AV93", "bev_pers_n": 187.0, "bev_dichte_pha": 187.0 }, "geometry": { "type": "Point", "coordinates": [ 8.527968101817848, 47.370595694549586 ] } },
{ "type": "Feature", "properties": { "egid_int": 148583, "strasse": "Hallwylstrasse", "hausnummer": "61", "plz": 8004.0, "ortschaft": "Zürich", "baujahr": 1895.0, "grundflaeche_m2": 199.294099, "gebaeudealter_2026": 131.0, "gebaeude_nutzung": "Gebäude Wohnen", "qualitaet": "AV93", "bev_pers_n": 169.0, "bev_dichte_pha": 169.0 }, "geometry": { "type": "Point", "coordinates": [ 8.52783075879965, 47.370478613826343 ] } },
{ "type": "Feature", "properties": { "egid_int": 148584, "strasse": "Hallwylstrasse", "hausnummer": "63", "plz": 8004.0, "ortschaft": "Zürich", "baujahr": 1896.0, "grundflaeche_m2": 223.084163, "gebaeudealter_2026": 130.0, "gebaeude_nutzung": "Gebäude Wohnen", "qualitaet": "AV93", "bev_pers_n": 169.0, "bev_dichte_pha": 169.0 }, "geometry": { "type": "Point", "coordinates": [ 8.527664252441131, 47.370331341398042 ] } },
{ "type": "Feature", "properties": { "egid_int": 148585, "strasse": null, "hausnummer": null, "plz": null, "ortschaft": null, "baujahr": 1907.0, "grundflaeche_m2": 276.891927, "gebaeudealter_2026": 119.0, "gebaeude_nutzung": "Gebäude Industrie", "qualitaet": "AV93", "bev_pers_n": 169.0, "bev_dichte_pha": 169.0 }, "geometry": { "type": "Point", "coordinates": [ 8.528022353863186, 47.370110624010138 ] } },
{ "type": "Feature", "properties": { "egid_int": 148586, "strasse": "Langstrasse", "hausnummer": "93", "plz": 8004.0, "ortschaft": "Zürich", "baujahr": 1892.0, "grundflaeche_m2": 209.4653145, "gebaeudealter_2026": 134.0, "gebaeude_nutzung": "Gebäude Wohnen", "qualitaet": "AV93", "bev_pers_n": 204.0, "bev_dichte_pha": 204.0 }, "geometry": { "type": "Point", "coordinates": [ 8.52665821438694, 47.378143010632904 ] } },
{ "type": "Feature", "properties": { "egid_int": 148587, "strasse": "Langstrasse", "hausnummer": "95", "plz": 8004.0, "ortschaft": "Zürich", "baujahr": 1892.0, "grundflaeche_m2": 116.3403815, "gebaeudealter_2026": 134.0, "gebaeude_nutzung": "Gebäude Wohnen", "qualitaet": "AV93", "bev_pers_n": 204.0, "bev_dichte_pha": 204.0 }, "geometry": { "type": "Point", "coordinates": [ 8.526715836230498, 47.378254070240231 ] } },
{ "type": "Feature", "properties": { "egid_int": 148588, "strasse": "Langstrasse", "hausnummer": "97", "plz": 8004.0, "ortschaft": "Zürich", "baujahr": 1892.0, "grundflaeche_m2": 107.1661475, "gebaeudealter_2026": 134.0, "gebaeude_nutzung": "Gebäude Wohnen", "qualitaet": "AV93", "bev_pers_n": 204.0, "bev_dichte_pha": 204.0 }, "geometry": { "type": "Point", "coordinates": [ 8.52675436038159, 47.378336498368562 ] } },
{ "type": "Feature", "properties": { "egid_int": 148589, "strasse": "Brauerstrasse", "hausnummer": "48", "plz": 8004.0, "ortschaft": "Zürich", "baujahr": 1892.0, "grundflaeche_m2": 183.1840765, "gebaeudealter_2026": 134.0, "gebaeude_nutzung": "Gebäude Wohnen", "qualitaet": "AV93", "bev_pers_n": 204.0, "bev_dichte_pha": 204.0 }, "geometry": { "type": "Point", "coordinates": [ 8.526428874033456, 47.378263555086612 ] } },
{ "type": "Feature", "properties": { "egid_int": 148590, "strasse": "Dienerstrasse", "hausnummer": "43", "plz": 8004.0, "ortschaft": "Zürich", "baujahr": 1984.0, "grundflaeche_m2": 207.4638575, "gebaeudealter_2026": 42.0, "gebaeude_nutzung": "Gebäude Wohnen", "qualitaet": "AV93", "bev_pers_n": 204.0, "bev_dichte_pha": 204.0 }, "geometry": { "type": "Point", "coordinates": [ 8.526809608087762, 47.378457735767782 ] } },
{ "type": "Feature", "properties": { "egid_int": 148591, "strasse": "Dienerstrasse", "hausnummer": "45", "plz": 8004.0, "ortschaft": "Zürich", "baujahr": 1893.0, "grundflaeche_m2": 140.1177515, "gebaeudealter_2026": 133.0, "gebaeude_nutzung": "Gebäude Wohnen", "qualitaet": "AV93", "bev_pers_n": 204.0, "bev_dichte_pha": 204.0 }, "geometry": { "type": "Point", "coordinates": [ 8.526668584251455, 47.378526437460621 ] } },
{ "type": "Feature", "properties": { "egid_int": 148592, "strasse": "Dienerstrasse", "hausnummer": "51", "plz": 8004.0, "ortschaft": "Zürich", "baujahr": 1893.0, "grundflaeche_m2": 104.622508, "gebaeudealter_2026": 133.0, "gebaeude_nutzung": "Gebäude Wohnen", "qualitaet": "AV93", "bev_pers_n": 204.0, "bev_dichte_pha": 204.0 }, "geometry": { "type": "Point", "coordinates": [ 8.526523627076561, 47.378612014861311 ] } },
{ "type": "Feature", "properties": { "egid_int": 148593, "strasse": "Kernstrasse", "hausnummer": "63", "plz": 8004.0, "ortschaft": "Zürich", "baujahr": 1893.0, "grundflaeche_m2": 82.39065, "gebaeudealter_2026": 133.0, "gebaeude_nutzung": "Gebäude Wohnen", "qualitaet": "AV93", "bev_pers_n": 204.0, "bev_dichte_pha": 204.0 }, "geometry": { "type": "Point", "coordinates": [ 8.526317088423903, 47.378421068590306 ] } },
{ "type": "Feature", "properties": { "egid_int": 148594, "strasse": "Kernstrasse", "hausnummer": "67", "plz": 8004.0, "ortschaft": "Zürich", "baujahr": 1893.0, "grundflaeche_m2": 80.2131615, "gebaeudealter_2026": 133.0, "gebaeude_nutzung": "Gebäude Wohnen", "qualitaet": "AV93", "bev_pers_n": 204.0, "bev_dichte_pha": 204.0 }, "geometry": { "type": "Point", "coordinates": [ 8.526457803015868, 47.378542239002577 ] } },
{ "type": "Feature", "properties": { "egid_int": 148595, "strasse": "Kernstrasse", "hausnummer": "68", "plz": 8004.0, "ortschaft": "Zürich", "baujahr": 1894.0, "grundflaeche_m2": 87.5712795, "gebaeudealter_2026": 132.0, "gebaeude_nutzung": "Gebäude Wohnen", "qualitaet": "AV93", "bev_pers_n": 204.0, "bev_dichte_pha": 204.0 }, "geometry": { "type": "Point", "coordinates": [ 8.526543436704181, 47.378377073948414 ] } },
{ "type": "Feature", "properties": { "egid_int": 148596, "strasse": "Brauerstrasse", "hausnummer": "52", "plz": 8004.0, "ortschaft": "Zürich", "baujahr": 1893.0, "grundflaeche_m2": 102.413758, "gebaeudealter_2026": 133.0, "gebaeude_nutzung": "Gebäude Wohnen", "qualitaet": "AV93", "bev_pers_n": 204.0, "bev_dichte_pha": 204.0 }, "geometry": { "type": "Point", "coordinates": [ 8.526239037943204, 47.378358891655544 ] } },
{ "type": "Feature", "properties": { "egid_int": 148597, "strasse": "Brauerstrasse", "hausnummer": "54", "plz": 8004.0, "ortschaft": "Zürich", "baujahr": 1893.0, "grundflaeche_m2": 148.2644835, "gebaeudealter_2026": 133.0, "gebaeude_nutzung": "Gebäude Wohnen", "qualitaet": "AV93", "bev_pers_n": 204.0, "bev_dichte_pha": 204.0 }, "geometry": { "type": "Point", "coordinates": [ 8.526133791155376, 47.378431915319119 ] } },
{ "type": "Feature", "properties": { "egid_int": 148599, "strasse": "Brauerstrasse", "hausnummer": "66", "plz": 8004.0, "ortschaft": "Zürich", "baujahr": 1881.0, "grundflaeche_m2": 324.87135, "gebaeudealter_2026": 145.0, "gebaeude_nutzung": "Gebäude Verwaltung", "qualitaet": "AV93", "bev_pers_n": 201.0, "bev_dichte_pha": 201.0 }, "geometry": { "type": "Point", "coordinates": [ 8.525541920780761, 47.378964553906805 ] } },
{ "type": "Feature", "properties": { "egid_int": 148600, "strasse": "Brauerstrasse", "hausnummer": "74", "plz": 8004.0, "ortschaft": "Zürich", "baujahr": 1894.0, "grundflaeche_m2": 179.54352, "gebaeudealter_2026": 132.0, "gebaeude_nutzung": "Gebäude Wohnen", "qualitaet": "AV93", "bev_pers_n": 201.0, "bev_dichte_pha": 201.0 }, "geometry": { "type": "Point", "coordinates": [ 8.524912596752189, 47.379060370379506 ] } },
{ "type": "Feature", "properties": { "egid_int": 148601, "strasse": "Brauerstrasse", "hausnummer": "76", "plz": 8004.0, "ortschaft": "Zürich", "baujahr": 1894.0, "grundflaeche_m2": 93.3255555, "gebaeudealter_2026": 132.0, "gebaeude_nutzung": "Gebäude Wohnen", "qualitaet": "AV93", "bev_pers_n": 201.0, "bev_dichte_pha": 201.0 }, "geometry": { "type": "Point", "coordinates": [ 8.524775661362568, 47.379132989110744 ] } },
{ "type": "Feature", "properties": { "egid_int": 148602, "strasse": "Brauerstrasse", "hausnummer": "78", "plz": 8004.0, "ortschaft": "Zürich", "baujahr": 1895.0, "grundflaeche_m2": 151.8526795, "gebaeudealter_2026": 131.0, "gebaeude_nutzung": "Gebäude Wohnen", "qualitaet": "AV93", "bev_pers_n": 201.0, "bev_dichte_pha": 201.0 }, "geometry": { "type": "Point", "coordinates": [ 8.524643435719982, 47.379200193321715 ] } },
{ "type": "Feature", "properties": { "egid_int": 148603, "strasse": "Brauerstrasse", "hausnummer": "80", "plz": 8004.0, "ortschaft": "Zürich", "baujahr": 1895.0, "grundflaeche_m2": 138.442743, "gebaeudealter_2026": 131.0, "gebaeude_nutzung": "Gebäude Wohnen", "qualitaet": "AV93", "bev_pers_n": 201.0, "bev_dichte_pha": 201.0 }, "geometry": { "type": "Point", "coordinates": [ 8.524489122727287, 47.379281160610297 ] } },
{ "type": "Feature", "properties": { "egid_int": 148604, "strasse": "Magnusstrasse", "hausnummer": "1", "plz": 8004.0, "ortschaft": "Zürich", "baujahr": 1889.0, "grundflaeche_m2": 90.0196635, "gebaeudealter_2026": 137.0, "gebaeude_nutzung": "Gebäude Wohnen", "qualitaet": "AV93", "bev_pers_n": 275.0, "bev_dichte_pha": 275.0 }, "geometry": { "type": "Point", "coordinates": [ 8.524253089866914, 47.379407799227465 ] } },
{ "type": "Feature", "properties": { "egid_int": 148605, "strasse": "Magnusstrasse", "hausnummer": "4", "plz": 8004.0, "ortschaft": "Zürich", "baujahr": 1896.0, "grundflaeche_m2": 85.260803, "gebaeudealter_2026": 130.0, "gebaeude_nutzung": "Gebäude Wohnen", "qualitaet": "AV93", "bev_pers_n": 201.0, "bev_dichte_pha": 201.0 }, "geometry": { "type": "Point", "coordinates": [ 8.524556939403547, 47.379366921118951 ] } },
{ "type": "Feature", "properties": { "egid_int": 148606, "strasse": "Magnusstrasse", "hausnummer": "5", "plz": 8004.0, "ortschaft": "Zürich", "baujahr": 1896.0, "grundflaeche_m2": 605.9350575, "gebaeudealter_2026": 130.0, "gebaeude_nutzung": "Gebäude Wohnen", "qualitaet": "AV93", "bev_pers_n": 266.0, "bev_dichte_pha": 266.0 }, "geometry": { "type": "Point", "coordinates": [ 8.524473531973509, 47.379642388588437 ] } },
{ "type": "Feature", "properties": { "egid_int": 148607, "strasse": "Magnusstrasse", "hausnummer": "8", "plz": 8004.0, "ortschaft": "Zürich", "baujahr": 1896.0, "grundflaeche_m2": 122.1676655, "gebaeudealter_2026": 130.0, "gebaeude_nutzung": "Gebäude Wohnen", "qualitaet": "AV93", "bev_pers_n": 201.0, "bev_dichte_pha": 201.0 }, "geometry": { "type": "Point", "coordinates": [ 8.524632081291468, 47.379436511490233 ] } },
{ "type": "Feature", "properties": { "egid_int": 148608, "strasse": "Magnusstrasse", "hausnummer": "10", "plz": 8004.0, "ortschaft": "Zürich", "baujahr": 1896.0, "grundflaeche_m2": 131.080949, "gebaeudealter_2026": 130.0, "gebaeude_nutzung": "Gebäude Wohnen", "qualitaet": "AV93", "bev_pers_n": 290.0, "bev_dichte_pha": 290.0 }, "geometry": { "type": "Point", "coordinates": [ 8.524738640286246, 47.379546608234818 ] } },
{ "type": "Feature", "properties": { "egid_int": 148609, "strasse": "Nietengasse", "hausnummer": "1", "plz": 8004.0, "ortschaft": "Zürich", "baujahr": 1895.0, "grundflaeche_m2": 141.789716, "gebaeudealter_2026": 131.0, "gebaeude_nutzung": "Gebäude Wohnen", "qualitaet": "AV93", "bev_pers_n": 201.0, "bev_dichte_pha": 201.0 }, "geometry": { "type": "Point", "coordinates": [ 8.525041298197216, 47.379141249430461 ] } },
{ "type": "Feature", "properties": { "egid_int": 148610, "strasse": "Dienerstrasse", "hausnummer": "50", "plz": 8004.0, "ortschaft": "Zürich", "baujahr": 1972.0, "grundflaeche_m2": 63.7122075, "gebaeudealter_2026": 54.0, "gebaeude_nutzung": "Gebäude Wohnen", "qualitaet": "AV93", "bev_pers_n": 233.0, "bev_dichte_pha": 233.0 }, "geometry": { "type": "Point", "coordinates": [ 8.526744925581381, 47.378716972423419 ] } },
{ "type": "Feature", "properties": { "egid_int": 148611, "strasse": "Dienerstrasse", "hausnummer": "53", "plz": 8004.0, "ortschaft": "Zürich", "baujahr": 1893.0, "grundflaeche_m2": 102.6444605, "gebaeudealter_2026": 133.0, "gebaeude_nutzung": "Gebäude Wohnen", "qualitaet": "AV93", "bev_pers_n": 233.0, "bev_dichte_pha": 233.0 }, "geometry": { "type": "Point", "coordinates": [ 8.526407203193122, 47.378679198257622 ] } },
{ "type": "Feature", "properties": { "egid_int": 148612, "strasse": "Dienerstrasse", "hausnummer": "56", "plz": 8004.0, "ortschaft": "Zürich", "baujahr": 1937.0, "grundflaeche_m2": 146.31873, "gebaeudealter_2026": 89.0, "gebaeude_nutzung": "Gebäude Wohnen", "qualitaet": "AV93", "bev_pers_n": 233.0, "bev_dichte_pha": 233.0 }, "geometry": { "type": "Point", "coordinates": [ 8.526507286039248, 47.378847561741061 ] } },
{ "type": "Feature", "properties": { "egid_int": 148613, "strasse": "Dienerstrasse", "hausnummer": "58", "plz": 8004.0, "ortschaft": "Zürich", "baujahr": 1937.0, "grundflaeche_m2": 179.0045545, "gebaeudealter_2026": 89.0, "gebaeude_nutzung": "Gebäude Wohnen", "qualitaet": "AV93", "bev_pers_n": 233.0, "bev_dichte_pha": 233.0 }, "geometry": { "type": "Point", "coordinates": [ 8.526291075746954, 47.378970527831683 ] } },
{ "type": "Feature", "properties": { "egid_int": 148614, "strasse": "Dienerstrasse", "hausnummer": "62", "plz": 8004.0, "ortschaft": "Zürich", "baujahr": 1894.0, "grundflaeche_m2": 93.7879135, "gebaeudealter_2026": 132.0, "gebaeude_nutzung": "Gebäude Wohnen", "qualitaet": "AV93", "bev_pers_n": 233.0, "bev_dichte_pha": 233.0 }, "geometry": { "type": "Point", "coordinates": [ 8.526070366347271, 47.379102800814557 ] } },
{ "type": "Feature", "properties": { "egid_int": 148615, "strasse": "Dienerstrasse", "hausnummer": "64", "plz": 8004.0, "ortschaft": "Zürich", "baujahr": 1894.0, "grundflaeche_m2": 123.9271555, "gebaeudealter_2026": 132.0, "gebaeude_nutzung": "Gebäude Wohnen", "qualitaet": "AV93", "bev_pers_n": 233.0, "bev_dichte_pha": 233.0 }, "geometry": { "type": "Point", "coordinates": [ 8.525964903192049, 47.379165302053842 ] } },
{ "type": "Feature", "properties": { "egid_int": 148616, "strasse": "Dienerstrasse", "hausnummer": "68", "plz": 8004.0, "ortschaft": "Zürich", "baujahr": 1894.0, "grundflaeche_m2": 98.701756, "gebaeudealter_2026": 132.0, "gebaeude_nutzung": "Gebäude Wohnen", "qualitaet": "AV93", "bev_pers_n": 201.0, "bev_dichte_pha": 201.0 }, "geometry": { "type": "Point", "coordinates": [ 8.525724924357824, 47.379283327571464 ] } },
{ "type": "Feature", "properties": { "egid_int": 148617, "strasse": "Dienerstrasse", "hausnummer": "70", "plz": 8004.0, "ortschaft": "Zürich", "baujahr": 1894.0, "grundflaeche_m2": 151.723649, "gebaeudealter_2026": 132.0, "gebaeude_nutzung": "Gebäude Wohnen", "qualitaet": "AV93", "bev_pers_n": 201.0, "bev_dichte_pha": 201.0 }, "geometry": { "type": "Point", "coordinates": [ 8.52557399066389, 47.379362393539559 ] } },
{ "type": "Feature", "properties": { "egid_int": 148618, "strasse": "Dienerstrasse", "hausnummer": "72", "plz": 8004.0, "ortschaft": "Zürich", "baujahr": 1894.0, "grundflaeche_m2": 93.545839, "gebaeudealter_2026": 132.0, "gebaeude_nutzung": "Gebäude Wohnen", "qualitaet": "AV93", "bev_pers_n": 201.0, "bev_dichte_pha": 201.0 }, "geometry": { "type": "Point", "coordinates": [ 8.52542326418693, 47.379450344518361 ] } },
{ "type": "Feature", "properties": { "egid_int": 148619, "strasse": "Dienerstrasse", "hausnummer": "75", "plz": 8004.0, "ortschaft": "Zürich", "baujahr": 1896.0, "grundflaeche_m2": 112.2746615, "gebaeudealter_2026": 130.0, "gebaeude_nutzung": "Gebäude Wohnen", "qualitaet": "AV93", "bev_pers_n": 201.0, "bev_dichte_pha": 201.0 }, "geometry": { "type": "Point", "coordinates": [ 8.525226354847582, 47.379291922012733 ] } },
{ "type": "Feature", "properties": { "egid_int": 148620, "strasse": "Dienerstrasse", "hausnummer": "77", "plz": 8004.0, "ortschaft": "Zürich", "baujahr": 1897.0, "grundflaeche_m2": 76.9265445, "gebaeudealter_2026": 129.0, "gebaeude_nutzung": "Gebäude Wohnen", "qualitaet": "AV93", "bev_pers_n": 201.0, "bev_dichte_pha": 201.0 }, "geometry": { "type": "Point", "coordinates": [ 8.525128153400736, 47.379349514801937 ] } },
{ "type": "Feature", "properties": { "egid_int": 148621, "strasse": "Dienerstrasse", "hausnummer": "79", "plz": 8004.0, "ortschaft": "Zürich", "baujahr": 1897.0, "grundflaeche_m2": 76.9416055, "gebaeudealter_2026": 129.0, "gebaeude_nutzung": "Gebäude Wohnen", "qualitaet": "AV93", "bev_pers_n": 201.0, "bev_dichte_pha": 201.0 }, "geometry": { "type": "Point", "coordinates": [ 8.525040974853241, 47.379395004373769 ] } },
{ "type": "Feature", "properties": { "egid_int": 148622, "strasse": "Dienerstrasse", "hausnummer": "81", "plz": 8004.0, "ortschaft": "Zürich", "baujahr": 1897.0, "grundflaeche_m2": 77.3269865, "gebaeudealter_2026": 129.0, "gebaeude_nutzung": "Gebäude Wohnen", "qualitaet": "AV93", "bev_pers_n": 201.0, "bev_dichte_pha": 201.0 }, "geometry": { "type": "Point", "coordinates": [ 8.524954143581882, 47.379442595466493 ] } },
{ "type": "Feature", "properties": { "egid_int": 148623, "strasse": "Dienerstrasse", "hausnummer": "83", "plz": 8004.0, "ortschaft": "Zürich", "baujahr": 1896.0, "grundflaeche_m2": 84.75978, "gebaeudealter_2026": 130.0, "gebaeude_nutzung": "Gebäude Wohnen", "qualitaet": "AV93", "bev_pers_n": 201.0, "bev_dichte_pha": 201.0 }, "geometry": { "type": "Point", "coordinates": [ 8.524861851939603, 47.379492585556086 ] } },
{ "type": "Feature", "properties": { "egid_int": 148624, "strasse": "Nietengasse", "hausnummer": "7", "plz": 8004.0, "ortschaft": "Zürich", "baujahr": 1895.0, "grundflaeche_m2": 84.765244, "gebaeudealter_2026": 131.0, "gebaeude_nutzung": "Gebäude Wohnen", "qualitaet": "AV93", "bev_pers_n": 201.0, "bev_dichte_pha": 201.0 }, "geometry": { "type": "Point", "coordinates": [ 8.525141078127552, 47.379222166481952 ] } },
{ "type": "Feature", "properties": { "egid_int": 148625, "strasse": "Langstrasse", "hausnummer": "103", "plz": 8004.0, "ortschaft": "Zürich", "baujahr": 1881.0, "grundflaeche_m2": 294.7534352, "gebaeudealter_2026": 145.0, "gebaeude_nutzung": "Gebäude Wohnen", "qualitaet": "AV93", "bev_pers_n": 233.0, "bev_dichte_pha": 233.0 }, "geometry": { "type": "Point", "coordinates": [ 8.526980346768616, 47.37867949388805 ] } },
{ "type": "Feature", "properties": { "egid_int": 148626, "strasse": "Rolandstrasse", "hausnummer": "3", "plz": 8004.0, "ortschaft": "Zürich", "baujahr": 1972.0, "grundflaeche_m2": 168.0391895, "gebaeudealter_2026": 54.0, "gebaeude_nutzung": "Gebäude Wohnen", "qualitaet": "AV93", "bev_pers_n": 233.0, "bev_dichte_pha": 233.0 }, "geometry": { "type": "Point", "coordinates": [ 8.526875875363894, 47.378837172884239 ] } },
{ "type": "Feature", "properties": { "egid_int": 148627, "strasse": "Rolandstrasse", "hausnummer": "9", "plz": 8004.0, "ortschaft": "Zürich", "baujahr": 1977.0, "grundflaeche_m2": 250.7356705, "gebaeudealter_2026": 49.0, "gebaeude_nutzung": "Gebäude Wohnen", "qualitaet": "AV93", "bev_pers_n": 233.0, "bev_dichte_pha": 233.0 }, "geometry": { "type": "Point", "coordinates": [ 8.526636199429863, 47.378965325979216 ] } },
{ "type": "Feature", "properties": { "egid_int": 148628, "strasse": "Rolandstrasse", "hausnummer": "15", "plz": 8004.0, "ortschaft": "Zürich", "baujahr": 1972.0, "grundflaeche_m2": 135.418796, "gebaeudealter_2026": 54.0, "gebaeude_nutzung": "Gebäude Wohnen", "qualitaet": "AV93", "bev_pers_n": 233.0, "bev_dichte_pha": 233.0 }, "geometry": { "type": "Point", "coordinates": [ 8.526410544356613, 47.379092069233302 ] } },
{ "type": "Feature", "properties": { "egid_int": 148629, "strasse": "Rolandstrasse", "hausnummer": "17", "plz": 8004.0, "ortschaft": "Zürich", "baujahr": 1894.0, "grundflaeche_m2": 100.1072345, "gebaeudealter_2026": 132.0, "gebaeude_nutzung": "Gebäude Wohnen", "qualitaet": "AV93", "bev_pers_n": 233.0, "bev_dichte_pha": 233.0 }, "geometry": { "type": "Point", "coordinates": [ 8.526221803183706, 47.379190588674746 ] } },
{ "type": "Feature", "properties": { "egid_int": 148630, "strasse": "Rolandstrasse", "hausnummer": "19", "plz": 8004.0, "ortschaft": "Zürich", "baujahr": 1894.0, "grundflaeche_m2": 114.265237, "gebaeudealter_2026": 132.0, "gebaeude_nutzung": "Gebäude Wohnen", "qualitaet": "AV93", "bev_pers_n": 233.0, "bev_dichte_pha": 233.0 }, "geometry": { "type": "Point", "coordinates": [ 8.526083107429097, 47.379248905331337 ] } },
{ "type": "Feature", "properties": { "egid_int": 148631, "strasse": "Rolandstrasse", "hausnummer": "23", "plz": 8004.0, "ortschaft": "Zürich", "baujahr": 1894.0, "grundflaeche_m2": 150.708251, "gebaeudealter_2026": 132.0, "gebaeude_nutzung": "Gebäude Wohnen", "qualitaet": "AV93", "bev_pers_n": 233.0, "bev_dichte_pha": 233.0 }, "geometry": { "type": "Point", "coordinates": [ 8.525849297419265, 47.379382398586642 ] } },
{ "type": "Feature", "properties": { "egid_int": 148632, "strasse": "Rolandstrasse", "hausnummer": "25", "plz": 8004.0, "ortschaft": "Zürich", "baujahr": 1894.0, "grundflaeche_m2": 108.8269615, "gebaeudealter_2026": 132.0, "gebaeude_nutzung": "Gebäude Wohnen", "qualitaet": "AV93", "bev_pers_n": 201.0, "bev_dichte_pha": 201.0 }, "geometry": { "type": "Point", "coordinates": [ 8.525712685854842, 47.379460484402848 ] } },
{ "type": "Feature", "properties": { "egid_int": 148633, "strasse": "Feldstrasse", "hausnummer": "115", "plz": 8004.0, "ortschaft": "Zürich", "baujahr": 1899.0, "grundflaeche_m2": 238.8109285, "gebaeudealter_2026": 127.0, "gebaeude_nutzung": "Gebäude Wohnen", "qualitaet": "AV93", "bev_pers_n": 266.0, "bev_dichte_pha": 266.0 }, "geometry": { "type": "Point", "coordinates": [ 8.523910868351138, 47.379614852734747 ] } },
{ "type": "Feature", "properties": { "egid_int": 148634, "strasse": "Feldstrasse", "hausnummer": "118", "plz": 8004.0, "ortschaft": "Zürich", "baujahr": 1890.0, "grundflaeche_m2": 104.123909, "gebaeudealter_2026": 136.0, "gebaeude_nutzung": "Gebäude Wohnen", "qualitaet": "AV93", "bev_pers_n": 275.0, "bev_dichte_pha": 275.0 }, "geometry": { "type": "Point", "coordinates": [ 8.524159248982293, 47.379449374897916 ] } },
{ "type": "Feature", "properties": { "egid_int": 148635, "strasse": "Feldstrasse", "hausnummer": "119", "plz": 8004.0, "ortschaft": "Zürich", "baujahr": 1899.0, "grundflaeche_m2": 116.7840365, "gebaeudealter_2026": 127.0, "gebaeude_nutzung": "Gebäude Wohnen", "qualitaet": "AV93", "bev_pers_n": 266.0, "bev_dichte_pha": 266.0 }, "geometry": { "type": "Point", "coordinates": [ 8.524016457020849, 47.379730032482428 ] } },
{ "type": "Feature", "properties": { "egid_int": 148636, "strasse": "Feldstrasse", "hausnummer": "121", "plz": 8004.0, "ortschaft": "Zürich", "baujahr": 1899.0, "grundflaeche_m2": 219.015657, "gebaeudealter_2026": 127.0, "gebaeude_nutzung": "Gebäude Wohnen", "qualitaet": "AV93", "bev_pers_n": 266.0, "bev_dichte_pha": 266.0 }, "geometry": { "type": "Point", "coordinates": [ 8.524121178478131, 47.379825368092874 ] } },
{ "type": "Feature", "properties": { "egid_int": 148637, "strasse": "Feldstrasse", "hausnummer": "123", "plz": 8004.0, "ortschaft": "Zürich", "baujahr": 1947.0, "grundflaeche_m2": 152.241797, "gebaeudealter_2026": 79.0, "gebaeude_nutzung": "Gebäude Wohnen", "qualitaet": "AV93", "bev_pers_n": 266.0, "bev_dichte_pha": 266.0 }, "geometry": { "type": "Point", "coordinates": [ 8.523998470585409, 47.37991980921354 ] } },
{ "type": "Feature", "properties": { "egid_int": 148638, "strasse": "Feldstrasse", "hausnummer": "125", "plz": 8004.0, "ortschaft": "Zürich", "baujahr": 1947.0, "grundflaeche_m2": 142.205448, "gebaeudealter_2026": 79.0, "gebaeude_nutzung": "Gebäude Wohnen", "qualitaet": "AV93", "bev_pers_n": 266.0, "bev_dichte_pha": 266.0 }, "geometry": { "type": "Point", "coordinates": [ 8.52390620059102, 47.380038583848446 ] } },
{ "type": "Feature", "properties": { "egid_int": 148639, "strasse": "Feldstrasse", "hausnummer": "127", "plz": 8004.0, "ortschaft": "Zürich", "baujahr": 1948.0, "grundflaeche_m2": 272.9700135, "gebaeudealter_2026": 78.0, "gebaeude_nutzung": "Gebäude Wohnen", "qualitaet": "AV93", "bev_pers_n": 266.0, "bev_dichte_pha": 266.0 }, "geometry": { "type": "Point", "coordinates": [ 8.523858286698877, 47.380154351145237 ] } },
{ "type": "Feature", "properties": { "egid_int": 148640, "strasse": "Feldstrasse", "hausnummer": "129", "plz": 8004.0, "ortschaft": "Zürich", "baujahr": 1949.0, "grundflaeche_m2": 169.170718, "gebaeudealter_2026": 77.0, "gebaeude_nutzung": "Gebäude Wohnen", "qualitaet": "AV93", "bev_pers_n": 266.0, "bev_dichte_pha": 266.0 }, "geometry": { "type": "Point", "coordinates": [ 8.524059164816068, 47.380276848195322 ] } },
{ "type": "Feature", "properties": { "egid_int": 148642, "strasse": "Brauerstrasse", "hausnummer": "98", "plz": 8004.0, "ortschaft": "Zürich", "baujahr": 1930.0, "grundflaeche_m2": 189.6243685, "gebaeudealter_2026": 96.0, "gebaeude_nutzung": "Gebäude Wohnen", "qualitaet": "AV93", "bev_pers_n": 266.0, "bev_dichte_pha": 266.0 }, "geometry": { "type": "Point", "coordinates": [ 8.523714107246466, 47.379694436692795 ] } },
{ "type": "Feature", "properties": { "egid_int": 148643, "strasse": "Brauerstrasse", "hausnummer": "102", "plz": 8004.0, "ortschaft": "Zürich", "baujahr": 1930.0, "grundflaeche_m2": 172.880788, "gebaeudealter_2026": 96.0, "gebaeude_nutzung": "Gebäude Wohnen", "qualitaet": "AV93", "bev_pers_n": 266.0, "bev_dichte_pha": 266.0 }, "geometry": { "type": "Point", "coordinates": [ 8.523573814660699, 47.379799413879525 ] } },
{ "type": "Feature", "properties": { "egid_int": 148644, "strasse": "Brauerstrasse", "hausnummer": "104", "plz": 8004.0, "ortschaft": "Zürich", "baujahr": 1930.0, "grundflaeche_m2": 173.149677, "gebaeudealter_2026": 96.0, "gebaeude_nutzung": "Gebäude Wohnen", "qualitaet": "AV93", "bev_pers_n": 266.0, "bev_dichte_pha": 266.0 }, "geometry": { "type": "Point", "coordinates": [ 8.52341201168089, 47.379886026985929 ] } },
{ "type": "Feature", "properties": { "egid_int": 148645, "strasse": "Brauerstrasse", "hausnummer": "108", "plz": 8004.0, "ortschaft": "Zürich", "baujahr": 1930.0, "grundflaeche_m2": 157.0479265, "gebaeudealter_2026": 96.0, "gebaeude_nutzung": "Gebäude Wohnen", "qualitaet": "AV93", "bev_pers_n": 266.0, "bev_dichte_pha": 266.0 }, "geometry": { "type": "Point", "coordinates": [ 8.523256674580372, 47.3799630623366 ] } },
{ "type": "Feature", "properties": { "egid_int": 148646, "strasse": "Brauerstrasse", "hausnummer": "110", "plz": 8004.0, "ortschaft": "Zürich", "baujahr": 1930.0, "grundflaeche_m2": 318.81615892999997, "gebaeudealter_2026": 96.0, "gebaeude_nutzung": "Gebäude Wohnen", "qualitaet": "AV93", "bev_pers_n": 176.0, "bev_dichte_pha": 176.0 }, "geometry": { "type": "Point", "coordinates": [ 8.523105684345662, 47.380042224485607 ] } },
{ "type": "Feature", "properties": { "egid_int": 148647, "strasse": "Brauerstrasse", "hausnummer": "112", "plz": 8004.0, "ortschaft": "Zürich", "baujahr": 1931.0, "grundflaeche_m2": 211.6526985, "gebaeudealter_2026": 95.0, "gebaeude_nutzung": "Gebäude Wohnen", "qualitaet": "AV93", "bev_pers_n": 266.0, "bev_dichte_pha": 266.0 }, "geometry": { "type": "Point", "coordinates": [ 8.523367494443548, 47.380158969539735 ] } },
{ "type": "Feature", "properties": { "egid_int": 148648, "strasse": "Brauerstrasse", "hausnummer": "114", "plz": 8004.0, "ortschaft": "Zürich", "baujahr": 1931.0, "grundflaeche_m2": 163.2581905, "gebaeudealter_2026": 95.0, "gebaeude_nutzung": "Gebäude Wohnen", "qualitaet": "AV93", "bev_pers_n": 266.0, "bev_dichte_pha": 266.0 }, "geometry": { "type": "Point", "coordinates": [ 8.523593931077469, 47.380195603047639 ] } },
{ "type": "Feature", "properties": { "egid_int": 148649, "strasse": "Brauerstrasse", "hausnummer": "120", "plz": 8004.0, "ortschaft": "Zürich", "baujahr": 1966.0, "grundflaeche_m2": 209.14037, "gebaeudealter_2026": 60.0, "gebaeude_nutzung": "Gebäude Wohnen", "qualitaet": "AV93", "bev_pers_n": 84.0, "bev_dichte_pha": 84.0 }, "geometry": { "type": "Point", "coordinates": [ 8.52359932122401, 47.380513727081102 ] } },
{ "type": "Feature", "properties": { "egid_int": 148650, "strasse": "Brauerstrasse", "hausnummer": "122", "plz": 8004.0, "ortschaft": "Zürich", "baujahr": 1966.0, "grundflaeche_m2": 170.7740815, "gebaeudealter_2026": 60.0, "gebaeude_nutzung": "Gebäude Wohnen", "qualitaet": "AV93", "bev_pers_n": 84.0, "bev_dichte_pha": 84.0 }, "geometry": { "type": "Point", "coordinates": [ 8.523301919921652, 47.380458591328775 ] } },
{ "type": "Feature", "properties": { "egid_int": 148651, "strasse": "Brauerstrasse", "hausnummer": "124", "plz": 8004.0, "ortschaft": "Zürich", "baujahr": 1966.0, "grundflaeche_m2": 171.6634725, "gebaeudealter_2026": 60.0, "gebaeude_nutzung": "Gebäude Wohnen", "qualitaet": "AV93", "bev_pers_n": 176.0, "bev_dichte_pha": 176.0 }, "geometry": { "type": "Point", "coordinates": [ 8.523014549916551, 47.380404377102558 ] } },
{ "type": "Feature", "properties": { "egid_int": 148652, "strasse": "Brauerstrasse", "hausnummer": "126", "plz": 8004.0, "ortschaft": "Zürich", "baujahr": 1885.0, "grundflaeche_m2": 192.1384325, "gebaeudealter_2026": 141.0, "gebaeude_nutzung": "Gebäude Wohnen", "qualitaet": "AV93", "bev_pers_n": 176.0, "bev_dichte_pha": 176.0 }, "geometry": { "type": "Point", "coordinates": [ 8.522756735314756, 47.380217144147522 ] } },
{ "type": "Feature", "properties": { "egid_int": 148653, "strasse": "Brauerstrasse", "hausnummer": "118", "plz": 8004.0, "ortschaft": "Zürich", "baujahr": 1966.0, "grundflaeche_m2": 172.2365665, "gebaeudealter_2026": 60.0, "gebaeude_nutzung": "Gebäude Wohnen", "qualitaet": "AV93", "bev_pers_n": 84.0, "bev_dichte_pha": 84.0 }, "geometry": { "type": "Point", "coordinates": [ 8.523886167905044, 47.380596162403222 ] } },
{ "type": "Feature", "properties": { "egid_int": 148654, "strasse": "Gamperstrasse", "hausnummer": "7", "plz": 8004.0, "ortschaft": "Zürich", "baujahr": 1894.0, "grundflaeche_m2": 171.6680505, "gebaeudealter_2026": 132.0, "gebaeude_nutzung": "Gebäude Wohnen", "qualitaet": "AV93", "bev_pers_n": 84.0, "bev_dichte_pha": 84.0 }, "geometry": { "type": "Point", "coordinates": [ 8.52435983749214, 47.38050623132321 ] } },
{ "type": "Feature", "properties": { "egid_int": 148655, "strasse": "Gamperstrasse", "hausnummer": "8", "plz": 8004.0, "ortschaft": "Zürich", "baujahr": 1893.0, "grundflaeche_m2": 173.3921455, "gebaeudealter_2026": 133.0, "gebaeude_nutzung": "Gebäude Wohnen", "qualitaet": "AV93", "bev_pers_n": 76.0, "bev_dichte_pha": 76.0 }, "geometry": { "type": "Point", "coordinates": [ 8.524518676608535, 47.380680376744301 ] } },
{ "type": "Feature", "properties": { "egid_int": 148656, "strasse": "Gamperstrasse", "hausnummer": "9", "plz": 8004.0, "ortschaft": "Zürich", "baujahr": 1894.0, "grundflaeche_m2": 110.733239, "gebaeudealter_2026": 132.0, "gebaeude_nutzung": "Gebäude Wohnen", "qualitaet": "AV93", "bev_pers_n": 84.0, "bev_dichte_pha": 84.0 }, "geometry": { "type": "Point", "coordinates": [ 8.524215991916957, 47.380587009849101 ] } },
{ "type": "Feature", "properties": { "egid_int": 148657, "strasse": "Feldstrasse", "hausnummer": "141", "plz": 8004.0, "ortschaft": "Zürich", "baujahr": 1893.0, "grundflaeche_m2": 179.509894, "gebaeudealter_2026": 133.0, "gebaeude_nutzung": "Gebäude Wohnen", "qualitaet": "AV93", "bev_pers_n": 290.0, "bev_dichte_pha": 290.0 }, "geometry": { "type": "Point", "coordinates": [ 8.524637898254786, 47.380343963683323 ] } },
{ "type": "Feature", "properties": { "egid_int": 148658, "strasse": "Feldstrasse", "hausnummer": "145", "plz": 8004.0, "ortschaft": "Zürich", "baujahr": 1893.0, "grundflaeche_m2": 178.375464, "gebaeudealter_2026": 133.0, "gebaeude_nutzung": "Gebäude Wohnen", "qualitaet": "AV93", "bev_pers_n": 76.0, "bev_dichte_pha": 76.0 }, "geometry": { "type": "Point", "coordinates": [ 8.524798877640768, 47.380504838828173 ] } },
{ "type": "Feature", "properties": { "egid_int": 148659, "strasse": "Nietengasse", "hausnummer": "9", "plz": 8004.0, "ortschaft": "Zürich", "baujahr": 1896.0, "grundflaeche_m2": 99.4843215, "gebaeudealter_2026": 130.0, "gebaeude_nutzung": "Gebäude Wohnen", "qualitaet": "AV93", "bev_pers_n": 290.0, "bev_dichte_pha": 290.0 }, "geometry": { "type": "Point", "coordinates": [ 8.525204379139755, 47.379561226257309 ] } },
{ "type": "Feature", "properties": { "egid_int": 148660, "strasse": "Nietengasse", "hausnummer": "11", "plz": 8004.0, "ortschaft": "Zürich", "baujahr": 1896.0, "grundflaeche_m2": 150.3593625, "gebaeudealter_2026": 130.0, "gebaeude_nutzung": "Gebäude Wohnen", "qualitaet": "AV93", "bev_pers_n": 290.0, "bev_dichte_pha": 290.0 }, "geometry": { "type": "Point", "coordinates": [ 8.525305346604661, 47.379648374598695 ] } },
{ "type": "Feature", "properties": { "egid_int": 148661, "strasse": "Dienerstrasse", "hausnummer": "76", "plz": 8004.0, "ortschaft": "Zürich", "baujahr": 1899.0, "grundflaeche_m2": 101.147011, "gebaeudealter_2026": 127.0, "gebaeude_nutzung": "Gebäude Gastgewerbe", "qualitaet": "AV93", "bev_pers_n": 290.0, "bev_dichte_pha": 290.0 }, "geometry": { "type": "Point", "coordinates": [ 8.525052783755498, 47.379636492817376 ] } },
{ "type": "Feature", "properties": { "egid_int": 148662, "strasse": "Rolandstrasse", "hausnummer": "27", "plz": 8004.0, "ortschaft": "Zürich", "baujahr": 1894.0, "grundflaeche_m2": 146.564066, "gebaeudealter_2026": 132.0, "gebaeude_nutzung": "Gebäude Wohnen", "qualitaet": "AV93", "bev_pers_n": 290.0, "bev_dichte_pha": 290.0 }, "geometry": { "type": "Point", "coordinates": [ 8.525557531256942, 47.37954235155631 ] } },
{ "type": "Feature", "properties": { "egid_int": 148663, "strasse": "Rolandstrasse", "hausnummer": "33", "plz": 8004.0, "ortschaft": "Zürich", "baujahr": 1896.0, "grundflaeche_m2": 74.001703, "gebaeudealter_2026": 130.0, "gebaeude_nutzung": "Gebäude Wohnen", "qualitaet": "AV93", "bev_pers_n": 290.0, "bev_dichte_pha": 290.0 }, "geometry": { "type": "Point", "coordinates": [ 8.525188356570778, 47.379733444300335 ] } },
{ "type": "Feature", "properties": { "egid_int": 148664, "strasse": "Rolandstrasse", "hausnummer": "35", "plz": 8004.0, "ortschaft": "Zürich", "baujahr": 1896.0, "grundflaeche_m2": 77.367433, "gebaeudealter_2026": 130.0, "gebaeude_nutzung": "Gebäude Wohnen", "qualitaet": "AV93", "bev_pers_n": 290.0, "bev_dichte_pha": 290.0 }, "geometry": { "type": "Point", "coordinates": [ 8.525098748837483, 47.379779982194442 ] } },
{ "type": "Feature", "properties": { "egid_int": 148665, "strasse": "Magnusstrasse", "hausnummer": "14", "plz": 8004.0, "ortschaft": "Zürich", "baujahr": 1900.0, "grundflaeche_m2": 97.8107675, "gebaeudealter_2026": 126.0, "gebaeude_nutzung": "Gebäude Wohnen", "qualitaet": "AV93", "bev_pers_n": 290.0, "bev_dichte_pha": 290.0 }, "geometry": { "type": "Point", "coordinates": [ 8.524913484949995, 47.379711472640345 ] } },
{ "type": "Feature", "properties": { "egid_int": 148666, "strasse": "Magnusstrasse", "hausnummer": "15", "plz": 8004.0, "ortschaft": "Zürich", "baujahr": 1880.0, "grundflaeche_m2": 271.218871, "gebaeudealter_2026": 146.0, "gebaeude_nutzung": "Gebäude Wohnen", "qualitaet": "AV93", "bev_pers_n": 290.0, "bev_dichte_pha": 290.0 }, "geometry": { "type": "Point", "coordinates": [ 8.52468107787978, 47.379842566570048 ] } },
{ "type": "Feature", "properties": { "egid_int": 148667, "strasse": "Magnusstrasse", "hausnummer": "16", "plz": 8004.0, "ortschaft": "Zürich", "baujahr": 1896.0, "grundflaeche_m2": 112.450263, "gebaeudealter_2026": 130.0, "gebaeude_nutzung": "Gebäude Wohnen", "qualitaet": "AV93", "bev_pers_n": 290.0, "bev_dichte_pha": 290.0 }, "geometry": { "type": "Point", "coordinates": [ 8.524979676479141, 47.379799955708265 ] } },
{ "type": "Feature", "properties": { "egid_int": 148668, "strasse": "Magnusstrasse", "hausnummer": "23", "plz": 8004.0, "ortschaft": "Zürich", "baujahr": 1894.0, "grundflaeche_m2": 91.9881315, "gebaeudealter_2026": 132.0, "gebaeude_nutzung": "Gebäude Wohnen", "qualitaet": "AV93", "bev_pers_n": 290.0, "bev_dichte_pha": 290.0 }, "geometry": { "type": "Point", "coordinates": [ 8.525041615057615, 47.38015275484738 ] } },
{ "type": "Feature", "properties": { "egid_int": 148669, "strasse": "Feldstrasse", "hausnummer": "136", "plz": 8004.0, "ortschaft": "Zürich", "baujahr": 1889.0, "grundflaeche_m2": 64.270949, "gebaeudealter_2026": 137.0, "gebaeude_nutzung": "Gebäude Wohnen", "qualitaet": "AV93", "bev_pers_n": 290.0, "bev_dichte_pha": 290.0 }, "geometry": { "type": "Point", "coordinates": [ 8.524833825042807, 47.380110974559422 ] } },
{ "type": "Feature", "properties": { "egid_int": 148670, "strasse": "Feldstrasse", "hausnummer": "138", "plz": 8004.0, "ortschaft": "Zürich", "baujahr": 1889.0, "grundflaeche_m2": 64.17619, "gebaeudealter_2026": 137.0, "gebaeude_nutzung": "Gebäude Wohnen", "qualitaet": "AV93", "bev_pers_n": 290.0, "bev_dichte_pha": 290.0 }, "geometry": { "type": "Point", "coordinates": [ 8.524941967641578, 47.380213563300629 ] } },
{ "type": "Feature", "properties": { "egid_int": 148671, "strasse": "Feldstrasse", "hausnummer": "140", "plz": 8004.0, "ortschaft": "Zürich", "baujahr": 1889.0, "grundflaeche_m2": 63.92279, "gebaeudealter_2026": 137.0, "gebaeude_nutzung": "Gebäude Wohnen", "qualitaet": "AV93", "bev_pers_n": 290.0, "bev_dichte_pha": 290.0 }, "geometry": { "type": "Point", "coordinates": [ 8.525000320333994, 47.380272184360813 ] } },
{ "type": "Feature", "properties": { "egid_int": 148672, "strasse": "Feldstrasse", "hausnummer": "142", "plz": 8004.0, "ortschaft": "Zürich", "baujahr": 1894.0, "grundflaeche_m2": 144.5099565, "gebaeudealter_2026": 132.0, "gebaeude_nutzung": "Gebäude Wohnen", "qualitaet": "AV93", "bev_pers_n": 290.0, "bev_dichte_pha": 290.0 }, "geometry": { "type": "Point", "coordinates": [ 8.525115932499558, 47.380385802653457 ] } },
{ "type": "Feature", "properties": { "egid_int": 148673, "strasse": "Magnusstrasse", "hausnummer": "25", "plz": 8004.0, "ortschaft": "Zürich", "baujahr": 1894.0, "grundflaeche_m2": 87.7868995, "gebaeudealter_2026": 132.0, "gebaeude_nutzung": "Gebäude Wohnen", "qualitaet": "AV93", "bev_pers_n": 290.0, "bev_dichte_pha": 290.0 }, "geometry": { "type": "Point", "coordinates": [ 8.525133612415853, 47.380240293520288 ] } },
{ "type": "Feature", "properties": { "egid_int": 148674, "strasse": "Magnusstrasse", "hausnummer": "27", "plz": 8004.0, "ortschaft": "Zürich", "baujahr": 1894.0, "grundflaeche_m2": 116.089942, "gebaeudealter_2026": 132.0, "gebaeude_nutzung": "Gebäude Wohnen", "qualitaet": "AV93", "bev_pers_n": 290.0, "bev_dichte_pha": 290.0 }, "geometry": { "type": "Point", "coordinates": [ 8.525223152592934, 47.380325516505266 ] } },
{ "type": "Feature", "properties": { "egid_int": 148675, "strasse": "Schöneggplatz", "hausnummer": "1", "plz": 8004.0, "ortschaft": "Zürich", "baujahr": 1894.0, "grundflaeche_m2": 125.6901205, "gebaeudealter_2026": 132.0, "gebaeude_nutzung": "Gebäude Wohnen", "qualitaet": "AV93", "bev_pers_n": 290.0, "bev_dichte_pha": 290.0 }, "geometry": { "type": "Point", "coordinates": [ 8.525351071651007, 47.380417862331257 ] } },
{ "type": "Feature", "properties": { "egid_int": 148676, "strasse": "Feldstrasse", "hausnummer": "134", "plz": 8004.0, "ortschaft": "Zürich", "baujahr": 1963.0, "grundflaeche_m2": 63.9755475, "gebaeudealter_2026": 63.0, "gebaeude_nutzung": "Gebäude Wohnen", "qualitaet": "AV93", "bev_pers_n": 290.0, "bev_dichte_pha": 290.0 }, "geometry": { "type": "Point", "coordinates": [ 8.52477196819229, 47.380049346016555 ] } },
{ "type": "Feature", "properties": { "egid_int": 148677, "strasse": "Magnusstrasse", "hausnummer": "20", "plz": 8004.0, "ortschaft": "Zürich", "baujahr": 1892.0, "grundflaeche_m2": 103.4348635, "gebaeudealter_2026": 134.0, "gebaeude_nutzung": "Gebäude Wohnen", "qualitaet": "AV93", "bev_pers_n": 290.0, "bev_dichte_pha": 290.0 }, "geometry": { "type": "Point", "coordinates": [ 8.525204512656446, 47.379968568265681 ] } },
{ "type": "Feature", "properties": { "egid_int": 148678, "strasse": "Magnusstrasse", "hausnummer": "22", "plz": 8004.0, "ortschaft": "Zürich", "baujahr": 1892.0, "grundflaeche_m2": 89.359749, "gebaeudealter_2026": 134.0, "gebaeude_nutzung": "Gebäude Wohnen", "qualitaet": "AV93", "bev_pers_n": 290.0, "bev_dichte_pha": 290.0 }, "geometry": { "type": "Point", "coordinates": [ 8.525283849733919, 47.380043129029872 ] } },
{ "type": "Feature", "properties": { "egid_int": 148679, "strasse": "Magnusstrasse", "hausnummer": "28", "plz": 8004.0, "ortschaft": "Zürich", "baujahr": 1878.0, "grundflaeche_m2": 245.139777, "gebaeudealter_2026": 148.0, "gebaeude_nutzung": "Gebäude Wohnen", "qualitaet": "AV93", "bev_pers_n": 290.0, "bev_dichte_pha": 290.0 }, "geometry": { "type": "Point", "coordinates": [ 8.525526557472771, 47.380269105538027 ] } },
{ "type": "Feature", "properties": { "egid_int": 148680, "strasse": "Rolandstrasse", "hausnummer": "36", "plz": 8004.0, "ortschaft": "Zürich", "baujahr": 1894.0, "grundflaeche_m2": 109.098526, "gebaeudealter_2026": 132.0, "gebaeude_nutzung": "Gebäude Wohnen", "qualitaet": "AV93", "bev_pers_n": 290.0, "bev_dichte_pha": 290.0 }, "geometry": { "type": "Point", "coordinates": [ 8.525342935228014, 47.37990061252308 ] } },
{ "type": "Feature", "properties": { "egid_int": 148681, "strasse": "Nietengasse", "hausnummer": "15", "plz": 8004.0, "ortschaft": "Zürich", "baujahr": 1893.0, "grundflaeche_m2": 104.2443505, "gebaeudealter_2026": 133.0, "gebaeude_nutzung": "Gebäude Wohnen", "qualitaet": "AV93", "bev_pers_n": 290.0, "bev_dichte_pha": 290.0 }, "geometry": { "type": "Point", "coordinates": [ 8.52549195948396, 47.379819388036637 ] } },
{ "type": "Feature", "properties": { "egid_int": 148682, "strasse": "Nietengasse", "hausnummer": "16", "plz": 8004.0, "ortschaft": "Zürich", "baujahr": 1895.0, "grundflaeche_m2": 122.99571, "gebaeudealter_2026": 131.0, "gebaeude_nutzung": "Gebäude Wohnen", "qualitaet": "AV93", "bev_pers_n": 290.0, "bev_dichte_pha": 290.0 }, "geometry": { "type": "Point", "coordinates": [ 8.525720910939393, 47.379694279730884 ] } },
{ "type": "Feature", "properties": { "egid_int": 148683, "strasse": "Nietengasse", "hausnummer": "17", "plz": 8004.0, "ortschaft": "Zürich", "baujahr": 1893.0, "grundflaeche_m2": 235.6113875, "gebaeudealter_2026": 133.0, "gebaeude_nutzung": "Gebäude Wohnen", "qualitaet": "AV93", "bev_pers_n": 290.0, "bev_dichte_pha": 290.0 }, "geometry": { "type": "Point", "coordinates": [ 8.525595131190496, 47.379889244789702 ] } },
{ "type": "Feature", "properties": { "egid_int": 148684, "strasse": "Nietengasse", "hausnummer": "18", "plz": 8004.0, "ortschaft": "Zürich", "baujahr": 1898.0, "grundflaeche_m2": 130.4710345, "gebaeudealter_2026": 128.0, "gebaeude_nutzung": "Gebäude Wohnen", "qualitaet": "AV93", "bev_pers_n": 422.0, "bev_dichte_pha": 422.0 }, "geometry": { "type": "Point", "coordinates": [ 8.525838545684099, 47.379789528276845 ] } },
{ "type": "Feature", "properties": { "egid_int": 148685, "strasse": "Nietengasse", "hausnummer": "20", "plz": 8004.0, "ortschaft": "Zürich", "baujahr": 1907.0, "grundflaeche_m2": 114.008201, "gebaeudealter_2026": 119.0, "gebaeude_nutzung": "Gebäude Wohnen", "qualitaet": "AV93", "bev_pers_n": 422.0, "bev_dichte_pha": 422.0 }, "geometry": { "type": "Point", "coordinates": [ 8.525918869247587, 47.379844901767882 ] } },
{ "type": "Feature", "properties": { "egid_int": 148687, "strasse": "Magnusstrasse", "hausnummer": "24", "plz": 8004.0, "ortschaft": "Zürich", "baujahr": 1907.0, "grundflaeche_m2": 109.0249385, "gebaeudealter_2026": 119.0, "gebaeude_nutzung": "Gebäude Wohnen", "qualitaet": "AV93", "bev_pers_n": 290.0, "bev_dichte_pha": 290.0 }, "geometry": { "type": "Point", "coordinates": [ 8.52541175401781, 47.380152313762721 ] } },
{ "type": "Feature", "properties": { "egid_int": 148688, "strasse": "Rolandstrasse", "hausnummer": "16", "plz": 8004.0, "ortschaft": "Zürich", "baujahr": 1897.0, "grundflaeche_m2": 86.9818515, "gebaeudealter_2026": 129.0, "gebaeude_nutzung": "Gebäude Wohnen", "qualitaet": "AV93", "bev_pers_n": 233.0, "bev_dichte_pha": 233.0 }, "geometry": { "type": "Point", "coordinates": [ 8.526368396550433, 47.379348601765692 ] } },
{ "type": "Feature", "properties": { "egid_int": 148689, "strasse": "Rolandstrasse", "hausnummer": "22", "plz": 8004.0, "ortschaft": "Zürich", "baujahr": 1895.0, "grundflaeche_m2": 96.244334, "gebaeudealter_2026": 131.0, "gebaeude_nutzung": "Gebäude Wohnen", "qualitaet": "AV93", "bev_pers_n": 422.0, "bev_dichte_pha": 422.0 }, "geometry": { "type": "Point", "coordinates": [ 8.526019253058982, 47.379533373946046 ] } },
{ "type": "Feature", "properties": { "egid_int": 148690, "strasse": "Rolandstrasse", "hausnummer": "24", "plz": 8004.0, "ortschaft": "Zürich", "baujahr": 1895.0, "grundflaeche_m2": 81.00465, "gebaeudealter_2026": 131.0, "gebaeude_nutzung": "Gebäude Wohnen", "qualitaet": "AV93", "bev_pers_n": 422.0, "bev_dichte_pha": 422.0 }, "geometry": { "type": "Point", "coordinates": [ 8.52592871673718, 47.379584976486868 ] } },
{ "type": "Feature", "properties": { "egid_int": 148691, "strasse": "Rolandstrasse", "hausnummer": "26", "plz": 8004.0, "ortschaft": "Zürich", "baujahr": 1895.0, "grundflaeche_m2": 80.4466945, "gebaeudealter_2026": 131.0, "gebaeude_nutzung": "Gebäude Wohnen", "qualitaet": "AV93", "bev_pers_n": 422.0, "bev_dichte_pha": 422.0 }, "geometry": { "type": "Point", "coordinates": [ 8.525825523917579, 47.37964067390179 ] } },
{ "type": "Feature", "properties": { "egid_int": 148692, "strasse": "Zinistrasse", "hausnummer": "6", "plz": 8004.0, "ortschaft": "Zürich", "baujahr": 1898.0, "grundflaeche_m2": 125.277797, "gebaeudealter_2026": 128.0, "gebaeude_nutzung": "Gebäude Wohnen", "qualitaet": "AV93", "bev_pers_n": 233.0, "bev_dichte_pha": 233.0 }, "geometry": { "type": "Point", "coordinates": [ 8.526264669890312, 47.379404052749386 ] } },
{ "type": "Feature", "properties": { "egid_int": 148693, "strasse": "Zinistrasse", "hausnummer": "7", "plz": 8004.0, "ortschaft": "Zürich", "baujahr": 1895.0, "grundflaeche_m2": 90.365348, "gebaeudealter_2026": 131.0, "gebaeude_nutzung": "Gebäude Wohnen", "qualitaet": "AV93", "bev_pers_n": 422.0, "bev_dichte_pha": 422.0 }, "geometry": { "type": "Point", "coordinates": [ 8.526102507724667, 47.379580534176213 ] } },
{ "type": "Feature", "properties": { "egid_int": 148694, "strasse": "Zinistrasse", "hausnummer": "8", "plz": 8004.0, "ortschaft": "Zürich", "baujahr": 1898.0, "grundflaeche_m2": 113.465257, "gebaeudealter_2026": 128.0, "gebaeude_nutzung": "Gebäude Wohnen", "qualitaet": "AV93", "bev_pers_n": 233.0, "bev_dichte_pha": 233.0 }, "geometry": { "type": "Point", "coordinates": [ 8.526382347534017, 47.379492302156279 ] } },
{ "type": "Feature", "properties": { "egid_int": 148695, "strasse": "Zinistrasse", "hausnummer": "9", "plz": 8004.0, "ortschaft": "Zürich", "baujahr": 1899.0, "grundflaeche_m2": 89.7942975, "gebaeudealter_2026": 127.0, "gebaeude_nutzung": "Gebäude Wohnen", "qualitaet": "AV93", "bev_pers_n": 422.0, "bev_dichte_pha": 422.0 }, "geometry": { "type": "Point", "coordinates": [ 8.526151861998933, 47.379635569373626 ] } },
{ "type": "Feature", "properties": { "egid_int": 148696, "strasse": "Zinistrasse", "hausnummer": "10", "plz": 8004.0, "ortschaft": "Zürich", "baujahr": 1907.0, "grundflaeche_m2": 83.61405, "gebaeudealter_2026": 119.0, "gebaeude_nutzung": "Gebäude Wohnen", "qualitaet": "AV93", "bev_pers_n": 422.0, "bev_dichte_pha": 422.0 }, "geometry": { "type": "Point", "coordinates": [ 8.526455560490986, 47.379552905423189 ] } },
{ "type": "Feature", "properties": { "egid_int": 148697, "strasse": "Zinistrasse", "hausnummer": "11", "plz": 8004.0, "ortschaft": "Zürich", "baujahr": 1907.0, "grundflaeche_m2": 145.6312145, "gebaeudealter_2026": 119.0, "gebaeude_nutzung": "Gebäude Wohnen", "qualitaet": "AV93", "bev_pers_n": 422.0, "bev_dichte_pha": 422.0 }, "geometry": { "type": "Point", "coordinates": [ 8.526209074377158, 47.379688245814691 ] } },
{ "type": "Feature", "properties": { "egid_int": 148698, "strasse": "Rolandstrasse", "hausnummer": "6", "plz": 8004.0, "ortschaft": "Zürich", "baujahr": 1893.0, "grundflaeche_m2": 99.0839645, "gebaeudealter_2026": 133.0, "gebaeude_nutzung": "Gebäude Wohnen", "qualitaet": "AV93", "bev_pers_n": 233.0, "bev_dichte_pha": 233.0 }, "geometry": { "type": "Point", "coordinates": [ 8.526864271020736, 47.379081517382637 ] } },
{ "type": "Feature", "properties": { "egid_int": 148699, "strasse": "Rolandstrasse", "hausnummer": "8", "plz": 8004.0, "ortschaft": "Zürich", "baujahr": 1893.0, "grundflaeche_m2": 98.242236, "gebaeudealter_2026": 133.0, "gebaeude_nutzung": "Gebäude Wohnen", "qualitaet": "AV93", "bev_pers_n": 233.0, "bev_dichte_pha": 233.0 }, "geometry": { "type": "Point", "coordinates": [ 8.526746042907909, 47.379142736354815 ] } },
{ "type": "Feature", "properties": { "egid_int": 148700, "strasse": "Rolandstrasse", "hausnummer": "10", "plz": 8004.0, "ortschaft": "Zürich", "baujahr": 1898.0, "grundflaeche_m2": 157.0076305, "gebaeudealter_2026": 128.0, "gebaeude_nutzung": "Gebäude Wohnen", "qualitaet": "AV93", "bev_pers_n": 233.0, "bev_dichte_pha": 233.0 }, "geometry": { "type": "Point", "coordinates": [ 8.526512641362068, 47.379263049298899 ] } },
{ "type": "Feature", "properties": { "egid_int": 148701, "strasse": "Langstrasse", "hausnummer": "111", "plz": 8004.0, "ortschaft": "Zürich", "baujahr": 1881.0, "grundflaeche_m2": 179.848996, "gebaeudealter_2026": 145.0, "gebaeude_nutzung": "Gebäude Verwaltung", "qualitaet": "AV93", "bev_pers_n": 233.0, "bev_dichte_pha": 233.0 }, "geometry": { "type": "Point", "coordinates": [ 8.527109534563266, 47.378945539396661 ] } },
{ "type": "Feature", "properties": { "egid_int": 148702, "strasse": "Langstrasse", "hausnummer": "117", "plz": 8004.0, "ortschaft": "Zürich", "baujahr": 1881.0, "grundflaeche_m2": 134.7935225, "gebaeudealter_2026": 145.0, "gebaeude_nutzung": "Gebäude Wohnen", "qualitaet": "AV93", "bev_pers_n": 203.0, "bev_dichte_pha": 203.0 }, "geometry": { "type": "Point", "coordinates": [ 8.527241619601662, 47.379180254472303 ] } },
{ "type": "Feature", "properties": { "egid_int": 148703, "strasse": "Langstrasse", "hausnummer": "119", "plz": 8004.0, "ortschaft": "Zürich", "baujahr": 1891.0, "grundflaeche_m2": 132.8681365, "gebaeudealter_2026": 135.0, "gebaeude_nutzung": "Gebäude Wohnen", "qualitaet": "AV93", "bev_pers_n": 203.0, "bev_dichte_pha": 203.0 }, "geometry": { "type": "Point", "coordinates": [ 8.527309741677078, 47.37926324903048 ] } },
{ "type": "Feature", "properties": { "egid_int": 148704, "strasse": "Sihlhallenstrasse", "hausnummer": "1", "plz": 8004.0, "ortschaft": "Zürich", "baujahr": 1890.0, "grundflaeche_m2": 211.3712395, "gebaeudealter_2026": 136.0, "gebaeude_nutzung": "Gebäude Gastgewerbe", "qualitaet": "AV93", "bev_pers_n": 203.0, "bev_dichte_pha": 203.0 }, "geometry": { "type": "Point", "coordinates": [ 8.527350039519419, 47.37938898967024 ] } },
{ "type": "Feature", "properties": { "egid_int": 148705, "strasse": "Sihlhallenstrasse", "hausnummer": "3", "plz": 8004.0, "ortschaft": "Zürich", "baujahr": 1891.0, "grundflaeche_m2": 120.8561545, "gebaeudealter_2026": 135.0, "gebaeude_nutzung": "Gebäude Wohnen", "qualitaet": "AV93", "bev_pers_n": 203.0, "bev_dichte_pha": 203.0 }, "geometry": { "type": "Point", "coordinates": [ 8.52720919025349, 47.379466325645375 ] } },
{ "type": "Feature", "properties": { "egid_int": 148706, "strasse": "Sihlhallenstrasse", "hausnummer": "5", "plz": 8004.0, "ortschaft": "Zürich", "baujahr": 1967.0, "grundflaeche_m2": 244.7885715, "gebaeudealter_2026": 59.0, "gebaeude_nutzung": "Gebäude Wohnen", "qualitaet": "AV93", "bev_pers_n": 422.0, "bev_dichte_pha": 422.0 }, "geometry": { "type": "Point", "coordinates": [ 8.527050638045994, 47.379549018412035 ] } },
{ "type": "Feature", "properties": { "egid_int": 148707, "strasse": "Sihlhallenstrasse", "hausnummer": "7", "plz": 8004.0, "ortschaft": "Zürich", "baujahr": 1967.0, "grundflaeche_m2": 244.292293, "gebaeudealter_2026": 59.0, "gebaeude_nutzung": "Gebäude Wohnen", "qualitaet": "AV93", "bev_pers_n": 422.0, "bev_dichte_pha": 422.0 }, "geometry": { "type": "Point", "coordinates": [ 8.526892063329033, 47.379629984105826 ] } },
{ "type": "Feature", "properties": { "egid_int": 148708, "strasse": "Sihlhallenstrasse", "hausnummer": "9a", "plz": 8004.0, "ortschaft": "Zürich", "baujahr": 1874.0, "grundflaeche_m2": 146.710887, "gebaeudealter_2026": 152.0, "gebaeude_nutzung": "Gebäude Wohnen", "qualitaet": "AV93", "bev_pers_n": 233.0, "bev_dichte_pha": 233.0 }, "geometry": { "type": "Point", "coordinates": [ 8.526621904437581, 47.379361416245516 ] } },
{ "type": "Feature", "properties": { "egid_int": 148709, "strasse": "Sihlhallenstrasse", "hausnummer": "11", "plz": 8004.0, "ortschaft": "Zürich", "baujahr": 1967.0, "grundflaeche_m2": 330.417116, "gebaeudealter_2026": 59.0, "gebaeude_nutzung": "Gebäude Wohnen", "qualitaet": "AV93", "bev_pers_n": 422.0, "bev_dichte_pha": 422.0 }, "geometry": { "type": "Point", "coordinates": [ 8.526700426436475, 47.379711260978844 ] } },
{ "type": "Feature", "properties": { "egid_int": 148710, "strasse": "Sihlhallenstrasse", "hausnummer": "19", "plz": 8004.0, "ortschaft": "Zürich", "baujahr": 1974.0, "grundflaeche_m2": 831.568136, "gebaeudealter_2026": 52.0, "gebaeude_nutzung": "Gebäude Wohnen", "qualitaet": "AV93", "bev_pers_n": 422.0, "bev_dichte_pha": 422.0 }, "geometry": { "type": "Point", "coordinates": [ 8.526270175132707, 47.379939893322735 ] } },
{ "type": "Feature", "properties": { "egid_int": 148712, "strasse": "Schöneggstrasse", "hausnummer": "25", "plz": 8004.0, "ortschaft": "Zürich", "baujahr": 1985.0, "grundflaeche_m2": 301.6190435, "gebaeudealter_2026": 41.0, "gebaeude_nutzung": "Gebäude Wohnen", "qualitaet": "AV93", "bev_pers_n": 422.0, "bev_dichte_pha": 422.0 }, "geometry": { "type": "Point", "coordinates": [ 8.526122695899605, 47.380316170667413 ] } },
{ "type": "Feature", "properties": { "egid_int": 148713, "strasse": "Sihlhallenstrasse", "hausnummer": "31", "plz": 8004.0, "ortschaft": "Zürich", "baujahr": 1880.0, "grundflaeche_m2": 190.751897, "gebaeudealter_2026": 146.0, "gebaeude_nutzung": "Gebäude Wohnen", "qualitaet": "AV93", "bev_pers_n": 422.0, "bev_dichte_pha": 422.0 }, "geometry": { "type": "Point", "coordinates": [ 8.525888046014449, 47.38015943582284 ] } },
{ "type": "Feature", "properties": { "egid_int": 148714, "strasse": "Sihlhallenstrasse", "hausnummer": "33", "plz": 8004.0, "ortschaft": "Zürich", "baujahr": 1878.0, "grundflaeche_m2": 86.5665515, "gebaeudealter_2026": 148.0, "gebaeude_nutzung": "Gebäude Wohnen", "qualitaet": "AV93", "bev_pers_n": 290.0, "bev_dichte_pha": 290.0 }, "geometry": { "type": "Point", "coordinates": [ 8.525749734985432, 47.380236755066598 ] } },
{ "type": "Feature", "properties": { "egid_int": 148716, "strasse": "Schöneggstrasse", "hausnummer": "29", "plz": 8004.0, "ortschaft": "Zürich", "baujahr": 1877.0, "grundflaeche_m2": 99.1087675, "gebaeudealter_2026": 149.0, "gebaeude_nutzung": "Gebäude Wohnen", "qualitaet": "AV93", "bev_pers_n": 177.0, "bev_dichte_pha": 177.0 }, "geometry": { "type": "Point", "coordinates": [ 8.52586044567404, 47.380427479799259 ] } },
{ "type": "Feature", "properties": { "egid_int": 148718, "strasse": "Schöneggstrasse", "hausnummer": "10", "plz": 8004.0, "ortschaft": "Zürich", "baujahr": 1877.0, "grundflaeche_m2": 163.6298795, "gebaeudealter_2026": 149.0, "gebaeude_nutzung": "Gebäude Wohnen", "qualitaet": "AV93", "bev_pers_n": 119.0, "bev_dichte_pha": 119.0 }, "geometry": { "type": "Point", "coordinates": [ 8.52723376214011, 47.380058583793257 ] } },
{ "type": "Feature", "properties": { "egid_int": 148719, "strasse": "Schöneggstrasse", "hausnummer": "12", "plz": 8004.0, "ortschaft": "Zürich", "baujahr": 1877.0, "grundflaeche_m2": 162.7198505, "gebaeudealter_2026": 149.0, "gebaeude_nutzung": "Gebäude Wohnen", "qualitaet": "AV93", "bev_pers_n": 422.0, "bev_dichte_pha": 422.0 }, "geometry": { "type": "Point", "coordinates": [ 8.527138996260787, 47.380102797175972 ] } },
{ "type": "Feature", "properties": { "egid_int": 148720, "strasse": "Schöneggstrasse", "hausnummer": "13", "plz": 8004.0, "ortschaft": "Zürich", "baujahr": 1888.0, "grundflaeche_m2": 268.0757945, "gebaeudealter_2026": 138.0, "gebaeude_nutzung": "Gebäude Wohnen", "qualitaet": "AV93", "bev_pers_n": 422.0, "bev_dichte_pha": 422.0 }, "geometry": { "type": "Point", "coordinates": [ 8.526954295926082, 47.379936904544586 ] } },
{ "type": "Feature", "properties": { "egid_int": 148721, "strasse": "Langstrasse", "hausnummer": "133", "plz": 8004.0, "ortschaft": "Zürich", "baujahr": 1942.0, "grundflaeche_m2": 183.1724725, "gebaeudealter_2026": 84.0, "gebaeude_nutzung": "Gebäude Wohnen", "qualitaet": "AV93", "bev_pers_n": 119.0, "bev_dichte_pha": 119.0 }, "geometry": { "type": "Point", "coordinates": [ 8.527642617572045, 47.379899052052082 ] } },
{ "type": "Feature", "properties": { "egid_int": 148722, "strasse": "Langstrasse", "hausnummer": "135", "plz": 8004.0, "ortschaft": "Zürich", "baujahr": 1942.0, "grundflaeche_m2": 181.0090845, "gebaeudealter_2026": 84.0, "gebaeude_nutzung": "Gebäude Wohnen", "qualitaet": "AV93", "bev_pers_n": 119.0, "bev_dichte_pha": 119.0 }, "geometry": { "type": "Point", "coordinates": [ 8.5277187344967, 47.38003491619866 ] } },
{ "type": "Feature", "properties": { "egid_int": 148723, "strasse": "Neufrankengasse", "hausnummer": "15", "plz": 8004.0, "ortschaft": "Zürich", "baujahr": 1887.0, "grundflaeche_m2": 144.211028, "gebaeudealter_2026": 139.0, "gebaeude_nutzung": "Gebäude Wohnen", "qualitaet": "AV93", "bev_pers_n": 177.0, "bev_dichte_pha": 177.0 }, "geometry": { "type": "Point", "coordinates": [ 8.527031023433533, 47.380456179728029 ] } },
{ "type": "Feature", "properties": { "egid_int": 148724, "strasse": "Schienengasse", "hausnummer": "10", "plz": 8004.0, "ortschaft": "Zürich", "baujahr": 1878.0, "grundflaeche_m2": 73.6229785, "gebaeudealter_2026": 148.0, "gebaeude_nutzung": "Gebäude Wohnen", "qualitaet": "AV93", "bev_pers_n": 177.0, "bev_dichte_pha": 177.0 }, "geometry": { "type": "Point", "coordinates": [ 8.526567370775291, 47.380501357800028 ] } },
{ "type": "Feature", "properties": { "egid_int": 148725, "strasse": "Schöneggstrasse", "hausnummer": "24", "plz": 8004.0, "ortschaft": "Zürich", "baujahr": 1878.0, "grundflaeche_m2": 171.728554, "gebaeudealter_2026": 148.0, "gebaeude_nutzung": "Gebäude Wohnen", "qualitaet": "AV93", "bev_pers_n": 422.0, "bev_dichte_pha": 422.0 }, "geometry": { "type": "Point", "coordinates": [ 8.526538255504283, 47.380407615158873 ] } },
{ "type": "Feature", "properties": { "egid_int": 148726, "strasse": "Schöneggstrasse", "hausnummer": "22", "plz": 8004.0, "ortschaft": "Zürich", "baujahr": 1878.0, "grundflaeche_m2": 159.31789, "gebaeudealter_2026": 148.0, "gebaeude_nutzung": "Gebäude Wohnen", "qualitaet": "AV93", "bev_pers_n": 422.0, "bev_dichte_pha": 422.0 }, "geometry": { "type": "Point", "coordinates": [ 8.526753215185488, 47.380302920550363 ] } },
{ "type": "Feature", "properties": { "egid_int": 148727, "strasse": "Schöneggstrasse", "hausnummer": "18", "plz": 8004.0, "ortschaft": "Zürich", "baujahr": 1877.0, "grundflaeche_m2": 84.9811355, "gebaeudealter_2026": 149.0, "gebaeude_nutzung": "Gebäude Wohnen", "qualitaet": "AV93", "bev_pers_n": 422.0, "bev_dichte_pha": 422.0 }, "geometry": { "type": "Point", "coordinates": [ 8.526914110729201, 47.380214872064407 ] } },
{ "type": "Feature", "properties": { "egid_int": 148728, "strasse": "Schöneggstrasse", "hausnummer": "16", "plz": 8004.0, "ortschaft": "Zürich", "baujahr": 1877.0, "grundflaeche_m2": 84.3434485, "gebaeudealter_2026": 149.0, "gebaeude_nutzung": "Gebäude Wohnen", "qualitaet": "AV93", "bev_pers_n": 422.0, "bev_dichte_pha": 422.0 }, "geometry": { "type": "Point", "coordinates": [ 8.527015787562339, 47.380169244496116 ] } },
{ "type": "Feature", "properties": { "egid_int": 148729, "strasse": "Schöneggstrasse", "hausnummer": "14", "plz": 8004.0, "ortschaft": "Zürich", "baujahr": 1877.0, "grundflaeche_m2": 131.6263575, "gebaeudealter_2026": 149.0, "gebaeude_nutzung": "Gebäude Wohnen", "qualitaet": "AV93", "bev_pers_n": 422.0, "bev_dichte_pha": 422.0 }, "geometry": { "type": "Point", "coordinates": [ 8.527044775881761, 47.380257384275964 ] } },
{ "type": "Feature", "properties": { "egid_int": 148730, "strasse": "Neufrankengasse", "hausnummer": "25", "plz": 8004.0, "ortschaft": "Zürich", "baujahr": 1974.0, "grundflaeche_m2": 154.018534, "gebaeudealter_2026": 52.0, "gebaeude_nutzung": "Gebäude Wohnen", "qualitaet": "AV93", "bev_pers_n": 177.0, "bev_dichte_pha": 177.0 }, "geometry": { "type": "Point", "coordinates": [ 8.526529748120176, 47.380694126352971 ] } },
{ "type": "Feature", "properties": { "egid_int": 148733, "strasse": "Neufrankengasse", "hausnummer": "29", "plz": 8004.0, "ortschaft": "Zürich", "baujahr": 1863.0, "grundflaeche_m2": 154.5719245, "gebaeudealter_2026": 163.0, "gebaeude_nutzung": "Gebäude Wohnen", "qualitaet": "AV93", "bev_pers_n": 177.0, "bev_dichte_pha": 177.0 }, "geometry": { "type": "Point", "coordinates": [ 8.526226433596099, 47.380835506822763 ] } },
{ "type": "Feature", "properties": { "egid_int": 148734, "strasse": "Schöneggplatz", "hausnummer": "9", "plz": 8004.0, "ortschaft": "Zürich", "baujahr": 1880.0, "grundflaeche_m2": 120.409053, "gebaeudealter_2026": 146.0, "gebaeude_nutzung": "Gebäude Wohnen", "qualitaet": "AV93", "bev_pers_n": 76.0, "bev_dichte_pha": 76.0 }, "geometry": { "type": "Point", "coordinates": [ 8.525735000384143, 47.380823293434418 ] } },
{ "type": "Feature", "properties": { "egid_int": 148735, "strasse": "Schöneggplatz", "hausnummer": "10", "plz": 8004.0, "ortschaft": "Zürich", "baujahr": 1880.0, "grundflaeche_m2": 94.652157, "gebaeudealter_2026": 146.0, "gebaeude_nutzung": "Gebäude Wohnen", "qualitaet": "AV93", "bev_pers_n": 177.0, "bev_dichte_pha": 177.0 }, "geometry": { "type": "Point", "coordinates": [ 8.525855915932125, 47.380758542193739 ] } },
{ "type": "Feature", "properties": { "egid_int": 148736, "strasse": "Schöneggstrasse", "hausnummer": "34", "plz": 8004.0, "ortschaft": "Zürich", "baujahr": 1879.0, "grundflaeche_m2": 178.6011005, "gebaeudealter_2026": 147.0, "gebaeude_nutzung": "Gebäude Wohnen", "qualitaet": "AV93", "bev_pers_n": 177.0, "bev_dichte_pha": 177.0 }, "geometry": { "type": "Point", "coordinates": [ 8.526010916066575, 47.380695565867256 ] } },
{ "type": "Feature", "properties": { "egid_int": 148737, "strasse": "Schöneggstrasse", "hausnummer": "30", "plz": 8004.0, "ortschaft": "Zürich", "baujahr": 1894.0, "grundflaeche_m2": 171.702353, "gebaeudealter_2026": 132.0, "gebaeude_nutzung": "Gebäude Wohnen", "qualitaet": "AV93", "bev_pers_n": 177.0, "bev_dichte_pha": 177.0 }, "geometry": { "type": "Point", "coordinates": [ 8.526190376657821, 47.380612488877965 ] } },
{ "type": "Feature", "properties": { "egid_int": 148738, "strasse": "Schöneggstrasse", "hausnummer": "28", "plz": 8004.0, "ortschaft": "Zürich", "baujahr": 1894.0, "grundflaeche_m2": 171.283473, "gebaeudealter_2026": 132.0, "gebaeude_nutzung": "Gebäude Wohnen", "qualitaet": "AV93", "bev_pers_n": 177.0, "bev_dichte_pha": 177.0 }, "geometry": { "type": "Point", "coordinates": [ 8.526324717319298, 47.380547610747357 ] } },
{ "type": "Feature", "properties": { "egid_int": 148739, "strasse": "Neufrankengasse", "hausnummer": "6", "plz": 8004.0, "ortschaft": "Zürich", "baujahr": 1974.0, "grundflaeche_m2": 205.505989, "gebaeudealter_2026": 52.0, "gebaeude_nutzung": "Gebäude Wohnen", "qualitaet": "AV93", "bev_pers_n": 132.0, "bev_dichte_pha": 132.0 }, "geometry": { "type": "Point", "coordinates": [ 8.527513378585356, 47.380536287234847 ] } },
{ "type": "Feature", "properties": { "egid_int": 148740, "strasse": "Neufrankengasse", "hausnummer": "14", "plz": 8004.0, "ortschaft": "Zürich", "baujahr": 1972.0, "grundflaeche_m2": 184.135752, "gebaeudealter_2026": 54.0, "gebaeude_nutzung": "Gebäude Wohnen", "qualitaet": "AV93", "bev_pers_n": 132.0, "bev_dichte_pha": 132.0 }, "geometry": { "type": "Point", "coordinates": [ 8.527305931254098, 47.380596386695615 ] } },
{ "type": "Feature", "properties": { "egid_int": 148747, "strasse": "Langstrasse", "hausnummer": "149", "plz": 8004.0, "ortschaft": "Zürich", "baujahr": 1938.0, "grundflaeche_m2": 507.616239275, "gebaeudealter_2026": 88.0, "gebaeude_nutzung": "Gebäude Wohnen", "qualitaet": "AV93", "bev_pers_n": 132.0, "bev_dichte_pha": 132.0 }, "geometry": { "type": "Point", "coordinates": [ 8.527968159439931, 47.38051127508691 ] } },
{ "type": "Feature", "properties": { "egid_int": 148748, "strasse": "Langstrasse", "hausnummer": "81", "plz": 8004.0, "ortschaft": "Zürich", "baujahr": 1892.0, "grundflaeche_m2": 145.11469, "gebaeudealter_2026": 134.0, "gebaeude_nutzung": "Gebäude Wohnen", "qualitaet": "AV93", "bev_pers_n": 194.0, "bev_dichte_pha": 194.0 }, "geometry": { "type": "Point", "coordinates": [ 8.526381218757031, 47.377693452969083 ] } },
{ "type": "Feature", "properties": { "egid_int": 148749, "strasse": "Hohlstrasse", "hausnummer": "44", "plz": 8004.0, "ortschaft": "Zürich", "baujahr": 1892.0, "grundflaeche_m2": 259.839713, "gebaeudealter_2026": 134.0, "gebaeude_nutzung": "Gebäude Wohnen", "qualitaet": "AV93", "bev_pers_n": 194.0, "bev_dichte_pha": 194.0 }, "geometry": { "type": "Point", "coordinates": [ 8.52626218173558, 47.377555914143691 ] } },
{ "type": "Feature", "properties": { "egid_int": 148750, "strasse": "Hohlstrasse", "hausnummer": "46", "plz": 8004.0, "ortschaft": "Zürich", "baujahr": 1893.0, "grundflaeche_m2": 138.8785795, "gebaeudealter_2026": 133.0, "gebaeude_nutzung": "Gebäude Wohnen", "qualitaet": "AV93", "bev_pers_n": 194.0, "bev_dichte_pha": 194.0 }, "geometry": { "type": "Point", "coordinates": [ 8.526094000341763, 47.37762987214041 ] } },
{ "type": "Feature", "properties": { "egid_int": 148751, "strasse": "Hohlstrasse", "hausnummer": "48", "plz": 8004.0, "ortschaft": "Zürich", "baujahr": 1893.0, "grundflaeche_m2": 155.641515, "gebaeudealter_2026": 133.0, "gebaeude_nutzung": "Gebäude Wohnen", "qualitaet": "AV93", "bev_pers_n": 194.0, "bev_dichte_pha": 194.0 }, "geometry": { "type": "Point", "coordinates": [ 8.525968410852544, 47.377683909603647 ] } },
{ "type": "Feature", "properties": { "egid_int": 148752, "strasse": "Hohlstrasse", "hausnummer": "52", "plz": 8004.0, "ortschaft": "Zürich", "baujahr": 1985.0, "grundflaeche_m2": 562.506242, "gebaeudealter_2026": 41.0, "gebaeude_nutzung": "Gebäude Wohnen", "qualitaet": "AV93", "bev_pers_n": 153.0, "bev_dichte_pha": 153.0 }, "geometry": { "type": "Point", "coordinates": [ 8.525679895792774, 47.377811899815654 ] } },
{ "type": "Feature", "properties": { "egid_int": 148753, "strasse": "Brauerstrasse", "hausnummer": "45", "plz": 8004.0, "ortschaft": "Zürich", "baujahr": 1888.0, "grundflaeche_m2": 184.495696, "gebaeudealter_2026": 138.0, "gebaeude_nutzung": "Gebäude Wohnen", "qualitaet": "AV93", "bev_pers_n": 204.0, "bev_dichte_pha": 204.0 }, "geometry": { "type": "Point", "coordinates": [ 8.526502016782416, 47.377966549397065 ] } },
{ "type": "Feature", "properties": { "egid_int": 148754, "strasse": "Herbartstrasse", "hausnummer": "11", "plz": 8004.0, "ortschaft": "Zürich", "baujahr": 1907.0, "grundflaeche_m2": 144.4071915, "gebaeudealter_2026": 119.0, "gebaeude_nutzung": "Gebäude Wohnen", "qualitaet": "AV93", "bev_pers_n": 153.0, "bev_dichte_pha": 153.0 }, "geometry": { "type": "Point", "coordinates": [ 8.525402493590065, 47.377909543186973 ] } },
{ "type": "Feature", "properties": { "egid_int": 148755, "strasse": "Brauerstrasse", "hausnummer": "51", "plz": 8004.0, "ortschaft": "Zürich", "baujahr": 1928.0, "grundflaeche_m2": 148.378442, "gebaeudealter_2026": 98.0, "gebaeude_nutzung": "Gebäude Verwaltung", "qualitaet": "AV93", "bev_pers_n": 204.0, "bev_dichte_pha": 204.0 }, "geometry": { "type": "Point", "coordinates": [ 8.525946240873013, 47.378275834580968 ] } },
{ "type": "Feature", "properties": { "egid_int": 148756, "strasse": "Herbartstrasse", "hausnummer": "1", "plz": 8004.0, "ortschaft": "Zürich", "baujahr": 1906.0, "grundflaeche_m2": 132.056429, "gebaeudealter_2026": 120.0, "gebaeude_nutzung": "Gebäude Wohnen", "qualitaet": "AV93", "bev_pers_n": 153.0, "bev_dichte_pha": 153.0 }, "geometry": { "type": "Point", "coordinates": [ 8.525756303888002, 47.378315626502882 ] } },
{ "type": "Feature", "properties": { "egid_int": 148757, "strasse": "Herbartstrasse", "hausnummer": "3", "plz": 8004.0, "ortschaft": "Zürich", "baujahr": 1906.0, "grundflaeche_m2": 110.8172625, "gebaeudealter_2026": 120.0, "gebaeude_nutzung": "Gebäude Wohnen", "qualitaet": "AV93", "bev_pers_n": 153.0, "bev_dichte_pha": 153.0 }, "geometry": { "type": "Point", "coordinates": [ 8.525683292654707, 47.378239468352035 ] } },
{ "type": "Feature", "properties": { "egid_int": 148758, "strasse": "Herbartstrasse", "hausnummer": "5", "plz": 8004.0, "ortschaft": "Zürich", "baujahr": 1906.0, "grundflaeche_m2": 111.5461, "gebaeudealter_2026": 120.0, "gebaeude_nutzung": "Gebäude Wohnen", "qualitaet": "AV93", "bev_pers_n": 153.0, "bev_dichte_pha": 153.0 }, "geometry": { "type": "Point", "coordinates": [ 8.525613802511113, 47.378158032875447 ] } },
{ "type": "Feature", "properties": { "egid_int": 148759, "strasse": "Herbartstrasse", "hausnummer": "7", "plz": 8004.0, "ortschaft": "Zürich", "baujahr": 1906.0, "grundflaeche_m2": 111.5387235, "gebaeudealter_2026": 120.0, "gebaeude_nutzung": "Gebäude Wohnen", "qualitaet": "AV93", "bev_pers_n": 153.0, "bev_dichte_pha": 153.0 }, "geometry": { "type": "Point", "coordinates": [ 8.525542983287213, 47.378078948590336 ] } },
{ "type": "Feature", "properties": { "egid_int": 148761, "strasse": "Herbartstrasse", "hausnummer": "9", "plz": 8004.0, "ortschaft": "Zürich", "baujahr": 1906.0, "grundflaeche_m2": 111.843957, "gebaeudealter_2026": 120.0, "gebaeude_nutzung": "Gebäude Wohnen", "qualitaet": "AV93", "bev_pers_n": 153.0, "bev_dichte_pha": 153.0 }, "geometry": { "type": "Point", "coordinates": [ 8.525477002758322, 47.378000754229454 ] } },
{ "type": "Feature", "properties": { "egid_int": 148763, "strasse": "Brauerstrasse", "hausnummer": "71", "plz": 8004.0, "ortschaft": "Zürich", "baujahr": 1882.0, "grundflaeche_m2": 120.896461, "gebaeudealter_2026": 144.0, "gebaeude_nutzung": "Gebäude Wohnen", "qualitaet": "AV93", "bev_pers_n": 201.0, "bev_dichte_pha": 201.0 }, "geometry": { "type": "Point", "coordinates": [ 8.524942717911985, 47.378781310831478 ] } },
{ "type": "Feature", "properties": { "egid_int": 148764, "strasse": "Brauerstrasse", "hausnummer": "87", "plz": 8004.0, "ortschaft": "Zürich", "baujahr": 1894.0, "grundflaeche_m2": 96.9535095, "gebaeudealter_2026": 132.0, "gebaeude_nutzung": "Gebäude Gastgewerbe", "qualitaet": "AV93", "bev_pers_n": 275.0, "bev_dichte_pha": 275.0 }, "geometry": { "type": "Point", "coordinates": [ 8.524088902627726, 47.379240027225407 ] } },
{ "type": "Feature", "properties": { "egid_int": 148765, "strasse": "Feldstrasse", "hausnummer": "98", "plz": 8004.0, "ortschaft": "Zürich", "baujahr": 1893.0, "grundflaeche_m2": 164.831093, "gebaeudealter_2026": 133.0, "gebaeude_nutzung": "Gebäude Wohnen", "qualitaet": "AV93", "bev_pers_n": 275.0, "bev_dichte_pha": 275.0 }, "geometry": { "type": "Point", "coordinates": [ 8.523413338583241, 47.378737744784004 ] } },
{ "type": "Feature", "properties": { "egid_int": 148773, "strasse": "Hellmutstrasse", "hausnummer": "9", "plz": 8004.0, "ortschaft": "Zürich", "baujahr": 1877.0, "grundflaeche_m2": 251.233048, "gebaeudealter_2026": 149.0, "gebaeude_nutzung": "Gebäude Wohnen", "qualitaet": "AV93", "bev_pers_n": 275.0, "bev_dichte_pha": 275.0 }, "geometry": { "type": "Point", "coordinates": [ 8.524325003518825, 47.378719528649235 ] } },
{ "type": "Feature", "properties": { "egid_int": 148774, "strasse": "Hellmutstrasse", "hausnummer": "12", "plz": 8004.0, "ortschaft": "Zürich", "baujahr": 1881.0, "grundflaeche_m2": 149.1343465, "gebaeudealter_2026": 145.0, "gebaeude_nutzung": "Gebäude Wohnen", "qualitaet": "AV93", "bev_pers_n": 201.0, "bev_dichte_pha": 201.0 }, "geometry": { "type": "Point", "coordinates": [ 8.524783347274692, 47.378870700541988 ] } },
{ "type": "Feature", "properties": { "egid_int": 148775, "strasse": "Hellmutstrasse", "hausnummer": "15", "plz": 8004.0, "ortschaft": "Zürich", "baujahr": 1891.0, "grundflaeche_m2": 148.827531, "gebaeudealter_2026": 135.0, "gebaeude_nutzung": "Gebäude Wohnen", "qualitaet": "AV93", "bev_pers_n": 201.0, "bev_dichte_pha": 201.0 }, "geometry": { "type": "Point", "coordinates": [ 8.524549710126417, 47.378949706191207 ] } },
{ "type": "Feature", "properties": { "egid_int": 148776, "strasse": "Hohlstrasse", "hausnummer": "82", "plz": 8004.0, "ortschaft": "Zürich", "baujahr": 1877.0, "grundflaeche_m2": 202.361576, "gebaeudealter_2026": 149.0, "gebaeude_nutzung": "Gebäude Wohnen", "qualitaet": "AV93", "bev_pers_n": 37.0, "bev_dichte_pha": 37.0 }, "geometry": { "type": "Point", "coordinates": [ 8.524067588680673, 47.378443809950653 ] } },
{ "type": "Feature", "properties": { "egid_int": 148777, "strasse": "Hohlstrasse", "hausnummer": "90", "plz": 8004.0, "ortschaft": "Zürich", "baujahr": 1893.0, "grundflaeche_m2": 166.177279, "gebaeudealter_2026": 133.0, "gebaeude_nutzung": "Gebäude Wohnen", "qualitaet": "AV93", "bev_pers_n": 275.0, "bev_dichte_pha": 275.0 }, "geometry": { "type": "Point", "coordinates": [ 8.523535435411793, 47.378664763297103 ] } },
{ "type": "Feature", "properties": { "egid_int": 148780, "strasse": "Feldstrasse", "hausnummer": "109", "plz": 8004.0, "ortschaft": "Zürich", "baujahr": 1953.0, "grundflaeche_m2": 472.55717244, "gebaeudealter_2026": 73.0, "gebaeude_nutzung": "Gebäude Verwaltung", "qualitaet": "AV93", "bev_pers_n": 275.0, "bev_dichte_pha": 275.0 }, "geometry": { "type": "Point", "coordinates": [ 8.523464972198587, 47.379200975468308 ] } },
{ "type": "Feature", "properties": { "egid_int": 148781, "strasse": "Feldstrasse", "hausnummer": "111", "plz": 8004.0, "ortschaft": "Zürich", "baujahr": 1895.0, "grundflaeche_m2": 107.2324155, "gebaeudealter_2026": 131.0, "gebaeude_nutzung": "Gebäude Wohnen", "qualitaet": "AV93", "bev_pers_n": 275.0, "bev_dichte_pha": 275.0 }, "geometry": { "type": "Point", "coordinates": [ 8.523617601806853, 47.379329341405466 ] } },
{ "type": "Feature", "properties": { "egid_int": 148782, "strasse": "Feldstrasse", "hausnummer": "114", "plz": 8004.0, "ortschaft": "Zürich", "baujahr": 1894.0, "grundflaeche_m2": 191.6303475, "gebaeudealter_2026": 132.0, "gebaeude_nutzung": "Gebäude Wohnen", "qualitaet": "AV93", "bev_pers_n": 275.0, "bev_dichte_pha": 275.0 }, "geometry": { "type": "Point", "coordinates": [ 8.523939001188117, 47.379252184756098 ] } },
{ "type": "Feature", "properties": { "egid_int": 148783, "strasse": "Brauerstrasse", "hausnummer": "97", "plz": 8004.0, "ortschaft": "Zürich", "baujahr": 1895.0, "grundflaeche_m2": 189.566267, "gebaeudealter_2026": 131.0, "gebaeude_nutzung": "Gebäude Wohnen", "qualitaet": "AV93", "bev_pers_n": 275.0, "bev_dichte_pha": 275.0 }, "geometry": { "type": "Point", "coordinates": [ 8.523678418710068, 47.379440822188663 ] } },
{ "type": "Feature", "properties": { "egid_int": 148784, "strasse": "Brauerstrasse", "hausnummer": "99", "plz": 8004.0, "ortschaft": "Zürich", "baujahr": 1895.0, "grundflaeche_m2": 100.5821845, "gebaeudealter_2026": 131.0, "gebaeude_nutzung": "Gebäude Wohnen", "qualitaet": "AV93", "bev_pers_n": 275.0, "bev_dichte_pha": 275.0 }, "geometry": { "type": "Point", "coordinates": [ 8.523525851704299, 47.379507478547865 ] } },
{ "type": "Feature", "properties": { "egid_int": 148785, "strasse": "Brauerstrasse", "hausnummer": "101", "plz": 8004.0, "ortschaft": "Zürich", "baujahr": 1895.0, "grundflaeche_m2": 109.1768835, "gebaeudealter_2026": 131.0, "gebaeude_nutzung": "Gebäude Wohnen", "qualitaet": "AV93", "bev_pers_n": 266.0, "bev_dichte_pha": 266.0 }, "geometry": { "type": "Point", "coordinates": [ 8.52342774894227, 47.379559617907624 ] } },
{ "type": "Feature", "properties": { "egid_int": 148786, "strasse": "Brauerstrasse", "hausnummer": "103", "plz": 8004.0, "ortschaft": "Zürich", "baujahr": 1932.0, "grundflaeche_m2": 176.6125505, "gebaeudealter_2026": 94.0, "gebaeude_nutzung": "Gebäude Wohnen", "qualitaet": "AV93", "bev_pers_n": 266.0, "bev_dichte_pha": 266.0 }, "geometry": { "type": "Point", "coordinates": [ 8.523277403356278, 47.379633296234267 ] } },
{ "type": "Feature", "properties": { "egid_int": 148787, "strasse": "Brauerstrasse", "hausnummer": "105", "plz": 8004.0, "ortschaft": "Zürich", "baujahr": 1932.0, "grundflaeche_m2": 146.703951, "gebaeudealter_2026": 94.0, "gebaeude_nutzung": "Gebäude Wohnen", "qualitaet": "AV93", "bev_pers_n": 176.0, "bev_dichte_pha": 176.0 }, "geometry": { "type": "Point", "coordinates": [ 8.523117288250514, 47.379717599334278 ] } },
{ "type": "Feature", "properties": { "egid_int": 148788, "strasse": "Brauerstrasse", "hausnummer": "109", "plz": 8004.0, "ortschaft": "Zürich", "baujahr": 1932.0, "grundflaeche_m2": 146.391292, "gebaeudealter_2026": 94.0, "gebaeude_nutzung": "Gebäude Wohnen", "qualitaet": "AV93", "bev_pers_n": 176.0, "bev_dichte_pha": 176.0 }, "geometry": { "type": "Point", "coordinates": [ 8.522956168231472, 47.379803305877992 ] } },
{ "type": "Feature", "properties": { "egid_int": 148789, "strasse": "Brauerstrasse", "hausnummer": "111", "plz": 8004.0, "ortschaft": "Zürich", "baujahr": 1932.0, "grundflaeche_m2": 176.98153222, "gebaeudealter_2026": 94.0, "gebaeude_nutzung": "Gebäude Wohnen", "qualitaet": "AV93", "bev_pers_n": 176.0, "bev_dichte_pha": 176.0 }, "geometry": { "type": "Point", "coordinates": [ 8.522800097378786, 47.37988335186261 ] } },
{ "type": "Feature", "properties": { "egid_int": 148790, "strasse": "Brauerstrasse", "hausnummer": "115", "plz": 8004.0, "ortschaft": "Zürich", "baujahr": 1931.0, "grundflaeche_m2": 162.07143924, "gebaeudealter_2026": 95.0, "gebaeude_nutzung": "Gebäude Wohnen", "qualitaet": "AV93", "bev_pers_n": 176.0, "bev_dichte_pha": 176.0 }, "geometry": { "type": "Point", "coordinates": [ 8.522664028777861, 47.379961716752717 ] } },
{ "type": "Feature", "properties": { "egid_int": 148791, "strasse": "Brauerstrasse", "hausnummer": "117", "plz": 8004.0, "ortschaft": "Zürich", "baujahr": 1931.0, "grundflaeche_m2": 147.5901057, "gebaeudealter_2026": 95.0, "gebaeude_nutzung": "Gebäude Wohnen", "qualitaet": "AV93", "bev_pers_n": 176.0, "bev_dichte_pha": 176.0 }, "geometry": { "type": "Point", "coordinates": [ 8.522442113338522, 47.379971498701899 ] } },
{ "type": "Feature", "properties": { "egid_int": 148792, "strasse": "Brauerstrasse", "hausnummer": "119", "plz": 8004.0, "ortschaft": "Zürich", "baujahr": 1931.0, "grundflaeche_m2": 156.1003525, "gebaeudealter_2026": 95.0, "gebaeude_nutzung": "Gebäude Wohnen", "qualitaet": "AV93", "bev_pers_n": 176.0, "bev_dichte_pha": 176.0 }, "geometry": { "type": "Point", "coordinates": [ 8.522270194517972, 47.379923494491742 ] } },
{ "type": "Feature", "properties": { "egid_int": 148793, "strasse": "Brauerstrasse", "hausnummer": "121", "plz": 8004.0, "ortschaft": "Zürich", "baujahr": 1931.0, "grundflaeche_m2": 158.203804, "gebaeudealter_2026": 95.0, "gebaeude_nutzung": "Gebäude Wohnen", "qualitaet": "AV93", "bev_pers_n": 176.0, "bev_dichte_pha": 176.0 }, "geometry": { "type": "Point", "coordinates": [ 8.522086676115499, 47.379866423815564 ] } },
{ "type": "Feature", "properties": { "egid_int": 148794, "strasse": "Brauerstrasse", "hausnummer": "123", "plz": 8004.0, "ortschaft": "Zürich", "baujahr": 1931.0, "grundflaeche_m2": 151.40485245, "gebaeudealter_2026": 95.0, "gebaeude_nutzung": "Gebäude Wohnen", "qualitaet": "AV93", "bev_pers_n": 176.0, "bev_dichte_pha": 176.0 }, "geometry": { "type": "Point", "coordinates": [ 8.521909150156015, 47.379788805825115 ] } },
{ "type": "Feature", "properties": { "egid_int": 148795, "strasse": "Hohlstrasse", "hausnummer": "114", "plz": 8004.0, "ortschaft": "Zürich", "baujahr": 1931.0, "grundflaeche_m2": 198.3196575, "gebaeudealter_2026": 95.0, "gebaeude_nutzung": "Gebäude Wohnen", "qualitaet": "AV93", "bev_pers_n": 197.0, "bev_dichte_pha": 197.0 }, "geometry": { "type": "Point", "coordinates": [ 8.522397742252124, 47.379349220215211 ] } },
{ "type": "Feature", "properties": { "egid_int": 148796, "strasse": "Hohlstrasse", "hausnummer": "116", "plz": 8004.0, "ortschaft": "Zürich", "baujahr": 1931.0, "grundflaeche_m2": 196.1632525, "gebaeudealter_2026": 95.0, "gebaeude_nutzung": "Gebäude Wohnen", "qualitaet": "AV93", "bev_pers_n": 197.0, "bev_dichte_pha": 197.0 }, "geometry": { "type": "Point", "coordinates": [ 8.522209934852762, 47.379460200454623 ] } },
{ "type": "Feature", "properties": { "egid_int": 148797, "strasse": "Hohlstrasse", "hausnummer": "118", "plz": 8004.0, "ortschaft": "Zürich", "baujahr": 1931.0, "grundflaeche_m2": 191.206057, "gebaeudealter_2026": 95.0, "gebaeude_nutzung": "Gebäude Wohnen", "qualitaet": "AV93", "bev_pers_n": 176.0, "bev_dichte_pha": 176.0 }, "geometry": { "type": "Point", "coordinates": [ 8.522013954880141, 47.379575700599055 ] } },
{ "type": "Feature", "properties": { "egid_int": 148798, "strasse": "Hohlstrasse", "hausnummer": "122", "plz": 8004.0, "ortschaft": "Zürich", "baujahr": 1931.0, "grundflaeche_m2": 179.33332562499999, "gebaeudealter_2026": 95.0, "gebaeude_nutzung": "Gebäude Wohnen", "qualitaet": "AV93", "bev_pers_n": 176.0, "bev_dichte_pha": 176.0 }, "geometry": { "type": "Point", "coordinates": [ 8.521854262648837, 47.379665260098548 ] } },
{ "type": "Feature", "properties": { "egid_int": 148799, "strasse": "Herman-Greulich-Strasse", "hausnummer": "70", "plz": 8004.0, "ortschaft": "Zürich", "baujahr": 1935.0, "grundflaeche_m2": 370.351835, "gebaeudealter_2026": 91.0, "gebaeude_nutzung": "Gebäude Verwaltung", "qualitaet": "AV93", "bev_pers_n": 211.0, "bev_dichte_pha": 211.0 }, "geometry": { "type": "Point", "coordinates": [ 8.521335417608364, 47.37929005405001 ] } },
{ "type": "Feature", "properties": { "egid_int": 148800, "strasse": "Herman-Greulich-Strasse", "hausnummer": "74", "plz": 8004.0, "ortschaft": "Zürich", "baujahr": 1944.0, "grundflaeche_m2": 159.43763, "gebaeudealter_2026": 82.0, "gebaeude_nutzung": "Gebäude Wohnen", "qualitaet": "AV93", "bev_pers_n": 211.0, "bev_dichte_pha": 211.0 }, "geometry": { "type": "Point", "coordinates": [ 8.521518631941142, 47.379419638246254 ] } },
{ "type": "Feature", "properties": { "egid_int": 148801, "strasse": "Hohlstrasse", "hausnummer": "115", "plz": 8004.0, "ortschaft": "Zürich", "baujahr": 1944.0, "grundflaeche_m2": 191.0445425, "gebaeudealter_2026": 82.0, "gebaeude_nutzung": "Gebäude Wohnen", "qualitaet": "AV93", "bev_pers_n": 197.0, "bev_dichte_pha": 197.0 }, "geometry": { "type": "Point", "coordinates": [ 8.522056777527755, 47.379117448423479 ] } },
{ "type": "Feature", "properties": { "egid_int": 148802, "strasse": "Hohlstrasse", "hausnummer": "117", "plz": 8004.0, "ortschaft": "Zürich", "baujahr": 1944.0, "grundflaeche_m2": 176.009913, "gebaeudealter_2026": 82.0, "gebaeude_nutzung": "Gebäude Wohnen", "qualitaet": "AV93", "bev_pers_n": 197.0, "bev_dichte_pha": 197.0 }, "geometry": { "type": "Point", "coordinates": [ 8.521868133493715, 47.379221140936075 ] } },
{ "type": "Feature", "properties": { "egid_int": 148803, "strasse": "Hohlstrasse", "hausnummer": "119", "plz": 8004.0, "ortschaft": "Zürich", "baujahr": 1944.0, "grundflaeche_m2": 178.536533, "gebaeudealter_2026": 82.0, "gebaeude_nutzung": "Gebäude Wohnen", "qualitaet": "AV93", "bev_pers_n": 211.0, "bev_dichte_pha": 211.0 }, "geometry": { "type": "Point", "coordinates": [ 8.521692129592733, 47.379321269503443 ] } },
{ "type": "Feature", "properties": { "egid_int": 148804, "strasse": "Pflanzschulstrasse", "hausnummer": "99", "plz": 8004.0, "ortschaft": "Zürich", "baujahr": 1895.0, "grundflaeche_m2": 269.7669595, "gebaeudealter_2026": 131.0, "gebaeude_nutzung": "Gebäude Wohnen", "qualitaet": "AV93", "bev_pers_n": 197.0, "bev_dichte_pha": 197.0 }, "geometry": { "type": "Point", "coordinates": [ 8.52194321805629, 47.378955810003674 ] } },
{ "type": "Feature", "properties": { "egid_int": 148809, "strasse": "Pflanzschulstrasse", "hausnummer": "79", "plz": 8004.0, "ortschaft": "Zürich", "baujahr": 1894.0, "grundflaeche_m2": 187.134838, "gebaeudealter_2026": 132.0, "gebaeude_nutzung": "Gebäude Wohnen", "qualitaet": "AV93", "bev_pers_n": 244.0, "bev_dichte_pha": 244.0 }, "geometry": { "type": "Point", "coordinates": [ 8.52142255383928, 47.378223488874546 ] } },
{ "type": "Feature", "properties": { "egid_int": 148810, "strasse": "Pflanzschulstrasse", "hausnummer": "77", "plz": 8004.0, "ortschaft": "Zürich", "baujahr": 1895.0, "grundflaeche_m2": 143.778303, "gebaeudealter_2026": 131.0, "gebaeude_nutzung": "Gebäude Wohnen", "qualitaet": "AV93", "bev_pers_n": 244.0, "bev_dichte_pha": 244.0 }, "geometry": { "type": "Point", "coordinates": [ 8.521338866169966, 47.37811949831233 ] } },
{ "type": "Feature", "properties": { "egid_int": 148811, "strasse": "Stauffacherstrasse", "hausnummer": "174", "plz": 8004.0, "ortschaft": "Zürich", "baujahr": 1895.0, "grundflaeche_m2": 132.671314, "gebaeudealter_2026": 131.0, "gebaeude_nutzung": "Gebäude Wohnen", "qualitaet": "AV93", "bev_pers_n": 244.0, "bev_dichte_pha": 244.0 }, "geometry": { "type": "Point", "coordinates": [ 8.521165746995711, 47.37819982786565 ] } },
{ "type": "Feature", "properties": { "egid_int": 148812, "strasse": "Stauffacherstrasse", "hausnummer": "178", "plz": 8004.0, "ortschaft": "Zürich", "baujahr": 1931.0, "grundflaeche_m2": 248.499261, "gebaeudealter_2026": 95.0, "gebaeude_nutzung": "Gebäude Wohnen", "qualitaet": "AV93", "bev_pers_n": 244.0, "bev_dichte_pha": 244.0 }, "geometry": { "type": "Point", "coordinates": [ 8.52092195627494, 47.378295427323508 ] } },
{ "type": "Feature", "properties": { "egid_int": 148813, "strasse": "Stauffacherstrasse", "hausnummer": "180", "plz": 8004.0, "ortschaft": "Zürich", "baujahr": 1931.0, "grundflaeche_m2": 243.512919, "gebaeudealter_2026": 95.0, "gebaeude_nutzung": "Gebäude Wohnen", "qualitaet": "AV93", "bev_pers_n": 244.0, "bev_dichte_pha": 244.0 }, "geometry": { "type": "Point", "coordinates": [ 8.520697093728366, 47.37837888547724 ] } },
{ "type": "Feature", "properties": { "egid_int": 148815, "strasse": "Herman-Greulich-Strasse", "hausnummer": "60", "plz": 8004.0, "ortschaft": "Zürich", "baujahr": 1902.0, "grundflaeche_m2": 259.722325, "gebaeudealter_2026": 124.0, "gebaeude_nutzung": "Gebäude Wohnen", "qualitaet": "AV93", "bev_pers_n": 211.0, "bev_dichte_pha": 211.0 }, "geometry": { "type": "Point", "coordinates": [ 8.520736536723964, 47.378730755130491 ] } },
{ "type": "Feature", "properties": { "egid_int": 148817, "strasse": "Feldstrasse", "hausnummer": "89", "plz": 8004.0, "ortschaft": "Zürich", "baujahr": 1894.0, "grundflaeche_m2": 1108.665462, "gebaeudealter_2026": 132.0, "gebaeude_nutzung": "Gebäude Verwaltung", "qualitaet": "AV93", "bev_pers_n": -999.0, "bev_dichte_pha": -999.0 }, "geometry": { "type": "Point", "coordinates": [ 8.522344223755523, 47.378618942268602 ] } },
{ "type": "Feature", "properties": { "egid_int": 148818, "strasse": "Hohlstrasse", "hausnummer": "43", "plz": 8004.0, "ortschaft": "Zürich", "baujahr": 1878.0, "grundflaeche_m2": 157.852905, "gebaeudealter_2026": 148.0, "gebaeude_nutzung": "Gebäude Wohnen", "qualitaet": "AV93", "bev_pers_n": 194.0, "bev_dichte_pha": 194.0 }, "geometry": { "type": "Point", "coordinates": [ 8.526141188519203, 47.377360114283555 ] } },
{ "type": "Feature", "properties": { "egid_int": 148819, "strasse": "Hohlstrasse", "hausnummer": "47", "plz": 8004.0, "ortschaft": "Zürich", "baujahr": 1891.0, "grundflaeche_m2": 224.9798605, "gebaeudealter_2026": 135.0, "gebaeude_nutzung": "Gebäude Wohnen", "qualitaet": "AV93", "bev_pers_n": 194.0, "bev_dichte_pha": 194.0 }, "geometry": { "type": "Point", "coordinates": [ 8.525906196528528, 47.377453428781756 ] } },
{ "type": "Feature", "properties": { "egid_int": 148820, "strasse": "Hohlstrasse", "hausnummer": "49", "plz": 8004.0, "ortschaft": "Zürich", "baujahr": 1891.0, "grundflaeche_m2": 125.294127, "gebaeudealter_2026": 135.0, "gebaeude_nutzung": "Gebäude Wohnen", "qualitaet": "AV93", "bev_pers_n": 94.0, "bev_dichte_pha": 94.0 }, "geometry": { "type": "Point", "coordinates": [ 8.525728617613055, 47.37752502802676 ] } },
{ "type": "Feature", "properties": { "egid_int": 148821, "strasse": "Kernstrasse", "hausnummer": "45", "plz": 8004.0, "ortschaft": "Zürich", "baujahr": 1862.0, "grundflaeche_m2": 1082.7172515, "gebaeudealter_2026": 164.0, "gebaeude_nutzung": "Gebäude Verwaltung", "qualitaet": "AV93", "bev_pers_n": 94.0, "bev_dichte_pha": 94.0 }, "geometry": { "type": "Point", "coordinates": [ 8.525034251135684, 47.377438334995141 ] } },
{ "type": "Feature", "properties": { "egid_int": 148822, "strasse": "Pflanzschulstrasse", "hausnummer": "81", "plz": 8004.0, "ortschaft": "Zürich", "baujahr": 1895.0, "grundflaeche_m2": 129.364945, "gebaeudealter_2026": 131.0, "gebaeude_nutzung": "Gebäude Wohnen", "qualitaet": "AV93", "bev_pers_n": 244.0, "bev_dichte_pha": 244.0 }, "geometry": { "type": "Point", "coordinates": [ 8.521499344516096, 47.378329540939447 ] } },
{ "type": "Feature", "properties": { "egid_int": 148823, "strasse": "Pflanzschulstrasse", "hausnummer": "87", "plz": 8004.0, "ortschaft": "Zürich", "baujahr": 1896.0, "grundflaeche_m2": 129.3127745, "gebaeudealter_2026": 130.0, "gebaeude_nutzung": "Gebäude Wohnen", "qualitaet": "AV93", "bev_pers_n": 244.0, "bev_dichte_pha": 244.0 }, "geometry": { "type": "Point", "coordinates": [ 8.521558336477094, 47.378427736173208 ] } },
{ "type": "Feature", "properties": { "egid_int": 148824, "strasse": "Pflanzschulstrasse", "hausnummer": "89", "plz": 8004.0, "ortschaft": "Zürich", "baujahr": 1913.0, "grundflaeche_m2": 103.644584, "gebaeudealter_2026": 113.0, "gebaeude_nutzung": "Gebäude Wohnen", "qualitaet": "AV93", "bev_pers_n": 244.0, "bev_dichte_pha": 244.0 }, "geometry": { "type": "Point", "coordinates": [ 8.521613061897863, 47.378503645532014 ] } },
{ "type": "Feature", "properties": { "egid_int": 148825, "strasse": "Pflanzschulstrasse", "hausnummer": "91", "plz": 8004.0, "ortschaft": "Zürich", "baujahr": 1913.0, "grundflaeche_m2": 123.6704475, "gebaeudealter_2026": 113.0, "gebaeude_nutzung": "Gebäude Wohnen", "qualitaet": "AV93", "bev_pers_n": 244.0, "bev_dichte_pha": 244.0 }, "geometry": { "type": "Point", "coordinates": [ 8.521670374166371, 47.378579116837813 ] } },
{ "type": "Feature", "properties": { "egid_int": 148826, "strasse": "Pflanzschulstrasse", "hausnummer": "93", "plz": 8004.0, "ortschaft": "Zürich", "baujahr": 1913.0, "grundflaeche_m2": 101.2497625, "gebaeudealter_2026": 113.0, "gebaeude_nutzung": "Gebäude Wohnen", "qualitaet": "AV93", "bev_pers_n": 244.0, "bev_dichte_pha": 244.0 }, "geometry": { "type": "Point", "coordinates": [ 8.52172794056305, 47.378650142152289 ] } },
{ "type": "Feature", "properties": { "egid_int": 148827, "strasse": "Pflanzschulstrasse", "hausnummer": "95", "plz": 8004.0, "ortschaft": "Zürich", "baujahr": 1913.0, "grundflaeche_m2": 204.49697331, "gebaeudealter_2026": 113.0, "gebaeude_nutzung": "Gebäude Wohnen", "qualitaet": "AV93", "bev_pers_n": 211.0, "bev_dichte_pha": 211.0 }, "geometry": { "type": "Point", "coordinates": [ 8.52175640325806, 47.378729832744874 ] } },
{ "type": "Feature", "properties": { "egid_int": 148830, "strasse": "Kernstrasse", "hausnummer": "48", "plz": 8004.0, "ortschaft": "Zürich", "baujahr": 1896.0, "grundflaeche_m2": 334.3223215, "gebaeudealter_2026": 130.0, "gebaeude_nutzung": "Gebäude Wohnen", "qualitaet": "AV93", "bev_pers_n": 94.0, "bev_dichte_pha": 94.0 }, "geometry": { "type": "Point", "coordinates": [ 8.525220923422109, 47.377005983331237 ] } },
{ "type": "Feature", "properties": { "egid_int": 148831, "strasse": "Kernstrasse", "hausnummer": "50", "plz": 8004.0, "ortschaft": "Zürich", "baujahr": 1908.0, "grundflaeche_m2": 155.83467978, "gebaeudealter_2026": 118.0, "gebaeude_nutzung": "Gebäude Wohnen", "qualitaet": "AV93", "bev_pers_n": 94.0, "bev_dichte_pha": 94.0 }, "geometry": { "type": "Point", "coordinates": [ 8.525302064563714, 47.377119233102867 ] } },
{ "type": "Feature", "properties": { "egid_int": 148832, "strasse": "Kernstrasse", "hausnummer": "52", "plz": 8004.0, "ortschaft": "Zürich", "baujahr": 1880.0, "grundflaeche_m2": 98.2954595, "gebaeudealter_2026": 146.0, "gebaeude_nutzung": "Gebäude Wohnen", "qualitaet": "AV93", "bev_pers_n": 94.0, "bev_dichte_pha": 94.0 }, "geometry": { "type": "Point", "coordinates": [ 8.525524559830421, 47.377344995048475 ] } },
{ "type": "Feature", "properties": { "egid_int": 148833, "strasse": "Langstrasse", "hausnummer": "61", "plz": 8004.0, "ortschaft": "Zürich", "baujahr": 1896.0, "grundflaeche_m2": 148.92684, "gebaeudealter_2026": 130.0, "gebaeude_nutzung": "Gebäude Wohnen", "qualitaet": "AV93", "bev_pers_n": 204.0, "bev_dichte_pha": 204.0 }, "geometry": { "type": "Point", "coordinates": [ 8.525735115340881, 47.376785298854536 ] } },
{ "type": "Feature", "properties": { "egid_int": 148834, "strasse": "Langstrasse", "hausnummer": "63", "plz": 8004.0, "ortschaft": "Zürich", "baujahr": 1890.0, "grundflaeche_m2": 224.074353, "gebaeudealter_2026": 136.0, "gebaeude_nutzung": "Gebäude Wohnen", "qualitaet": "AV93", "bev_pers_n": 194.0, "bev_dichte_pha": 194.0 }, "geometry": { "type": "Point", "coordinates": [ 8.525795522877827, 47.376872738540307 ] } },
{ "type": "Feature", "properties": { "egid_int": 148835, "strasse": "Langstrasse", "hausnummer": "65", "plz": 8004.0, "ortschaft": "Zürich", "baujahr": 1881.0, "grundflaeche_m2": 225.3503095, "gebaeudealter_2026": 145.0, "gebaeude_nutzung": "Gebäude Wohnen", "qualitaet": "AV93", "bev_pers_n": 194.0, "bev_dichte_pha": 194.0 }, "geometry": { "type": "Point", "coordinates": [ 8.525910689700664, 47.377032316321795 ] } },
{ "type": "Feature", "properties": { "egid_int": 148836, "strasse": "Langstrasse", "hausnummer": "67", "plz": 8004.0, "ortschaft": "Zürich", "baujahr": 1881.0, "grundflaeche_m2": 98.81743, "gebaeudealter_2026": 145.0, "gebaeude_nutzung": "Gebäude Wohnen", "qualitaet": "AV93", "bev_pers_n": 194.0, "bev_dichte_pha": 194.0 }, "geometry": { "type": "Point", "coordinates": [ 8.525973420113324, 47.377119994908135 ] } },
{ "type": "Feature", "properties": { "egid_int": 148837, "strasse": "Langstrasse", "hausnummer": "69", "plz": 8004.0, "ortschaft": "Zürich", "baujahr": 1888.0, "grundflaeche_m2": 175.762478, "gebaeudealter_2026": 138.0, "gebaeude_nutzung": "Gebäude Wohnen", "qualitaet": "AV93", "bev_pers_n": 194.0, "bev_dichte_pha": 194.0 }, "geometry": { "type": "Point", "coordinates": [ 8.526046546232907, 47.377208978839171 ] } },
{ "type": "Feature", "properties": { "egid_int": 148838, "strasse": "Marmorgasse", "hausnummer": "8", "plz": 8004.0, "ortschaft": "Zürich", "baujahr": 1982.0, "grundflaeche_m2": 280.955834, "gebaeudealter_2026": 44.0, "gebaeude_nutzung": "Gebäude Wohnen", "qualitaet": "AV93", "bev_pers_n": 94.0, "bev_dichte_pha": 94.0 }, "geometry": { "type": "Point", "coordinates": [ 8.52564396973127, 47.377173027334671 ] } },
{ "type": "Feature", "properties": { "egid_int": 148839, "strasse": "Marmorgasse", "hausnummer": "9", "plz": 8004.0, "ortschaft": "Zürich", "baujahr": 1896.0, "grundflaeche_m2": 336.4130255, "gebaeudealter_2026": 130.0, "gebaeude_nutzung": "Gebäude Wohnen", "qualitaet": "AV93", "bev_pers_n": 94.0, "bev_dichte_pha": 94.0 }, "geometry": { "type": "Point", "coordinates": [ 8.525491095205089, 47.377034537813017 ] } },
{ "type": "Feature", "properties": { "egid_int": 148840, "strasse": "Marmorgasse", "hausnummer": "10", "plz": 8004.0, "ortschaft": "Zürich", "baujahr": 1896.0, "grundflaeche_m2": 142.68923, "gebaeudealter_2026": 130.0, "gebaeude_nutzung": "Gebäude Wohnen", "qualitaet": "AV93", "bev_pers_n": 94.0, "bev_dichte_pha": 94.0 }, "geometry": { "type": "Point", "coordinates": [ 8.525460106828385, 47.37726113736727 ] } },
{ "type": "Feature", "properties": { "egid_int": 148841, "strasse": "Stauffacherstrasse", "hausnummer": "98", "plz": 8004.0, "ortschaft": "Zürich", "baujahr": 1896.0, "grundflaeche_m2": 187.660146, "gebaeudealter_2026": 130.0, "gebaeude_nutzung": "Gebäude Wohnen", "qualitaet": "AV93", "bev_pers_n": 204.0, "bev_dichte_pha": 204.0 }, "geometry": { "type": "Point", "coordinates": [ 8.525628317973382, 47.376654903242716 ] } },
{ "type": "Feature", "properties": { "egid_int": 148842, "strasse": "Stauffacherstrasse", "hausnummer": "100", "plz": 8004.0, "ortschaft": "Zürich", "baujahr": 1898.0, "grundflaeche_m2": 114.0377975, "gebaeudealter_2026": 128.0, "gebaeude_nutzung": "Gebäude Wohnen", "qualitaet": "AV93", "bev_pers_n": 204.0, "bev_dichte_pha": 204.0 }, "geometry": { "type": "Point", "coordinates": [ 8.525476000493095, 47.37669757002093 ] } },
{ "type": "Feature", "properties": { "egid_int": 148843, "strasse": "Stauffacherstrasse", "hausnummer": "102", "plz": 8004.0, "ortschaft": "Zürich", "baujahr": 1898.0, "grundflaeche_m2": 132.366795, "gebaeudealter_2026": 128.0, "gebaeude_nutzung": "Gebäude Wohnen", "qualitaet": "AV93", "bev_pers_n": 204.0, "bev_dichte_pha": 204.0 }, "geometry": { "type": "Point", "coordinates": [ 8.525342133278436, 47.376751468830861 ] } },
{ "type": "Feature", "properties": { "egid_int": 148844, "strasse": "Stauffacherstrasse", "hausnummer": "104", "plz": 8004.0, "ortschaft": "Zürich", "baujahr": 1898.0, "grundflaeche_m2": 111.2120565, "gebaeudealter_2026": 128.0, "gebaeude_nutzung": "Gebäude Wohnen", "qualitaet": "AV93", "bev_pers_n": 204.0, "bev_dichte_pha": 204.0 }, "geometry": { "type": "Point", "coordinates": [ 8.525202880700633, 47.376795847338826 ] } },
{ "type": "Feature", "properties": { "egid_int": 148845, "strasse": "Stauffacherstrasse", "hausnummer": "106", "plz": 8004.0, "ortschaft": "Zürich", "baujahr": 1898.0, "grundflaeche_m2": 179.020844, "gebaeudealter_2026": 128.0, "gebaeude_nutzung": "Gebäude Wohnen", "qualitaet": "AV93", "bev_pers_n": 94.0, "bev_dichte_pha": 94.0 }, "geometry": { "type": "Point", "coordinates": [ 8.525069945381901, 47.376836370325591 ] } },
{ "type": "Feature", "properties": { "egid_int": 148846, "strasse": "Stauffacherstrasse", "hausnummer": "95", "plz": 8004.0, "ortschaft": "Zürich", "baujahr": 1882.0, "grundflaeche_m2": 114.759399, "gebaeudealter_2026": 144.0, "gebaeude_nutzung": "Gebäude Wohnen", "qualitaet": "AV93", "bev_pers_n": 204.0, "bev_dichte_pha": 204.0 }, "geometry": { "type": "Point", "coordinates": [ 8.52544223695757, 47.376381511573065 ] } },
{ "type": "Feature", "properties": { "egid_int": 148847, "strasse": "Stauffacherstrasse", "hausnummer": "97", "plz": 8004.0, "ortschaft": "Zürich", "baujahr": 1891.0, "grundflaeche_m2": 117.281075, "gebaeudealter_2026": 135.0, "gebaeude_nutzung": "Gebäude Wohnen", "qualitaet": "AV93", "bev_pers_n": 204.0, "bev_dichte_pha": 204.0 }, "geometry": { "type": "Point", "coordinates": [ 8.525361576607793, 47.376296349098183 ] } },
{ "type": "Feature", "properties": { "egid_int": 148848, "strasse": "Stauffacherstrasse", "hausnummer": "99", "plz": 8004.0, "ortschaft": "Zürich", "baujahr": 1895.0, "grundflaeche_m2": 192.88883, "gebaeudealter_2026": 131.0, "gebaeude_nutzung": "Gebäude Wohnen", "qualitaet": "AV93", "bev_pers_n": 204.0, "bev_dichte_pha": 204.0 }, "geometry": { "type": "Point", "coordinates": [ 8.525305296480296, 47.376183306243043 ] } },
{ "type": "Feature", "properties": { "egid_int": 148849, "strasse": "Stauffacherstrasse", "hausnummer": "115", "plz": 8004.0, "ortschaft": "Zürich", "baujahr": 1897.0, "grundflaeche_m2": 97.9808955, "gebaeudealter_2026": 129.0, "gebaeude_nutzung": "Gebäude Wohnen", "qualitaet": "AV93", "bev_pers_n": 404.0, "bev_dichte_pha": 404.0 }, "geometry": { "type": "Point", "coordinates": [ 8.524397257285186, 47.376717357106081 ] } },
{ "type": "Feature", "properties": { "egid_int": 148850, "strasse": "Anwandstrasse", "hausnummer": "2", "plz": 8004.0, "ortschaft": "Zürich", "baujahr": 1891.0, "grundflaeche_m2": 277.8305855, "gebaeudealter_2026": 135.0, "gebaeude_nutzung": "Gebäude Verwaltung", "qualitaet": "AV93", "bev_pers_n": 204.0, "bev_dichte_pha": 204.0 }, "geometry": { "type": "Point", "coordinates": [ 8.525122996554066, 47.376070558198833 ] } },
{ "type": "Feature", "properties": { "egid_int": 148851, "strasse": "Anwandstrasse", "hausnummer": "8", "plz": 8004.0, "ortschaft": "Zürich", "baujahr": 1892.0, "grundflaeche_m2": 125.6516215, "gebaeudealter_2026": 134.0, "gebaeude_nutzung": "Gebäude Wohnen", "qualitaet": "AV93", "bev_pers_n": 204.0, "bev_dichte_pha": 204.0 }, "geometry": { "type": "Point", "coordinates": [ 8.524883643094357, 47.376154997553627 ] } },
{ "type": "Feature", "properties": { "egid_int": 148852, "strasse": "Anwandstrasse", "hausnummer": "10", "plz": 8004.0, "ortschaft": "Zürich", "baujahr": 1891.0, "grundflaeche_m2": 119.655743, "gebaeudealter_2026": 135.0, "gebaeude_nutzung": "Gebäude Gastgewerbe", "qualitaet": "AV93", "bev_pers_n": 204.0, "bev_dichte_pha": 204.0 }, "geometry": { "type": "Point", "coordinates": [ 8.524726791062804, 47.376214239014871 ] } },
{ "type": "Feature", "properties": { "egid_int": 148853, "strasse": "Kernstrasse", "hausnummer": "31", "plz": 8004.0, "ortschaft": "Zürich", "baujahr": 1981.0, "grundflaeche_m2": 225.61178, "gebaeudealter_2026": 45.0, "gebaeude_nutzung": "Gebäude Wohnen", "qualitaet": "AV93", "bev_pers_n": 404.0, "bev_dichte_pha": 404.0 }, "geometry": { "type": "Point", "coordinates": [ 8.524347988626001, 47.376354255779695 ] } },
{ "type": "Feature", "properties": { "egid_int": 148854, "strasse": "Kernstrasse", "hausnummer": "32", "plz": 8004.0, "ortschaft": "Zürich", "baujahr": 1891.0, "grundflaeche_m2": 117.592711, "gebaeudealter_2026": 135.0, "gebaeude_nutzung": "Gebäude Wohnen", "qualitaet": "AV93", "bev_pers_n": 204.0, "bev_dichte_pha": 204.0 }, "geometry": { "type": "Point", "coordinates": [ 8.524601534080668, 47.376253951687559 ] } },
{ "type": "Feature", "properties": { "egid_int": 148855, "strasse": "Kernstrasse", "hausnummer": "34", "plz": 8004.0, "ortschaft": "Zürich", "baujahr": 1893.0, "grundflaeche_m2": 128.078687, "gebaeudealter_2026": 133.0, "gebaeude_nutzung": "Gebäude Wohnen", "qualitaet": "AV93", "bev_pers_n": 204.0, "bev_dichte_pha": 204.0 }, "geometry": { "type": "Point", "coordinates": [ 8.524696925362463, 47.376369343684566 ] } },
{ "type": "Feature", "properties": { "egid_int": 148856, "strasse": "Kernstrasse", "hausnummer": "35", "plz": 8004.0, "ortschaft": "Zürich", "baujahr": 1981.0, "grundflaeche_m2": 255.0474815, "gebaeudealter_2026": 45.0, "gebaeude_nutzung": "Gebäude Wohnen", "qualitaet": "AV93", "bev_pers_n": 404.0, "bev_dichte_pha": 404.0 }, "geometry": { "type": "Point", "coordinates": [ 8.524188588156653, 47.376393758187845 ] } },
{ "type": "Feature", "properties": { "egid_int": 148857, "strasse": "Kernstrasse", "hausnummer": "36", "plz": 8004.0, "ortschaft": "Zürich", "baujahr": 1896.0, "grundflaeche_m2": 111.575736, "gebaeudealter_2026": 130.0, "gebaeude_nutzung": "Gebäude Wohnen", "qualitaet": "AV93", "bev_pers_n": 204.0, "bev_dichte_pha": 204.0 }, "geometry": { "type": "Point", "coordinates": [ 8.52475497958126, 47.376451229061701 ] } },
{ "type": "Feature", "properties": { "egid_int": 148858, "strasse": "Kernstrasse", "hausnummer": "38", "plz": 8004.0, "ortschaft": "Zürich", "baujahr": 1896.0, "grundflaeche_m2": 199.371118, "gebaeudealter_2026": 130.0, "gebaeude_nutzung": "Gebäude Wohnen", "qualitaet": "AV93", "bev_pers_n": 204.0, "bev_dichte_pha": 204.0 }, "geometry": { "type": "Point", "coordinates": [ 8.524820069582459, 47.376555401105819 ] } },
{ "type": "Feature", "properties": { "egid_int": 148859, "strasse": "Stauffacherstrasse", "hausnummer": "117", "plz": 8004.0, "ortschaft": "Zürich", "baujahr": 1898.0, "grundflaeche_m2": 114.9775735, "gebaeudealter_2026": 128.0, "gebaeude_nutzung": "Gebäude Wohnen", "qualitaet": "AV93", "bev_pers_n": 404.0, "bev_dichte_pha": 404.0 }, "geometry": { "type": "Point", "coordinates": [ 8.524277508314844, 47.376754499006026 ] } },
{ "type": "Feature", "properties": { "egid_int": 148861, "strasse": "Stauffacherstrasse", "hausnummer": "129", "plz": 8004.0, "ortschaft": "Zürich", "baujahr": 1869.0, "grundflaeche_m2": 135.5158195, "gebaeudealter_2026": 157.0, "gebaeude_nutzung": "Gebäude Wohnen", "qualitaet": "AV93", "bev_pers_n": 72.0, "bev_dichte_pha": 72.0 }, "geometry": { "type": "Point", "coordinates": [ 8.523451937052418, 47.377030911779428 ] } },
{ "type": "Feature", "properties": { "egid_int": 148862, "strasse": "Engelstrasse", "hausnummer": "59", "plz": 8004.0, "ortschaft": "Zürich", "baujahr": 1896.0, "grundflaeche_m2": 78.2530725, "gebaeudealter_2026": 130.0, "gebaeude_nutzung": "Gebäude Wohnen", "qualitaet": "AV93", "bev_pers_n": 404.0, "bev_dichte_pha": 404.0 }, "geometry": { "type": "Point", "coordinates": [ 8.523645227467792, 47.376687624112314 ] } },
{ "type": "Feature", "properties": { "egid_int": 148863, "strasse": "Engelstrasse", "hausnummer": "60", "plz": 8004.0, "ortschaft": "Zürich", "baujahr": 1894.0, "grundflaeche_m2": 222.396331, "gebaeudealter_2026": 132.0, "gebaeude_nutzung": "Gebäude Wohnen", "qualitaet": "AV93", "bev_pers_n": 404.0, "bev_dichte_pha": 404.0 }, "geometry": { "type": "Point", "coordinates": [ 8.523901729298142, 47.376519704567364 ] } },
{ "type": "Feature", "properties": { "egid_int": 148864, "strasse": "Engelstrasse", "hausnummer": "61", "plz": 8004.0, "ortschaft": "Zürich", "baujahr": 1895.0, "grundflaeche_m2": 181.4690835, "gebaeudealter_2026": 131.0, "gebaeude_nutzung": "Gebäude Wohnen", "qualitaet": "AV93", "bev_pers_n": 404.0, "bev_dichte_pha": 404.0 }, "geometry": { "type": "Point", "coordinates": [ 8.523690384443428, 47.376781972433498 ] } },
{ "type": "Feature", "properties": { "egid_int": 148865, "strasse": null, "hausnummer": null, "plz": null, "ortschaft": null, "baujahr": 1894.0, "grundflaeche_m2": 205.0968225, "gebaeudealter_2026": 132.0, "gebaeude_nutzung": "Gebäude Wohnen", "qualitaet": "AV93", "bev_pers_n": 404.0, "bev_dichte_pha": 404.0 }, "geometry": { "type": "Point", "coordinates": [ 8.524001768890038, 47.376661822897418 ] } },
{ "type": "Feature", "properties": { "egid_int": 148866, "strasse": "Engelstrasse", "hausnummer": "63", "plz": 8004.0, "ortschaft": "Zürich", "baujahr": 1896.0, "grundflaeche_m2": 340.999566, "gebaeudealter_2026": 130.0, "gebaeude_nutzung": "Gebäude Verwaltung", "qualitaet": "AV93", "bev_pers_n": 72.0, "bev_dichte_pha": 72.0 }, "geometry": { "type": "Point", "coordinates": [ 8.523774253241459, 47.376903841932247 ] } },
{ "type": "Feature", "properties": { "egid_int": 148867, "strasse": "Engelstrasse", "hausnummer": "64", "plz": 8004.0, "ortschaft": "Zürich", "baujahr": 1898.0, "grundflaeche_m2": 199.5652305, "gebaeudealter_2026": 128.0, "gebaeude_nutzung": "Gebäude Wohnen", "qualitaet": "AV93", "bev_pers_n": 404.0, "bev_dichte_pha": 404.0 }, "geometry": { "type": "Point", "coordinates": [ 8.524056580735984, 47.3767802592225 ] } },
{ "type": "Feature", "properties": { "egid_int": 148868, "strasse": "Langstrasse", "hausnummer": "31", "plz": 8004.0, "ortschaft": "Zürich", "baujahr": 1891.0, "grundflaeche_m2": 128.6973055, "gebaeudealter_2026": 135.0, "gebaeude_nutzung": "Gebäude Wohnen", "qualitaet": "AV93", "bev_pers_n": 98.0, "bev_dichte_pha": 98.0 }, "geometry": { "type": "Point", "coordinates": [ 8.524946369052198, 47.375690313797278 ] } },
{ "type": "Feature", "properties": { "egid_int": 148869, "strasse": "Langstrasse", "hausnummer": "35", "plz": 8004.0, "ortschaft": "Zürich", "baujahr": 1892.0, "grundflaeche_m2": 203.354725, "gebaeudealter_2026": 134.0, "gebaeude_nutzung": "Gebäude Wohnen", "qualitaet": "AV93", "bev_pers_n": 98.0, "bev_dichte_pha": 98.0 }, "geometry": { "type": "Point", "coordinates": [ 8.525067108494557, 47.375824042037607 ] } },
{ "type": "Feature", "properties": { "egid_int": 148870, "strasse": "Anwandstrasse", "hausnummer": "5", "plz": 8004.0, "ortschaft": "Zürich", "baujahr": 1892.0, "grundflaeche_m2": 114.1363175, "gebaeudealter_2026": 134.0, "gebaeude_nutzung": "Gebäude Wohnen", "qualitaet": "AV93", "bev_pers_n": 98.0, "bev_dichte_pha": 98.0 }, "geometry": { "type": "Point", "coordinates": [ 8.52493513594305, 47.375903243832362 ] } },
{ "type": "Feature", "properties": { "egid_int": 148871, "strasse": "Anwandstrasse", "hausnummer": "7", "plz": 8004.0, "ortschaft": "Zürich", "baujahr": 1892.0, "grundflaeche_m2": 216.5261355, "gebaeudealter_2026": 134.0, "gebaeude_nutzung": "Gebäude Wohnen", "qualitaet": "AV93", "bev_pers_n": 204.0, "bev_dichte_pha": 204.0 }, "geometry": { "type": "Point", "coordinates": [ 8.524741934805551, 47.375967027863837 ] } },
{ "type": "Feature", "properties": { "egid_int": 148872, "strasse": "Anwandstrasse", "hausnummer": "9", "plz": 8004.0, "ortschaft": "Zürich", "baujahr": 1893.0, "grundflaeche_m2": 87.0984255, "gebaeudealter_2026": 133.0, "gebaeude_nutzung": "Gebäude Wohnen", "qualitaet": "AV93", "bev_pers_n": 204.0, "bev_dichte_pha": 204.0 }, "geometry": { "type": "Point", "coordinates": [ 8.524572847383125, 47.376030818753449 ] } },
{ "type": "Feature", "properties": { "egid_int": 148873, "strasse": "Kanzleistrasse", "hausnummer": "70", "plz": 8004.0, "ortschaft": "Zürich", "baujahr": 1890.0, "grundflaeche_m2": 181.9286465, "gebaeudealter_2026": 136.0, "gebaeude_nutzung": "Gebäude Wohnen", "qualitaet": "AV93", "bev_pers_n": 98.0, "bev_dichte_pha": 98.0 }, "geometry": { "type": "Point", "coordinates": [ 8.524855508074305, 47.375549621107247 ] } },
{ "type": "Feature", "properties": { "egid_int": 148874, "strasse": "Kanzleistrasse", "hausnummer": "76", "plz": 8004.0, "ortschaft": "Zürich", "baujahr": 1894.0, "grundflaeche_m2": 117.6087285, "gebaeudealter_2026": 132.0, "gebaeude_nutzung": "Gebäude Wohnen", "qualitaet": "AV93", "bev_pers_n": 98.0, "bev_dichte_pha": 98.0 }, "geometry": { "type": "Point", "coordinates": [ 8.524547371900789, 47.375652004165737 ] } },
{ "type": "Feature", "properties": { "egid_int": 148875, "strasse": "Kanzleistrasse", "hausnummer": "77", "plz": 8004.0, "ortschaft": "Zürich", "baujahr": 1894.0, "grundflaeche_m2": 153.30983, "gebaeudealter_2026": 132.0, "gebaeude_nutzung": "Gebäude Wohnen", "qualitaet": "AV93", "bev_pers_n": 121.0, "bev_dichte_pha": 121.0 }, "geometry": { "type": "Point", "coordinates": [ 8.524266482474138, 47.375473959520285 ] } },
{ "type": "Feature", "properties": { "egid_int": 148876, "strasse": "Kanzleistrasse", "hausnummer": "78", "plz": 8004.0, "ortschaft": "Zürich", "baujahr": 1894.0, "grundflaeche_m2": 165.110178, "gebaeudealter_2026": 132.0, "gebaeude_nutzung": "Gebäude Wohnen", "qualitaet": "AV93", "bev_pers_n": 121.0, "bev_dichte_pha": 121.0 }, "geometry": { "type": "Point", "coordinates": [ 8.524398195652976, 47.375697311572559 ] } },
{ "type": "Feature", "properties": { "egid_int": 148877, "strasse": "Kernstrasse", "hausnummer": "14", "plz": 8004.0, "ortschaft": "Zürich", "baujahr": 1878.0, "grundflaeche_m2": 108.312271, "gebaeudealter_2026": 148.0, "gebaeude_nutzung": "Gebäude Wohnen", "qualitaet": "AV93", "bev_pers_n": 121.0, "bev_dichte_pha": 121.0 }, "geometry": { "type": "Point", "coordinates": [ 8.524102699919847, 47.375538095668517 ] } },
{ "type": "Feature", "properties": { "egid_int": 148878, "strasse": "Kernstrasse", "hausnummer": "24", "plz": 8004.0, "ortschaft": "Zürich", "baujahr": 1893.0, "grundflaeche_m2": 102.3486155, "gebaeudealter_2026": 133.0, "gebaeude_nutzung": "Gebäude Wohnen", "qualitaet": "AV93", "bev_pers_n": 404.0, "bev_dichte_pha": 404.0 }, "geometry": { "type": "Point", "coordinates": [ 8.524395228636951, 47.375973552398115 ] } },
{ "type": "Feature", "properties": { "egid_int": 148879, "strasse": "Kernstrasse", "hausnummer": "26", "plz": 8004.0, "ortschaft": "Zürich", "baujahr": 1893.0, "grundflaeche_m2": 110.627423, "gebaeudealter_2026": 133.0, "gebaeude_nutzung": "Gebäude Wohnen", "qualitaet": "AV93", "bev_pers_n": 204.0, "bev_dichte_pha": 204.0 }, "geometry": { "type": "Point", "coordinates": [ 8.524459030128909, 47.376065890196813 ] } },
{ "type": "Feature", "properties": { "egid_int": 148880, "strasse": "Langstrasse", "hausnummer": "21", "plz": 8004.0, "ortschaft": "Zürich", "baujahr": 1972.0, "grundflaeche_m2": 752.0988265, "gebaeudealter_2026": 54.0, "gebaeude_nutzung": "Gebäude Verwaltung", "qualitaet": "AV93", "bev_pers_n": 98.0, "bev_dichte_pha": 98.0 }, "geometry": { "type": "Point", "coordinates": [ 8.524646275536519, 47.375266524223854 ] } },
{ "type": "Feature", "properties": { "egid_int": 148881, "strasse": "Bauhallengasse", "hausnummer": "5", "plz": 8004.0, "ortschaft": "Zürich", "baujahr": 1877.0, "grundflaeche_m2": 85.6054805, "gebaeudealter_2026": 149.0, "gebaeude_nutzung": "Gebäude Wohnen", "qualitaet": "AV93", "bev_pers_n": 121.0, "bev_dichte_pha": 121.0 }, "geometry": { "type": "Point", "coordinates": [ 8.524325656558979, 47.375133073217441 ] } },
{ "type": "Feature", "properties": { "egid_int": 148882, "strasse": "Bauhallengasse", "hausnummer": "7", "plz": 8004.0, "ortschaft": "Zürich", "baujahr": 1877.0, "grundflaeche_m2": 86.436216, "gebaeudealter_2026": 149.0, "gebaeude_nutzung": "Gebäude Wohnen", "qualitaet": "AV93", "bev_pers_n": 121.0, "bev_dichte_pha": 121.0 }, "geometry": { "type": "Point", "coordinates": [ 8.524214513745701, 47.375203146285301 ] } },
{ "type": "Feature", "properties": { "egid_int": 148883, "strasse": "Bauhallengasse", "hausnummer": "11", "plz": 8004.0, "ortschaft": "Zürich", "baujahr": 1877.0, "grundflaeche_m2": 244.8087075, "gebaeudealter_2026": 149.0, "gebaeude_nutzung": "Gebäude Wohnen", "qualitaet": "AV93", "bev_pers_n": 121.0, "bev_dichte_pha": 121.0 }, "geometry": { "type": "Point", "coordinates": [ 8.524057068393663, 47.375306630419864 ] } },
{ "type": "Feature", "properties": { "egid_int": 148884, "strasse": "Langstrasse", "hausnummer": "11", "plz": 8004.0, "ortschaft": "Zürich", "baujahr": 1893.0, "grundflaeche_m2": 250.88603007, "gebaeudealter_2026": 133.0, "gebaeude_nutzung": "Gebäude Wohnen", "qualitaet": "AV93", "bev_pers_n": 118.0, "bev_dichte_pha": 118.0 }, "geometry": { "type": "Point", "coordinates": [ 8.524371196283099, 47.374871768853573 ] } },
{ "type": "Feature", "properties": { "egid_int": 148885, "strasse": "Langstrasse", "hausnummer": "13", "plz": 8004.0, "ortschaft": "Zürich", "baujahr": 1881.0, "grundflaeche_m2": 191.4568065, "gebaeudealter_2026": 145.0, "gebaeude_nutzung": "Gebäude Wohnen", "qualitaet": "AV93", "bev_pers_n": 77.0, "bev_dichte_pha": 77.0 }, "geometry": { "type": "Point", "coordinates": [ 8.524462689523979, 47.374993566245379 ] } },
{ "type": "Feature", "properties": { "egid_int": 148886, "strasse": "Wengistrasse", "hausnummer": "2", "plz": 8004.0, "ortschaft": "Zürich", "baujahr": 1892.0, "grundflaeche_m2": 256.492437, "gebaeudealter_2026": 134.0, "gebaeude_nutzung": "Gebäude Wohnen", "qualitaet": "AV93", "bev_pers_n": 118.0, "bev_dichte_pha": 118.0 }, "geometry": { "type": "Point", "coordinates": [ 8.524205679006227, 47.374736850581449 ] } },
{ "type": "Feature", "properties": { "egid_int": 148887, "strasse": "Wengistrasse", "hausnummer": "4", "plz": 8004.0, "ortschaft": "Zürich", "baujahr": 1894.0, "grundflaeche_m2": 186.370292, "gebaeudealter_2026": 132.0, "gebaeude_nutzung": "Gebäude Wohnen", "qualitaet": "AV93", "bev_pers_n": 118.0, "bev_dichte_pha": 118.0 }, "geometry": { "type": "Point", "coordinates": [ 8.524057669086655, 47.374836719985993 ] } },
{ "type": "Feature", "properties": { "egid_int": 148888, "strasse": "Wengistrasse", "hausnummer": "6", "plz": 8004.0, "ortschaft": "Zürich", "baujahr": 1898.0, "grundflaeche_m2": 182.317549, "gebaeudealter_2026": 128.0, "gebaeude_nutzung": "Gebäude Wohnen", "qualitaet": "AV93", "bev_pers_n": 118.0, "bev_dichte_pha": 118.0 }, "geometry": { "type": "Point", "coordinates": [ 8.523903371285625, 47.374954926341793 ] } },
{ "type": "Feature", "properties": { "egid_int": 148889, "strasse": "Kernstrasse", "hausnummer": "8", "plz": 8004.0, "ortschaft": "Zürich", "baujahr": 1909.0, "grundflaeche_m2": 213.046598, "gebaeudealter_2026": 117.0, "gebaeude_nutzung": "Gebäude Wohnen", "qualitaet": "AV93", "bev_pers_n": 121.0, "bev_dichte_pha": 121.0 }, "geometry": { "type": "Point", "coordinates": [ 8.523767702568287, 47.37508475907034 ] } },
{ "type": "Feature", "properties": { "egid_int": 148890, "strasse": "Badenerstrasse", "hausnummer": "120", "plz": 8004.0, "ortschaft": "Zürich", "baujahr": 1928.0, "grundflaeche_m2": 1654.487122, "gebaeudealter_2026": 98.0, "gebaeude_nutzung": "Gebäude Verwaltung", "qualitaet": "AV93", "bev_pers_n": 118.0, "bev_dichte_pha": 118.0 }, "geometry": { "type": "Point", "coordinates": [ 8.523734216040827, 47.374438963523076 ] } },
{ "type": "Feature", "properties": { "egid_int": 148891, "strasse": "Badenerstrasse", "hausnummer": "134", "plz": 8004.0, "ortschaft": "Zürich", "baujahr": 1887.0, "grundflaeche_m2": 220.704338, "gebaeudealter_2026": 139.0, "gebaeude_nutzung": "Gebäude Verwaltung", "qualitaet": "AV93", "bev_pers_n": 118.0, "bev_dichte_pha": 118.0 }, "geometry": { "type": "Point", "coordinates": [ 8.523126788407753, 47.374458484488002 ] } },
{ "type": "Feature", "properties": { "egid_int": 148892, "strasse": "Badenerstrasse", "hausnummer": "138", "plz": 8004.0, "ortschaft": "Zürich", "baujahr": 1889.0, "grundflaeche_m2": 236.1655205, "gebaeudealter_2026": 137.0, "gebaeude_nutzung": "Gebäude Wohnen", "qualitaet": "AV93", "bev_pers_n": 109.0, "bev_dichte_pha": 109.0 }, "geometry": { "type": "Point", "coordinates": [ 8.522837068517362, 47.374468121418467 ] } },
{ "type": "Feature", "properties": { "egid_int": 148893, "strasse": "Kernstrasse", "hausnummer": "10", "plz": 8004.0, "ortschaft": "Zürich", "baujahr": 1909.0, "grundflaeche_m2": 132.1403045, "gebaeudealter_2026": 117.0, "gebaeude_nutzung": "Gebäude Wohnen", "qualitaet": "AV93", "bev_pers_n": 121.0, "bev_dichte_pha": 121.0 }, "geometry": { "type": "Point", "coordinates": [ 8.523853794439582, 47.375191064110709 ] } },
{ "type": "Feature", "properties": { "egid_int": 148894, "strasse": "Kernstrasse", "hausnummer": "25", "plz": 8004.0, "ortschaft": "Zürich", "baujahr": 1962.0, "grundflaeche_m2": 216.1645705, "gebaeudealter_2026": 64.0, "gebaeude_nutzung": "Gebäude Wohnen", "qualitaet": "AV93", "bev_pers_n": 404.0, "bev_dichte_pha": 404.0 }, "geometry": { "type": "Point", "coordinates": [ 8.524073165350581, 47.375971586823368 ] } },
{ "type": "Feature", "properties": { "egid_int": 148895, "strasse": "Kernstrasse", "hausnummer": "27", "plz": 8004.0, "ortschaft": "Zürich", "baujahr": 1962.0, "grundflaeche_m2": 587.4883305, "gebaeudealter_2026": 64.0, "gebaeude_nutzung": "Gebäude Wohnen", "qualitaet": "AV93", "bev_pers_n": 404.0, "bev_dichte_pha": 404.0 }, "geometry": { "type": "Point", "coordinates": [ 8.524175320391983, 47.376117472085809 ] } },
{ "type": "Feature", "properties": { "egid_int": 148896, "strasse": "Anwandstrasse", "hausnummer": "25", "plz": 8004.0, "ortschaft": "Zürich", "baujahr": 1955.0, "grundflaeche_m2": 239.5699185, "gebaeudealter_2026": 71.0, "gebaeude_nutzung": "Gebäude Wohnen", "qualitaet": "AV93", "bev_pers_n": 404.0, "bev_dichte_pha": 404.0 }, "geometry": { "type": "Point", "coordinates": [ 8.523736393355797, 47.376294365097479 ] } },
{ "type": "Feature", "properties": { "egid_int": 148897, "strasse": "Kernstrasse", "hausnummer": "11", "plz": 8004.0, "ortschaft": "Zürich", "baujahr": 1906.0, "grundflaeche_m2": 978.7644795, "gebaeudealter_2026": 120.0, "gebaeude_nutzung": "Gebäude Verwaltung", "qualitaet": "AV93", "bev_pers_n": 121.0, "bev_dichte_pha": 121.0 }, "geometry": { "type": "Point", "coordinates": [ 8.523662347608463, 47.375405363101223 ] } },
{ "type": "Feature", "properties": { "egid_int": 148898, "strasse": "Kanzleistrasse", "hausnummer": "84", "plz": 8004.0, "ortschaft": "Zürich", "baujahr": 1894.0, "grundflaeche_m2": 145.3980195, "gebaeudealter_2026": 132.0, "gebaeude_nutzung": "Gebäude Wohnen", "qualitaet": "AV93", "bev_pers_n": 121.0, "bev_dichte_pha": 121.0 }, "geometry": { "type": "Point", "coordinates": [ 8.52398386171749, 47.375832497962953 ] } },
{ "type": "Feature", "properties": { "egid_int": 148899, "strasse": "Kanzleistrasse", "hausnummer": "86", "plz": 8004.0, "ortschaft": "Zürich", "baujahr": 1896.0, "grundflaeche_m2": 144.9564515, "gebaeudealter_2026": 130.0, "gebaeude_nutzung": "Gebäude Wohnen", "qualitaet": "AV93", "bev_pers_n": 121.0, "bev_dichte_pha": 121.0 }, "geometry": { "type": "Point", "coordinates": [ 8.523801733774153, 47.375880848701719 ] } },
{ "type": "Feature", "properties": { "egid_int": 148900, "strasse": "Kanzleistrasse", "hausnummer": "88", "plz": 8004.0, "ortschaft": "Zürich", "baujahr": 1897.0, "grundflaeche_m2": 157.8108165, "gebaeudealter_2026": 129.0, "gebaeude_nutzung": "Gebäude Wohnen", "qualitaet": "AV93", "bev_pers_n": 121.0, "bev_dichte_pha": 121.0 }, "geometry": { "type": "Point", "coordinates": [ 8.523674085116511, 47.375926663536184 ] } },
{ "type": "Feature", "properties": { "egid_int": 148902, "strasse": "Engelstrasse", "hausnummer": "49", "plz": 8004.0, "ortschaft": "Zürich", "baujahr": 1977.0, "grundflaeche_m2": 251.0733975, "gebaeudealter_2026": 49.0, "gebaeude_nutzung": "Gebäude Verwaltung", "qualitaet": "AV93", "bev_pers_n": 404.0, "bev_dichte_pha": 404.0 }, "geometry": { "type": "Point", "coordinates": [ 8.523328403116635, 47.376241185828341 ] } },
{ "type": "Feature", "properties": { "egid_int": 148903, "strasse": "Badenerstrasse", "hausnummer": "144", "plz": 8004.0, "ortschaft": "Zürich", "baujahr": 1946.0, "grundflaeche_m2": 436.6841425, "gebaeudealter_2026": 80.0, "gebaeude_nutzung": "Gebäude Wohnen", "qualitaet": "AV93", "bev_pers_n": 109.0, "bev_dichte_pha": 109.0 }, "geometry": { "type": "Point", "coordinates": [ 8.522456009414217, 47.374488968044837 ] } },
{ "type": "Feature", "properties": { "egid_int": 148904, "strasse": "Badenerstrasse", "hausnummer": "156", "plz": 8004.0, "ortschaft": "Zürich", "baujahr": 1961.0, "grundflaeche_m2": 1060.247249, "gebaeudealter_2026": 65.0, "gebaeude_nutzung": "Gebäude Verwaltung", "qualitaet": "AV93", "bev_pers_n": 109.0, "bev_dichte_pha": 109.0 }, "geometry": { "type": "Point", "coordinates": [ 8.522012898070244, 47.374584695040646 ] } },
{ "type": "Feature", "properties": { "egid_int": 148905, "strasse": "Badenerstrasse", "hausnummer": "170", "plz": 8004.0, "ortschaft": "Zürich", "baujahr": 1984.0, "grundflaeche_m2": 1345.104045, "gebaeudealter_2026": 42.0, "gebaeude_nutzung": "Gebäude Verwaltung", "qualitaet": "AV93", "bev_pers_n": 93.0, "bev_dichte_pha": 93.0 }, "geometry": { "type": "Point", "coordinates": [ 8.521052920445221, 47.375025585804941 ] } },
{ "type": "Feature", "properties": { "egid_int": 148906, "strasse": "Engelstrasse", "hausnummer": "1", "plz": 8004.0, "ortschaft": "Zürich", "baujahr": 1980.0, "grundflaeche_m2": 321.6460045, "gebaeudealter_2026": 46.0, "gebaeude_nutzung": "Gebäude Wohnen", "qualitaet": "AV93", "bev_pers_n": 93.0, "bev_dichte_pha": 93.0 }, "geometry": { "type": "Point", "coordinates": [ 8.521353110961012, 47.374780920938392 ] } },
{ "type": "Feature", "properties": { "egid_int": 148907, "strasse": "Engelstrasse", "hausnummer": "3", "plz": 8004.0, "ortschaft": "Zürich", "baujahr": 1980.0, "grundflaeche_m2": 321.600157, "gebaeudealter_2026": 46.0, "gebaeude_nutzung": "Gebäude Wohnen", "qualitaet": "AV93", "bev_pers_n": 93.0, "bev_dichte_pha": 93.0 }, "geometry": { "type": "Point", "coordinates": [ 8.521559130374794, 47.374906828230479 ] } },
{ "type": "Feature", "properties": { "egid_int": 148908, "strasse": "Engelstrasse", "hausnummer": "5", "plz": 8004.0, "ortschaft": "Zürich", "baujahr": 1980.0, "grundflaeche_m2": 320.3020355, "gebaeudealter_2026": 46.0, "gebaeude_nutzung": "Gebäude Wohnen", "qualitaet": "AV93", "bev_pers_n": 109.0, "bev_dichte_pha": 109.0 }, "geometry": { "type": "Point", "coordinates": [ 8.521757195644797, 47.375017257194777 ] } },
{ "type": "Feature", "properties": { "egid_int": 148909, "strasse": "Engelstrasse", "hausnummer": "7", "plz": 8004.0, "ortschaft": "Zürich", "baujahr": 1980.0, "grundflaeche_m2": 320.657507, "gebaeudealter_2026": 46.0, "gebaeude_nutzung": "Gebäude Wohnen", "qualitaet": "AV93", "bev_pers_n": 107.0, "bev_dichte_pha": 107.0 }, "geometry": { "type": "Point", "coordinates": [ 8.521965701950366, 47.375139686328268 ] } },
{ "type": "Feature", "properties": { "egid_int": 148910, "strasse": "Engelstrasse", "hausnummer": "9", "plz": 8004.0, "ortschaft": "Zürich", "baujahr": 1980.0, "grundflaeche_m2": 325.7526685, "gebaeudealter_2026": 46.0, "gebaeude_nutzung": "Gebäude Wohnen", "qualitaet": "AV93", "bev_pers_n": 107.0, "bev_dichte_pha": 107.0 }, "geometry": { "type": "Point", "coordinates": [ 8.522166240886893, 47.375246646272267 ] } },
{ "type": "Feature", "properties": { "egid_int": 148911, "strasse": "Engelstrasse", "hausnummer": "43", "plz": 8004.0, "ortschaft": "Zürich", "baujahr": 1900.0, "grundflaeche_m2": 131.553452, "gebaeudealter_2026": 126.0, "gebaeude_nutzung": "Gebäude Wohnen", "qualitaet": "AV93", "bev_pers_n": 107.0, "bev_dichte_pha": 107.0 }, "geometry": { "type": "Point", "coordinates": [ 8.522975025848735, 47.375748693008944 ] } },
{ "type": "Feature", "properties": { "egid_int": 148912, "strasse": "Wengistrasse", "hausnummer": "28", "plz": 8004.0, "ortschaft": "Zürich", "baujahr": 1983.0, "grundflaeche_m2": 1004.6407775, "gebaeudealter_2026": 43.0, "gebaeude_nutzung": "Gebäude Verwaltung", "qualitaet": "AV93", "bev_pers_n": 107.0, "bev_dichte_pha": 107.0 }, "geometry": { "type": "Point", "coordinates": [ 8.522456619324428, 47.375518605843595 ] } },
{ "type": "Feature", "properties": { "egid_int": 148913, "strasse": "Feldstrasse", "hausnummer": "24", "plz": 8004.0, "ortschaft": "Zürich", "baujahr": 1931.0, "grundflaeche_m2": 1047.4874605, "gebaeudealter_2026": 95.0, "gebaeude_nutzung": "Gebäude Wohnen", "qualitaet": "AV93", "bev_pers_n": 144.0, "bev_dichte_pha": 144.0 }, "geometry": { "type": "Point", "coordinates": [ 8.52107283973989, 47.375505675027007 ] } },
{ "type": "Feature", "properties": { "egid_int": 148914, "strasse": "Feldstrasse", "hausnummer": "40", "plz": 8004.0, "ortschaft": "Zürich", "baujahr": 1981.0, "grundflaeche_m2": 1407.033841, "gebaeudealter_2026": 45.0, "gebaeude_nutzung": "Gebäude Verwaltung", "qualitaet": "AV93", "bev_pers_n": 144.0, "bev_dichte_pha": 144.0 }, "geometry": { "type": "Point", "coordinates": [ 8.521337203476586, 47.375874623512239 ] } },
{ "type": "Feature", "properties": { "egid_int": 148915, "strasse": "Feldstrasse", "hausnummer": "46", "plz": 8004.0, "ortschaft": "Zürich", "baujahr": 1899.0, "grundflaeche_m2": 150.9278015, "gebaeudealter_2026": 127.0, "gebaeude_nutzung": "Gebäude Wohnen", "qualitaet": "AV93", "bev_pers_n": 181.0, "bev_dichte_pha": 181.0 }, "geometry": { "type": "Point", "coordinates": [ 8.521571438157377, 47.376286913420515 ] } },
{ "type": "Feature", "properties": { "egid_int": 148916, "strasse": "Schreinerstrasse", "hausnummer": "42", "plz": 8004.0, "ortschaft": "Zürich", "baujahr": 1900.0, "grundflaeche_m2": 137.1715205, "gebaeudealter_2026": 126.0, "gebaeude_nutzung": "Gebäude Wohnen", "qualitaet": "AV93", "bev_pers_n": 107.0, "bev_dichte_pha": 107.0 }, "geometry": { "type": "Point", "coordinates": [ 8.522497602983849, 47.375908654072973 ] } },
{ "type": "Feature", "properties": { "egid_int": 148917, "strasse": "Schreinerstrasse", "hausnummer": "43", "plz": 8004.0, "ortschaft": "Zürich", "baujahr": 1899.0, "grundflaeche_m2": 140.449887, "gebaeudealter_2026": 127.0, "gebaeude_nutzung": "Gebäude Wohnen", "qualitaet": "AV93", "bev_pers_n": 439.0, "bev_dichte_pha": 439.0 }, "geometry": { "type": "Point", "coordinates": [ 8.522228877590697, 47.376075290936875 ] } },
{ "type": "Feature", "properties": { "egid_int": 148918, "strasse": "Schreinerstrasse", "hausnummer": "44", "plz": 8004.0, "ortschaft": "Zürich", "baujahr": 1900.0, "grundflaeche_m2": 165.1308325, "gebaeudealter_2026": 126.0, "gebaeude_nutzung": "Gebäude Wohnen", "qualitaet": "AV93", "bev_pers_n": 439.0, "bev_dichte_pha": 439.0 }, "geometry": { "type": "Point", "coordinates": [ 8.522573701171705, 47.376023689104002 ] } },
{ "type": "Feature", "properties": { "egid_int": 148919, "strasse": "Kanzleistrasse", "hausnummer": "91", "plz": 8004.0, "ortschaft": "Zürich", "baujahr": 1900.0, "grundflaeche_m2": 155.274592, "gebaeudealter_2026": 126.0, "gebaeude_nutzung": "Gebäude Wohnen", "qualitaet": "AV93", "bev_pers_n": 107.0, "bev_dichte_pha": 107.0 }, "geometry": { "type": "Point", "coordinates": [ 8.523059067036815, 47.375879196723552 ] } },
{ "type": "Feature", "properties": { "egid_int": 148920, "strasse": "Kanzleistrasse", "hausnummer": "92", "plz": 8004.0, "ortschaft": "Zürich", "baujahr": 1927.0, "grundflaeche_m2": 112.5798415, "gebaeudealter_2026": 99.0, "gebaeude_nutzung": "Gebäude Wohnen", "qualitaet": "AV93", "bev_pers_n": 404.0, "bev_dichte_pha": 404.0 }, "geometry": { "type": "Point", "coordinates": [ 8.523208231979179, 47.376085106628018 ] } },
{ "type": "Feature", "properties": { "egid_int": 148921, "strasse": "Kanzleistrasse", "hausnummer": "93", "plz": 8004.0, "ortschaft": "Zürich", "baujahr": 1900.0, "grundflaeche_m2": 138.5468235, "gebaeudealter_2026": 126.0, "gebaeude_nutzung": "Gebäude Wohnen", "qualitaet": "AV93", "bev_pers_n": 107.0, "bev_dichte_pha": 107.0 }, "geometry": { "type": "Point", "coordinates": [ 8.522910208400512, 47.375937605080686 ] } },
{ "type": "Feature", "properties": { "egid_int": 148922, "strasse": "Kanzleistrasse", "hausnummer": "94", "plz": 8004.0, "ortschaft": "Zürich", "baujahr": 1927.0, "grundflaeche_m2": 180.1477745, "gebaeudealter_2026": 99.0, "gebaeude_nutzung": "Gebäude Wohnen", "qualitaet": "AV93", "bev_pers_n": 439.0, "bev_dichte_pha": 439.0 }, "geometry": { "type": "Point", "coordinates": [ 8.523054324021787, 47.376145289632419 ] } },
{ "type": "Feature", "properties": { "egid_int": 148923, "strasse": "Kanzleistrasse", "hausnummer": "95", "plz": 8004.0, "ortschaft": "Zürich", "baujahr": 1900.0, "grundflaeche_m2": 139.009039, "gebaeudealter_2026": 126.0, "gebaeude_nutzung": "Gebäude Wohnen", "qualitaet": "AV93", "bev_pers_n": 439.0, "bev_dichte_pha": 439.0 }, "geometry": { "type": "Point", "coordinates": [ 8.522758688821318, 47.375990857031638 ] } },
{ "type": "Feature", "properties": { "egid_int": 148924, "strasse": "Kanzleistrasse", "hausnummer": "96", "plz": 8004.0, "ortschaft": "Zürich", "baujahr": 1927.0, "grundflaeche_m2": 134.517484, "gebaeudealter_2026": 99.0, "gebaeude_nutzung": "Gebäude Wohnen", "qualitaet": "AV93", "bev_pers_n": 439.0, "bev_dichte_pha": 439.0 }, "geometry": { "type": "Point", "coordinates": [ 8.522892635904906, 47.376198637209534 ] } },
{ "type": "Feature", "properties": { "egid_int": 148925, "strasse": "Schreinerstrasse", "hausnummer": "50", "plz": 8004.0, "ortschaft": "Zürich", "baujahr": 1927.0, "grundflaeche_m2": 193.58310639499999, "gebaeudealter_2026": 99.0, "gebaeude_nutzung": "Gebäude Wohnen", "qualitaet": "AV93", "bev_pers_n": 439.0, "bev_dichte_pha": 439.0 }, "geometry": { "type": "Point", "coordinates": [ 8.522744127585177, 47.376274321653604 ] } },
{ "type": "Feature", "properties": { "egid_int": 148926, "strasse": "Schreinerstrasse", "hausnummer": "52", "plz": 8004.0, "ortschaft": "Zürich", "baujahr": 1927.0, "grundflaeche_m2": 177.1283965, "gebaeudealter_2026": 99.0, "gebaeude_nutzung": "Gebäude Wohnen", "qualitaet": "AV93", "bev_pers_n": 439.0, "bev_dichte_pha": 439.0 }, "geometry": { "type": "Point", "coordinates": [ 8.522828239284514, 47.376408278977884 ] } },
{ "type": "Feature", "properties": { "egid_int": 148927, "strasse": "Anwandstrasse", "hausnummer": "28", "plz": 8004.0, "ortschaft": "Zürich", "baujahr": 1896.0, "grundflaeche_m2": 107.396639, "gebaeudealter_2026": 130.0, "gebaeude_nutzung": "Gebäude Wohnen", "qualitaet": "AV93", "bev_pers_n": 404.0, "bev_dichte_pha": 404.0 }, "geometry": { "type": "Point", "coordinates": [ 8.523556745011341, 47.376612302565952 ] } },
{ "type": "Feature", "properties": { "egid_int": 148928, "strasse": "Anwandstrasse", "hausnummer": "30", "plz": 8004.0, "ortschaft": "Zürich", "baujahr": 1896.0, "grundflaeche_m2": 101.788609, "gebaeudealter_2026": 130.0, "gebaeude_nutzung": "Gebäude Wohnen", "qualitaet": "AV93", "bev_pers_n": 404.0, "bev_dichte_pha": 404.0 }, "geometry": { "type": "Point", "coordinates": [ 8.523440913698728, 47.376646105596514 ] } },
{ "type": "Feature", "properties": { "egid_int": 148929, "strasse": "Anwandstrasse", "hausnummer": "31", "plz": 8004.0, "ortschaft": "Zürich", "baujahr": 1927.0, "grundflaeche_m2": 118.705708, "gebaeudealter_2026": 99.0, "gebaeude_nutzung": "Gebäude Wohnen", "qualitaet": "AV93", "bev_pers_n": 404.0, "bev_dichte_pha": 404.0 }, "geometry": { "type": "Point", "coordinates": [ 8.523428225462778, 47.376397455996383 ] } },
{ "type": "Feature", "properties": { "egid_int": 148930, "strasse": "Anwandstrasse", "hausnummer": "32", "plz": 8004.0, "ortschaft": "Zürich", "baujahr": 1895.0, "grundflaeche_m2": 114.952074, "gebaeudealter_2026": 131.0, "gebaeude_nutzung": "Gebäude Wohnen", "qualitaet": "AV93", "bev_pers_n": 404.0, "bev_dichte_pha": 404.0 }, "geometry": { "type": "Point", "coordinates": [ 8.523319805012465, 47.376693891486823 ] } },
{ "type": "Feature", "properties": { "egid_int": 148931, "strasse": "Anwandstrasse", "hausnummer": "33", "plz": 8004.0, "ortschaft": "Zürich", "baujahr": 1926.0, "grundflaeche_m2": 179.724065, "gebaeudealter_2026": 100.0, "gebaeude_nutzung": "Gebäude Wohnen", "qualitaet": "AV93", "bev_pers_n": 404.0, "bev_dichte_pha": 404.0 }, "geometry": { "type": "Point", "coordinates": [ 8.523253897056962, 47.376454376895744 ] } },
{ "type": "Feature", "properties": { "egid_int": 148932, "strasse": "Anwandstrasse", "hausnummer": "34", "plz": 8004.0, "ortschaft": "Zürich", "baujahr": 1898.0, "grundflaeche_m2": 153.4127085, "gebaeudealter_2026": 128.0, "gebaeude_nutzung": "Gebäude Wohnen", "qualitaet": "AV93", "bev_pers_n": 404.0, "bev_dichte_pha": 404.0 }, "geometry": { "type": "Point", "coordinates": [ 8.523178465126438, 47.376747048374284 ] } },
{ "type": "Feature", "properties": { "egid_int": 148933, "strasse": "Anwandstrasse", "hausnummer": "35", "plz": 8004.0, "ortschaft": "Zürich", "baujahr": 1927.0, "grundflaeche_m2": 134.1015955, "gebaeudealter_2026": 99.0, "gebaeude_nutzung": "Gebäude Wohnen", "qualitaet": "AV93", "bev_pers_n": 439.0, "bev_dichte_pha": 439.0 }, "geometry": { "type": "Point", "coordinates": [ 8.523094855636426, 47.376512881076451 ] } },
{ "type": "Feature", "properties": { "egid_int": 148934, "strasse": "Schreinerstrasse", "hausnummer": "54", "plz": 8004.0, "ortschaft": "Zürich", "baujahr": 1927.0, "grundflaeche_m2": 201.285101395, "gebaeudealter_2026": 99.0, "gebaeude_nutzung": "Gebäude Wohnen", "qualitaet": "AV93", "bev_pers_n": 439.0, "bev_dichte_pha": 439.0 }, "geometry": { "type": "Point", "coordinates": [ 8.522917492681861, 47.376545651094474 ] } },
{ "type": "Feature", "properties": { "egid_int": 148935, "strasse": "Schreinerstrasse", "hausnummer": "60", "plz": 8004.0, "ortschaft": "Zürich", "baujahr": 1898.0, "grundflaeche_m2": 163.345118, "gebaeudealter_2026": 128.0, "gebaeude_nutzung": "Gebäude Wohnen", "qualitaet": "AV93", "bev_pers_n": 211.0, "bev_dichte_pha": 211.0 }, "geometry": { "type": "Point", "coordinates": [ 8.523096624410538, 47.376849740287831 ] } },
{ "type": "Feature", "properties": { "egid_int": 148936, "strasse": "Kanzleistrasse", "hausnummer": "102", "plz": 8004.0, "ortschaft": "Zürich", "baujahr": 1926.0, "grundflaeche_m2": 233.6390901, "gebaeudealter_2026": 100.0, "gebaeude_nutzung": "Gebäude Wohnen", "qualitaet": "AV93", "bev_pers_n": 439.0, "bev_dichte_pha": 439.0 }, "geometry": { "type": "Point", "coordinates": [ 8.522400553808492, 47.376388113427844 ] } },
{ "type": "Feature", "properties": { "egid_int": 148937, "strasse": "Kanzleistrasse", "hausnummer": "103", "plz": 8004.0, "ortschaft": "Zürich", "baujahr": 1899.0, "grundflaeche_m2": 123.8265565, "gebaeudealter_2026": 127.0, "gebaeude_nutzung": "Gebäude Wohnen", "qualitaet": "AV93", "bev_pers_n": 439.0, "bev_dichte_pha": 439.0 }, "geometry": { "type": "Point", "coordinates": [ 8.522251298882072, 47.376177013186258 ] } },
{ "type": "Feature", "properties": { "egid_int": 148938, "strasse": "Kanzleistrasse", "hausnummer": "104", "plz": 8004.0, "ortschaft": "Zürich", "baujahr": 1926.0, "grundflaeche_m2": 178.1602855, "gebaeudealter_2026": 100.0, "gebaeude_nutzung": "Gebäude Wohnen", "qualitaet": "AV93", "bev_pers_n": 439.0, "bev_dichte_pha": 439.0 }, "geometry": { "type": "Point", "coordinates": [ 8.522197184473045, 47.37644766189544 ] } },
{ "type": "Feature", "properties": { "egid_int": 148939, "strasse": "Kanzleistrasse", "hausnummer": "105", "plz": 8004.0, "ortschaft": "Zürich", "baujahr": 1899.0, "grundflaeche_m2": 102.9992105, "gebaeudealter_2026": 127.0, "gebaeude_nutzung": "Gebäude Wohnen", "qualitaet": "AV93", "bev_pers_n": 439.0, "bev_dichte_pha": 439.0 }, "geometry": { "type": "Point", "coordinates": [ 8.522103181226663, 47.376218538707057 ] } },
{ "type": "Feature", "properties": { "egid_int": 148940, "strasse": "Kanzleistrasse", "hausnummer": "106", "plz": 8004.0, "ortschaft": "Zürich", "baujahr": 1926.0, "grundflaeche_m2": 180.3949525, "gebaeudealter_2026": 100.0, "gebaeude_nutzung": "Gebäude Wohnen", "qualitaet": "AV93", "bev_pers_n": 439.0, "bev_dichte_pha": 439.0 }, "geometry": { "type": "Point", "coordinates": [ 8.52201655164396, 47.376514372753853 ] } },
{ "type": "Feature", "properties": { "egid_int": 148941, "strasse": "Kanzleistrasse", "hausnummer": "107", "plz": 8004.0, "ortschaft": "Zürich", "baujahr": 1899.0, "grundflaeche_m2": 174.7129915, "gebaeudealter_2026": 127.0, "gebaeude_nutzung": "Gebäude Wohnen", "qualitaet": "AV93", "bev_pers_n": 439.0, "bev_dichte_pha": 439.0 }, "geometry": { "type": "Point", "coordinates": [ 8.521966089775686, 47.376266365146911 ] } },
{ "type": "Feature", "properties": { "egid_int": 148942, "strasse": "Kanzleistrasse", "hausnummer": "109", "plz": 8004.0, "ortschaft": "Zürich", "baujahr": 1899.0, "grundflaeche_m2": 103.117434, "gebaeudealter_2026": 127.0, "gebaeude_nutzung": "Gebäude Wohnen", "qualitaet": "AV93", "bev_pers_n": 439.0, "bev_dichte_pha": 439.0 }, "geometry": { "type": "Point", "coordinates": [ 8.521800524638508, 47.376327096540855 ] } },
{ "type": "Feature", "properties": { "egid_int": 148943, "strasse": "Kanzleistrasse", "hausnummer": "111", "plz": 8004.0, "ortschaft": "Zürich", "baujahr": 1899.0, "grundflaeche_m2": 126.203996, "gebaeudealter_2026": 127.0, "gebaeude_nutzung": "Gebäude Wohnen", "qualitaet": "AV93", "bev_pers_n": 181.0, "bev_dichte_pha": 181.0 }, "geometry": { "type": "Point", "coordinates": [ 8.521675546795038, 47.376379360566645 ] } },
{ "type": "Feature", "properties": { "egid_int": 148944, "strasse": "Schreinerstrasse", "hausnummer": "51", "plz": 8004.0, "ortschaft": "Zürich", "baujahr": 1926.0, "grundflaeche_m2": 181.2781435, "gebaeudealter_2026": 100.0, "gebaeude_nutzung": "Gebäude Wohnen", "qualitaet": "AV93", "bev_pers_n": 439.0, "bev_dichte_pha": 439.0 }, "geometry": { "type": "Point", "coordinates": [ 8.522517970358082, 47.376533847925231 ] } },
{ "type": "Feature", "properties": { "egid_int": 148945, "strasse": "Anwandstrasse", "hausnummer": "45", "plz": 8004.0, "ortschaft": "Zürich", "baujahr": 1926.0, "grundflaeche_m2": 222.27401787, "gebaeudealter_2026": 100.0, "gebaeude_nutzung": "Gebäude Wohnen", "qualitaet": "AV93", "bev_pers_n": 439.0, "bev_dichte_pha": 439.0 }, "geometry": { "type": "Point", "coordinates": [ 8.522594982873528, 47.376693795919074 ] } },
{ "type": "Feature", "properties": { "egid_int": 148946, "strasse": "Anwandstrasse", "hausnummer": "47", "plz": 8004.0, "ortschaft": "Zürich", "baujahr": 1926.0, "grundflaeche_m2": 178.0744865, "gebaeudealter_2026": 100.0, "gebaeude_nutzung": "Gebäude Wohnen", "qualitaet": "AV93", "bev_pers_n": 439.0, "bev_dichte_pha": 439.0 }, "geometry": { "type": "Point", "coordinates": [ 8.522413202011625, 47.37675942075952 ] } },
{ "type": "Feature", "properties": { "egid_int": 148947, "strasse": "Anwandstrasse", "hausnummer": "49", "plz": 8004.0, "ortschaft": "Zürich", "baujahr": 1925.0, "grundflaeche_m2": 178.107441, "gebaeudealter_2026": 101.0, "gebaeude_nutzung": "Gebäude Wohnen", "qualitaet": "AV93", "bev_pers_n": 439.0, "bev_dichte_pha": 439.0 }, "geometry": { "type": "Point", "coordinates": [ 8.522226371700308, 47.376826819734404 ] } },
{ "type": "Feature", "properties": { "egid_int": 148948, "strasse": "Anwandstrasse", "hausnummer": "51", "plz": 8004.0, "ortschaft": "Zürich", "baujahr": 1925.0, "grundflaeche_m2": 211.68752172000001, "gebaeudealter_2026": 101.0, "gebaeude_nutzung": "Gebäude Wohnen", "qualitaet": "AV93", "bev_pers_n": 211.0, "bev_dichte_pha": 211.0 }, "geometry": { "type": "Point", "coordinates": [ 8.522039505817633, 47.376892491674234 ] } },
{ "type": "Feature", "properties": { "egid_int": 148949, "strasse": "Feldstrasse", "hausnummer": "54", "plz": 8004.0, "ortschaft": "Zürich", "baujahr": 1926.0, "grundflaeche_m2": 179.9909495, "gebaeudealter_2026": 100.0, "gebaeude_nutzung": "Gebäude Wohnen", "qualitaet": "AV93", "bev_pers_n": 439.0, "bev_dichte_pha": 439.0 }, "geometry": { "type": "Point", "coordinates": [ 8.521927138607603, 47.376744973304021 ] } },
{ "type": "Feature", "properties": { "egid_int": 148950, "strasse": "Kanzleistrasse", "hausnummer": "108", "plz": 8004.0, "ortschaft": "Zürich", "baujahr": 1926.0, "grundflaeche_m2": 226.76305375000001, "gebaeudealter_2026": 100.0, "gebaeude_nutzung": "Gebäude Wohnen", "qualitaet": "AV93", "bev_pers_n": 439.0, "bev_dichte_pha": 439.0 }, "geometry": { "type": "Point", "coordinates": [ 8.521832474281036, 47.376592107644072 ] } },
{ "type": "Feature", "properties": { "egid_int": 148951, "strasse": "Anwandstrasse", "hausnummer": "44", "plz": 8004.0, "ortschaft": "Zürich", "baujahr": 1899.0, "grundflaeche_m2": 125.7228095, "gebaeudealter_2026": 127.0, "gebaeude_nutzung": "Gebäude Wohnen", "qualitaet": "AV93", "bev_pers_n": 211.0, "bev_dichte_pha": 211.0 }, "geometry": { "type": "Point", "coordinates": [ 8.522731719396022, 47.376901289216683 ] } },
{ "type": "Feature", "properties": { "egid_int": 148952, "strasse": "Anwandstrasse", "hausnummer": "46", "plz": 8004.0, "ortschaft": "Zürich", "baujahr": 1900.0, "grundflaeche_m2": 136.2536705, "gebaeudealter_2026": 126.0, "gebaeude_nutzung": "Gebäude Wohnen", "qualitaet": "AV93", "bev_pers_n": 211.0, "bev_dichte_pha": 211.0 }, "geometry": { "type": "Point", "coordinates": [ 8.522589856629724, 47.376963301461934 ] } },
{ "type": "Feature", "properties": { "egid_int": 148953, "strasse": "Anwandstrasse", "hausnummer": "48", "plz": 8004.0, "ortschaft": "Zürich", "baujahr": 1899.0, "grundflaeche_m2": 99.207379, "gebaeudealter_2026": 127.0, "gebaeude_nutzung": "Gebäude Wohnen", "qualitaet": "AV93", "bev_pers_n": 211.0, "bev_dichte_pha": 211.0 }, "geometry": { "type": "Point", "coordinates": [ 8.522456234785563, 47.377012508134065 ] } },
{ "type": "Feature", "properties": { "egid_int": 148954, "strasse": "Anwandstrasse", "hausnummer": "50", "plz": 8004.0, "ortschaft": "Zürich", "baujahr": 1898.0, "grundflaeche_m2": 116.666695, "gebaeudealter_2026": 128.0, "gebaeude_nutzung": "Gebäude Wohnen", "qualitaet": "AV93", "bev_pers_n": 211.0, "bev_dichte_pha": 211.0 }, "geometry": { "type": "Point", "coordinates": [ 8.522336333460867, 47.377058536592678 ] } },
{ "type": "Feature", "properties": { "egid_int": 148955, "strasse": "Feldstrasse", "hausnummer": "60", "plz": 8004.0, "ortschaft": "Zürich", "baujahr": 1898.0, "grundflaeche_m2": 213.831012, "gebaeudealter_2026": 128.0, "gebaeude_nutzung": "Gebäude Wohnen", "qualitaet": "AV93", "bev_pers_n": 211.0, "bev_dichte_pha": 211.0 }, "geometry": { "type": "Point", "coordinates": [ 8.522210759569276, 47.377131045755554 ] } },
{ "type": "Feature", "properties": { "egid_int": 148956, "strasse": "Schreinerstrasse", "hausnummer": "59", "plz": 8004.0, "ortschaft": "Zürich", "baujahr": 1899.0, "grundflaeche_m2": 92.169674, "gebaeudealter_2026": 127.0, "gebaeude_nutzung": "Gebäude Wohnen", "qualitaet": "AV93", "bev_pers_n": 211.0, "bev_dichte_pha": 211.0 }, "geometry": { "type": "Point", "coordinates": [ 8.522802092099425, 47.376971726098802 ] } },
{ "type": "Feature", "properties": { "egid_int": 148957, "strasse": "Schreinerstrasse", "hausnummer": "61", "plz": 8004.0, "ortschaft": "Zürich", "baujahr": 1907.0, "grundflaeche_m2": 120.205039, "gebaeudealter_2026": 119.0, "gebaeude_nutzung": "Gebäude Wohnen", "qualitaet": "AV93", "bev_pers_n": 211.0, "bev_dichte_pha": 211.0 }, "geometry": { "type": "Point", "coordinates": [ 8.522846083911041, 47.377051171777914 ] } },
{ "type": "Feature", "properties": { "egid_int": 148958, "strasse": "Schreinerstrasse", "hausnummer": "62", "plz": 8004.0, "ortschaft": "Zürich", "baujahr": 1897.0, "grundflaeche_m2": 181.1550025, "gebaeudealter_2026": 129.0, "gebaeude_nutzung": "Gebäude Wohnen", "qualitaet": "AV93", "bev_pers_n": 72.0, "bev_dichte_pha": 72.0 }, "geometry": { "type": "Point", "coordinates": [ 8.52317516189024, 47.376959570831914 ] } },
{ "type": "Feature", "properties": { "egid_int": 148959, "strasse": "Schreinerstrasse", "hausnummer": "64", "plz": 8004.0, "ortschaft": "Zürich", "baujahr": 1897.0, "grundflaeche_m2": 191.7030155, "gebaeudealter_2026": 129.0, "gebaeude_nutzung": "Gebäude Wohnen", "qualitaet": "AV93", "bev_pers_n": 72.0, "bev_dichte_pha": 72.0 }, "geometry": { "type": "Point", "coordinates": [ 8.523248650520355, 47.377071166791943 ] } },
{ "type": "Feature", "properties": { "egid_int": 148960, "strasse": "Feldstrasse", "hausnummer": "59", "plz": 8004.0, "ortschaft": "Zürich", "baujahr": 1895.0, "grundflaeche_m2": 124.8434655, "gebaeudealter_2026": 131.0, "gebaeude_nutzung": "Gebäude Wohnen", "qualitaet": "AV93", "bev_pers_n": 211.0, "bev_dichte_pha": 211.0 }, "geometry": { "type": "Point", "coordinates": [ 8.521879318629232, 47.377224447111004 ] } },
{ "type": "Feature", "properties": { "egid_int": 148961, "strasse": "Feldstrasse", "hausnummer": "61", "plz": 8004.0, "ortschaft": "Zürich", "baujahr": 1895.0, "grundflaeche_m2": 182.0273365, "gebaeudealter_2026": 131.0, "gebaeude_nutzung": "Gebäude Wohnen", "qualitaet": "AV93", "bev_pers_n": 211.0, "bev_dichte_pha": 211.0 }, "geometry": { "type": "Point", "coordinates": [ 8.521961896164687, 47.377328564653737 ] } },
{ "type": "Feature", "properties": { "egid_int": 148962, "strasse": "Feldstrasse", "hausnummer": "62", "plz": 8004.0, "ortschaft": "Zürich", "baujahr": 1897.0, "grundflaeche_m2": 192.6881605, "gebaeudealter_2026": 129.0, "gebaeude_nutzung": "Gebäude Wohnen", "qualitaet": "AV93", "bev_pers_n": 211.0, "bev_dichte_pha": 211.0 }, "geometry": { "type": "Point", "coordinates": [ 8.522310891276341, 47.377264835160986 ] } },
{ "type": "Feature", "properties": { "egid_int": 148963, "strasse": "Feldstrasse", "hausnummer": "63", "plz": 8004.0, "ortschaft": "Zürich", "baujahr": 1896.0, "grundflaeche_m2": 114.3771145, "gebaeudealter_2026": 130.0, "gebaeude_nutzung": "Gebäude Wohnen", "qualitaet": "AV93", "bev_pers_n": 211.0, "bev_dichte_pha": 211.0 }, "geometry": { "type": "Point", "coordinates": [ 8.522051854698686, 47.377443982725822 ] } },
{ "type": "Feature", "properties": { "egid_int": 148964, "strasse": "Stauffacherstrasse", "hausnummer": "141", "plz": 8004.0, "ortschaft": "Zürich", "baujahr": 1907.0, "grundflaeche_m2": 247.7386075, "gebaeudealter_2026": 119.0, "gebaeude_nutzung": "Gebäude Wohnen", "qualitaet": "AV93", "bev_pers_n": 211.0, "bev_dichte_pha": 211.0 }, "geometry": { "type": "Point", "coordinates": [ 8.52295127813961, 47.377205260061672 ] } },
{ "type": "Feature", "properties": { "egid_int": 148965, "strasse": "Stauffacherstrasse", "hausnummer": "143", "plz": 8004.0, "ortschaft": "Zürich", "baujahr": 1908.0, "grundflaeche_m2": 119.860442, "gebaeudealter_2026": 118.0, "gebaeude_nutzung": "Gebäude Wohnen", "qualitaet": "AV93", "bev_pers_n": 211.0, "bev_dichte_pha": 211.0 }, "geometry": { "type": "Point", "coordinates": [ 8.522798042304627, 47.377266758642627 ] } },
{ "type": "Feature", "properties": { "egid_int": 148966, "strasse": "Stauffacherstrasse", "hausnummer": "145", "plz": 8004.0, "ortschaft": "Zürich", "baujahr": 1896.0, "grundflaeche_m2": 125.6035015, "gebaeudealter_2026": 130.0, "gebaeude_nutzung": "Gebäude Wohnen", "qualitaet": "AV93", "bev_pers_n": 211.0, "bev_dichte_pha": 211.0 }, "geometry": { "type": "Point", "coordinates": [ 8.522654338921877, 47.3773060306075 ] } },
{ "type": "Feature", "properties": { "egid_int": 148967, "strasse": "Stauffacherstrasse", "hausnummer": "147", "plz": 8004.0, "ortschaft": "Zürich", "baujahr": 1896.0, "grundflaeche_m2": 125.782473, "gebaeudealter_2026": 130.0, "gebaeude_nutzung": "Gebäude Wohnen", "qualitaet": "AV93", "bev_pers_n": 211.0, "bev_dichte_pha": 211.0 }, "geometry": { "type": "Point", "coordinates": [ 8.522550968052112, 47.377341199982091 ] } },
{ "type": "Feature", "properties": { "egid_int": 148968, "strasse": "Stauffacherstrasse", "hausnummer": "149", "plz": 8004.0, "ortschaft": "Zürich", "baujahr": 1896.0, "grundflaeche_m2": 141.2997395, "gebaeudealter_2026": 130.0, "gebaeude_nutzung": "Gebäude Verwaltung", "qualitaet": "AV93", "bev_pers_n": 211.0, "bev_dichte_pha": 211.0 }, "geometry": { "type": "Point", "coordinates": [ 8.522396230963922, 47.377403152865583 ] } },
{ "type": "Feature", "properties": { "egid_int": 148969, "strasse": "Stauffacherstrasse", "hausnummer": "151", "plz": 8004.0, "ortschaft": "Zürich", "baujahr": 1897.0, "grundflaeche_m2": 163.6931925, "gebaeudealter_2026": 129.0, "gebaeude_nutzung": "Gebäude Wohnen", "qualitaet": "AV93", "bev_pers_n": 211.0, "bev_dichte_pha": 211.0 }, "geometry": { "type": "Point", "coordinates": [ 8.522062559296216, 47.377526295480912 ] } },
{ "type": "Feature", "properties": { "egid_int": 148970, "strasse": "Stauffacherstrasse", "hausnummer": "153", "plz": 8004.0, "ortschaft": "Zürich", "baujahr": 1898.0, "grundflaeche_m2": 119.9261995, "gebaeudealter_2026": 128.0, "gebaeude_nutzung": "Gebäude Wohnen", "qualitaet": "AV93", "bev_pers_n": 211.0, "bev_dichte_pha": 211.0 }, "geometry": { "type": "Point", "coordinates": [ 8.52188564855255, 47.377581511405211 ] } },
{ "type": "Feature", "properties": { "egid_int": 148971, "strasse": "Stauffacherstrasse", "hausnummer": "155", "plz": 8004.0, "ortschaft": "Zürich", "baujahr": 1898.0, "grundflaeche_m2": 129.725369, "gebaeudealter_2026": 128.0, "gebaeude_nutzung": "Gebäude Wohnen", "qualitaet": "AV93", "bev_pers_n": 397.0, "bev_dichte_pha": 397.0 }, "geometry": { "type": "Point", "coordinates": [ 8.521764360710703, 47.377620653002033 ] } },
{ "type": "Feature", "properties": { "egid_int": 148972, "strasse": "Stauffacherstrasse", "hausnummer": "157", "plz": 8004.0, "ortschaft": "Zürich", "baujahr": 1899.0, "grundflaeche_m2": 136.8995995, "gebaeudealter_2026": 127.0, "gebaeude_nutzung": "Gebäude Wohnen", "qualitaet": "AV93", "bev_pers_n": 397.0, "bev_dichte_pha": 397.0 }, "geometry": { "type": "Point", "coordinates": [ 8.521628233549862, 47.377671159478282 ] } },
{ "type": "Feature", "properties": { "egid_int": 148973, "strasse": "Stauffacherstrasse", "hausnummer": "159", "plz": 8004.0, "ortschaft": "Zürich", "baujahr": 1899.0, "grundflaeche_m2": 159.8258055, "gebaeudealter_2026": 127.0, "gebaeude_nutzung": "Gebäude Wohnen", "qualitaet": "AV93", "bev_pers_n": 397.0, "bev_dichte_pha": 397.0 }, "geometry": { "type": "Point", "coordinates": [ 8.521463761512264, 47.377724657003164 ] } },
{ "type": "Feature", "properties": { "egid_int": 148974, "strasse": "Stauffacherstrasse", "hausnummer": "163", "plz": 8004.0, "ortschaft": "Zürich", "baujahr": 1911.0, "grundflaeche_m2": 222.9773145, "gebaeudealter_2026": 115.0, "gebaeude_nutzung": "Gebäude Wohnen", "qualitaet": "AV93", "bev_pers_n": 244.0, "bev_dichte_pha": 244.0 }, "geometry": { "type": "Point", "coordinates": [ 8.521118113904201, 47.377858208485932 ] } },
{ "type": "Feature", "properties": { "egid_int": 148975, "strasse": "Stauffacherstrasse", "hausnummer": "171", "plz": 8004.0, "ortschaft": "Zürich", "baujahr": 1927.0, "grundflaeche_m2": 175.820927, "gebaeudealter_2026": 99.0, "gebaeude_nutzung": "Gebäude Wohnen", "qualitaet": "AV93", "bev_pers_n": 244.0, "bev_dichte_pha": 244.0 }, "geometry": { "type": "Point", "coordinates": [ 8.52091120869385, 47.377939618840578 ] } },
{ "type": "Feature", "properties": { "egid_int": 148976, "strasse": "Stauffacherstrasse", "hausnummer": "173", "plz": 8004.0, "ortschaft": "Zürich", "baujahr": 1927.0, "grundflaeche_m2": 168.547646, "gebaeudealter_2026": 99.0, "gebaeude_nutzung": "Gebäude Wohnen", "qualitaet": "AV93", "bev_pers_n": 244.0, "bev_dichte_pha": 244.0 }, "geometry": { "type": "Point", "coordinates": [ 8.520731963797392, 47.378005226185742 ] } },
{ "type": "Feature", "properties": { "egid_int": 148977, "strasse": "Pflanzschulstrasse", "hausnummer": "80", "plz": 8004.0, "ortschaft": "Zürich", "baujahr": 1901.0, "grundflaeche_m2": 138.0533025, "gebaeudealter_2026": 125.0, "gebaeude_nutzung": "Gebäude Wohnen", "qualitaet": "AV93", "bev_pers_n": 397.0, "bev_dichte_pha": 397.0 }, "geometry": { "type": "Point", "coordinates": [ 8.521369406822048, 47.37761182530862 ] } },
{ "type": "Feature", "properties": { "egid_int": 148978, "strasse": "Stauffacherstrasse", "hausnummer": "175", "plz": 8004.0, "ortschaft": "Zürich", "baujahr": 1927.0, "grundflaeche_m2": 166.3195295, "gebaeudealter_2026": 99.0, "gebaeude_nutzung": "Gebäude Wohnen", "qualitaet": "AV93", "bev_pers_n": 244.0, "bev_dichte_pha": 244.0 }, "geometry": { "type": "Point", "coordinates": [ 8.520555295441048, 47.378072527180535 ] } },
{ "type": "Feature", "properties": { "egid_int": 148979, "strasse": "Stauffacherstrasse", "hausnummer": "177", "plz": 8004.0, "ortschaft": "Zürich", "baujahr": 1927.0, "grundflaeche_m2": 178.4099466, "gebaeudealter_2026": 99.0, "gebaeude_nutzung": "Gebäude Wohnen", "qualitaet": "AV93", "bev_pers_n": 87.0, "bev_dichte_pha": 87.0 }, "geometry": { "type": "Point", "coordinates": [ 8.520403815537209, 47.378127493619637 ] } },
{ "type": "Feature", "properties": { "egid_int": 148980, "strasse": "Stauffacherstrasse", "hausnummer": "179", "plz": 8004.0, "ortschaft": "Zürich", "baujahr": 1928.0, "grundflaeche_m2": 274.8033136, "gebaeudealter_2026": 98.0, "gebaeude_nutzung": "Gebäude Wohnen", "qualitaet": "AV93", "bev_pers_n": 87.0, "bev_dichte_pha": 87.0 }, "geometry": { "type": "Point", "coordinates": [ 8.52017750100884, 47.378129612676688 ] } },
{ "type": "Feature", "properties": { "egid_int": 148981, "strasse": "Anwandstrasse", "hausnummer": "82", "plz": 8004.0, "ortschaft": "Zürich", "baujahr": 1928.0, "grundflaeche_m2": 278.678316655, "gebaeudealter_2026": 98.0, "gebaeude_nutzung": "Gebäude Wohnen", "qualitaet": "AV93", "bev_pers_n": 87.0, "bev_dichte_pha": 87.0 }, "geometry": { "type": "Point", "coordinates": [ 8.519993068044691, 47.377939581710613 ] } },
{ "type": "Feature", "properties": { "egid_int": 148982, "strasse": "Anwandstrasse", "hausnummer": "70", "plz": 8004.0, "ortschaft": "Zürich", "baujahr": 1912.0, "grundflaeche_m2": 231.414647, "gebaeudealter_2026": 114.0, "gebaeude_nutzung": "Gebäude Wohnen", "qualitaet": "AV93", "bev_pers_n": 397.0, "bev_dichte_pha": 397.0 }, "geometry": { "type": "Point", "coordinates": [ 8.520898829354589, 47.377580398472467 ] } },
{ "type": "Feature", "properties": { "egid_int": 148983, "strasse": "Anwandstrasse", "hausnummer": "72", "plz": 8004.0, "ortschaft": "Zürich", "baujahr": 1928.0, "grundflaeche_m2": 177.7017215, "gebaeudealter_2026": 98.0, "gebaeude_nutzung": "Gebäude Wohnen", "qualitaet": "AV93", "bev_pers_n": 397.0, "bev_dichte_pha": 397.0 }, "geometry": { "type": "Point", "coordinates": [ 8.520712169708993, 47.377656437629312 ] } },
{ "type": "Feature", "properties": { "egid_int": 148984, "strasse": "Anwandstrasse", "hausnummer": "73", "plz": 8004.0, "ortschaft": "Zürich", "baujahr": 1928.0, "grundflaeche_m2": 176.8325125, "gebaeudealter_2026": 98.0, "gebaeude_nutzung": "Gebäude Wohnen", "qualitaet": "AV93", "bev_pers_n": 397.0, "bev_dichte_pha": 397.0 }, "geometry": { "type": "Point", "coordinates": [ 8.520560902763648, 47.37743608920411 ] } },
{ "type": "Feature", "properties": { "egid_int": 148985, "strasse": "Anwandstrasse", "hausnummer": "74", "plz": 8004.0, "ortschaft": "Zürich", "baujahr": 1928.0, "grundflaeche_m2": 180.377187, "gebaeudealter_2026": 98.0, "gebaeude_nutzung": "Gebäude Wohnen", "qualitaet": "AV93", "bev_pers_n": 397.0, "bev_dichte_pha": 397.0 }, "geometry": { "type": "Point", "coordinates": [ 8.520538009530833, 47.377721988061552 ] } },
{ "type": "Feature", "properties": { "egid_int": 148986, "strasse": "Anwandstrasse", "hausnummer": "76", "plz": 8004.0, "ortschaft": "Zürich", "baujahr": 1928.0, "grundflaeche_m2": 179.2616375, "gebaeudealter_2026": 98.0, "gebaeude_nutzung": "Gebäude Wohnen", "qualitaet": "AV93", "bev_pers_n": 87.0, "bev_dichte_pha": 87.0 }, "geometry": { "type": "Point", "coordinates": [ 8.520363884151203, 47.377789273954427 ] } },
{ "type": "Feature", "properties": { "egid_int": 148987, "strasse": "Anwandstrasse", "hausnummer": "78", "plz": 8004.0, "ortschaft": "Zürich", "baujahr": 1928.0, "grundflaeche_m2": 179.1832335, "gebaeudealter_2026": 98.0, "gebaeude_nutzung": "Gebäude Wohnen", "qualitaet": "AV93", "bev_pers_n": 87.0, "bev_dichte_pha": 87.0 }, "geometry": { "type": "Point", "coordinates": [ 8.520194912433894, 47.377859956451523 ] } },
{ "type": "Feature", "properties": { "egid_int": 148988, "strasse": "Pflanzschulstrasse", "hausnummer": "71", "plz": 8004.0, "ortschaft": "Zürich", "baujahr": 1911.0, "grundflaeche_m2": 183.8547485, "gebaeudealter_2026": 115.0, "gebaeude_nutzung": "Gebäude Wohnen", "qualitaet": "AV93", "bev_pers_n": 397.0, "bev_dichte_pha": 397.0 }, "geometry": { "type": "Point", "coordinates": [ 8.521030444831084, 47.377674180603748 ] } },
{ "type": "Feature", "properties": { "egid_int": 148989, "strasse": "Pflanzschulstrasse", "hausnummer": "73", "plz": 8004.0, "ortschaft": "Zürich", "baujahr": 1911.0, "grundflaeche_m2": 108.144543, "gebaeudealter_2026": 115.0, "gebaeude_nutzung": "Gebäude Wohnen", "qualitaet": "AV93", "bev_pers_n": 244.0, "bev_dichte_pha": 244.0 }, "geometry": { "type": "Point", "coordinates": [ 8.521089204998455, 47.377769517811416 ] } },
{ "type": "Feature", "properties": { "egid_int": 148990, "strasse": "Pflanzschulstrasse", "hausnummer": "78", "plz": 8004.0, "ortschaft": "Zürich", "baujahr": 1907.0, "grundflaeche_m2": 198.91727991, "gebaeudealter_2026": 119.0, "gebaeude_nutzung": "Gebäude Wohnen", "qualitaet": "AV93", "bev_pers_n": 397.0, "bev_dichte_pha": 397.0 }, "geometry": { "type": "Point", "coordinates": [ 8.521261490597489, 47.377478054101715 ] } },
{ "type": "Feature", "properties": { "egid_int": 148991, "strasse": "Anwandstrasse", "hausnummer": "60", "plz": 8004.0, "ortschaft": "Zürich", "baujahr": 1895.0, "grundflaeche_m2": 112.3910475, "gebaeudealter_2026": 131.0, "gebaeude_nutzung": "Gebäude Wohnen", "qualitaet": "AV93", "bev_pers_n": 397.0, "bev_dichte_pha": 397.0 }, "geometry": { "type": "Point", "coordinates": [ 8.521735707926819, 47.377270913142389 ] } },
{ "type": "Feature", "properties": { "egid_int": 148992, "strasse": "Anwandstrasse", "hausnummer": "62", "plz": 8004.0, "ortschaft": "Zürich", "baujahr": 1896.0, "grundflaeche_m2": 112.605263, "gebaeudealter_2026": 130.0, "gebaeude_nutzung": "Gebäude Wohnen", "qualitaet": "AV93", "bev_pers_n": 397.0, "bev_dichte_pha": 397.0 }, "geometry": { "type": "Point", "coordinates": [ 8.521606331069886, 47.377311434714869 ] } },
{ "type": "Feature", "properties": { "egid_int": 148993, "strasse": "Anwandstrasse", "hausnummer": "64", "plz": 8004.0, "ortschaft": "Zürich", "baujahr": 1896.0, "grundflaeche_m2": 113.196921, "gebaeudealter_2026": 130.0, "gebaeude_nutzung": "Gebäude Wohnen", "qualitaet": "AV93", "bev_pers_n": 397.0, "bev_dichte_pha": 397.0 }, "geometry": { "type": "Point", "coordinates": [ 8.521486619709227, 47.37736492642923 ] } },
{ "type": "Feature", "properties": { "egid_int": 148994, "strasse": "Anwandstrasse", "hausnummer": "66", "plz": 8004.0, "ortschaft": "Zürich", "baujahr": 1907.0, "grundflaeche_m2": 118.0680455, "gebaeudealter_2026": 119.0, "gebaeude_nutzung": "Gebäude Wohnen", "qualitaet": "AV93", "bev_pers_n": 397.0, "bev_dichte_pha": 397.0 }, "geometry": { "type": "Point", "coordinates": [ 8.521361750323628, 47.37740375936621 ] } },
{ "type": "Feature", "properties": { "egid_int": 148995, "strasse": null, "hausnummer": null, "plz": null, "ortschaft": null, "baujahr": 1895.0, "grundflaeche_m2": 216.554178, "gebaeudealter_2026": 131.0, "gebaeude_nutzung": "Gebäude Wohnen", "qualitaet": "AV93", "bev_pers_n": 397.0, "bev_dichte_pha": 397.0 }, "geometry": { "type": "Point", "coordinates": [ 8.521687558269681, 47.37702457487697 ] } },
{ "type": "Feature", "properties": { "egid_int": 148996, "strasse": "Anwandstrasse", "hausnummer": "65", "plz": 8004.0, "ortschaft": "Zürich", "baujahr": 1910.0, "grundflaeche_m2": 119.1922655, "gebaeudealter_2026": 116.0, "gebaeude_nutzung": "Gebäude Wohnen", "qualitaet": "AV93", "bev_pers_n": 397.0, "bev_dichte_pha": 397.0 }, "geometry": { "type": "Point", "coordinates": [ 8.52122388835695, 47.377181729978744 ] } },
{ "type": "Feature", "properties": { "egid_int": 148997, "strasse": "Anwandstrasse", "hausnummer": "67", "plz": 8004.0, "ortschaft": "Zürich", "baujahr": 1910.0, "grundflaeche_m2": 150.781001, "gebaeudealter_2026": 116.0, "gebaeude_nutzung": "Gebäude Wohnen", "qualitaet": "AV93", "bev_pers_n": 397.0, "bev_dichte_pha": 397.0 }, "geometry": { "type": "Point", "coordinates": [ 8.52110017749404, 47.377226083768988 ] } },
{ "type": "Feature", "properties": { "egid_int": 148998, "strasse": null, "hausnummer": null, "plz": null, "ortschaft": null, "baujahr": 1896.0, "grundflaeche_m2": 187.6854455, "gebaeudealter_2026": 130.0, "gebaeude_nutzung": "Gebäude Wohnen", "qualitaet": "AV93", "bev_pers_n": 397.0, "bev_dichte_pha": 397.0 }, "geometry": { "type": "Point", "coordinates": [ 8.521618904020331, 47.376865933202161 ] } },
{ "type": "Feature", "properties": { "egid_int": 148999, "strasse": "Kanzleistrasse", "hausnummer": "120", "plz": 8004.0, "ortschaft": "Zürich", "baujahr": 1910.0, "grundflaeche_m2": 114.764481, "gebaeudealter_2026": 116.0, "gebaeude_nutzung": "Gebäude Wohnen", "qualitaet": "AV93", "bev_pers_n": 397.0, "bev_dichte_pha": 397.0 }, "geometry": { "type": "Point", "coordinates": [ 8.520996607215409, 47.376884988398722 ] } },
{ "type": "Feature", "properties": { "egid_int": 149000, "strasse": "Kanzleistrasse", "hausnummer": "122", "plz": 8004.0, "ortschaft": "Zürich", "baujahr": 1910.0, "grundflaeche_m2": 162.7847665, "gebaeudealter_2026": 116.0, "gebaeude_nutzung": "Gebäude Wohnen", "qualitaet": "AV93", "bev_pers_n": 397.0, "bev_dichte_pha": 397.0 }, "geometry": { "type": "Point", "coordinates": [ 8.520898269136312, 47.376927377184096 ] } },
{ "type": "Feature", "properties": { "egid_int": 149001, "strasse": "Pflanzschulstrasse", "hausnummer": "56", "plz": 8004.0, "ortschaft": "Zürich", "baujahr": 1912.0, "grundflaeche_m2": 108.914912, "gebaeudealter_2026": 114.0, "gebaeude_nutzung": "Gebäude Wohnen", "qualitaet": "AV93", "bev_pers_n": 397.0, "bev_dichte_pha": 397.0 }, "geometry": { "type": "Point", "coordinates": [ 8.520977632928332, 47.377029861432781 ] } },
{ "type": "Feature", "properties": { "egid_int": 149002, "strasse": "Pflanzschulstrasse", "hausnummer": "57", "plz": 8004.0, "ortschaft": "Zürich", "baujahr": 1910.0, "grundflaeche_m2": 95.0351705, "gebaeudealter_2026": 116.0, "gebaeude_nutzung": "Gebäude Wohnen", "qualitaet": "AV93", "bev_pers_n": 397.0, "bev_dichte_pha": 397.0 }, "geometry": { "type": "Point", "coordinates": [ 8.52064807173238, 47.377136347495259 ] } },
{ "type": "Feature", "properties": { "egid_int": 149003, "strasse": "Pflanzschulstrasse", "hausnummer": "58", "plz": 8004.0, "ortschaft": "Zürich", "baujahr": 1910.0, "grundflaeche_m2": 109.030677, "gebaeudealter_2026": 116.0, "gebaeude_nutzung": "Gebäude Wohnen", "qualitaet": "AV93", "bev_pers_n": 397.0, "bev_dichte_pha": 397.0 }, "geometry": { "type": "Point", "coordinates": [ 8.521034772354945, 47.377121723764489 ] } },
{ "type": "Feature", "properties": { "egid_int": 149004, "strasse": "Pflanzschulstrasse", "hausnummer": "59", "plz": 8004.0, "ortschaft": "Zürich", "baujahr": 1909.0, "grundflaeche_m2": 113.0942005, "gebaeudealter_2026": 117.0, "gebaeude_nutzung": "Gebäude Wohnen", "qualitaet": "AV93", "bev_pers_n": 397.0, "bev_dichte_pha": 397.0 }, "geometry": { "type": "Point", "coordinates": [ 8.520692257359254, 47.377209837388662 ] } },
{ "type": "Feature", "properties": { "egid_int": 149005, "strasse": "Pflanzschulstrasse", "hausnummer": "61", "plz": 8004.0, "ortschaft": "Zürich", "baujahr": 1909.0, "grundflaeche_m2": 96.450531, "gebaeudealter_2026": 117.0, "gebaeude_nutzung": "Gebäude Wohnen", "qualitaet": "AV93", "bev_pers_n": 397.0, "bev_dichte_pha": 397.0 }, "geometry": { "type": "Point", "coordinates": [ 8.520751212170715, 47.377281551806917 ] } },
{ "type": "Feature", "properties": { "egid_int": 149006, "strasse": "Pflanzschulstrasse", "hausnummer": "63", "plz": 8004.0, "ortschaft": "Zürich", "baujahr": 1909.0, "grundflaeche_m2": 186.516072, "gebaeudealter_2026": 117.0, "gebaeude_nutzung": "Gebäude Wohnen", "qualitaet": "AV93", "bev_pers_n": 397.0, "bev_dichte_pha": 397.0 }, "geometry": { "type": "Point", "coordinates": [ 8.520799998109137, 47.377348108315879 ] } },
{ "type": "Feature", "properties": { "egid_int": 149007, "strasse": "Feldstrasse", "hausnummer": "39", "plz": 8004.0, "ortschaft": "Zürich", "baujahr": 1909.0, "grundflaeche_m2": 198.8862965, "gebaeudealter_2026": 117.0, "gebaeude_nutzung": "Gebäude Wohnen", "qualitaet": "AV93", "bev_pers_n": 181.0, "bev_dichte_pha": 181.0 }, "geometry": { "type": "Point", "coordinates": [ 8.521111936790213, 47.376208897000041 ] } },
{ "type": "Feature", "properties": { "egid_int": 149008, "strasse": "Feldstrasse", "hausnummer": "41", "plz": 8004.0, "ortschaft": "Zürich", "baujahr": 1909.0, "grundflaeche_m2": 183.494533, "gebaeudealter_2026": 117.0, "gebaeude_nutzung": "Gebäude Wohnen", "qualitaet": "AV93", "bev_pers_n": 181.0, "bev_dichte_pha": 181.0 }, "geometry": { "type": "Point", "coordinates": [ 8.52119990176908, 47.376318928362764 ] } },
{ "type": "Feature", "properties": { "egid_int": 149009, "strasse": "Feldstrasse", "hausnummer": "43", "plz": 8004.0, "ortschaft": "Zürich", "baujahr": 1909.0, "grundflaeche_m2": 256.1438785, "gebaeudealter_2026": 117.0, "gebaeude_nutzung": "Gebäude Wohnen", "qualitaet": "AV93", "bev_pers_n": 181.0, "bev_dichte_pha": 181.0 }, "geometry": { "type": "Point", "coordinates": [ 8.520873217174094, 47.376347715437625 ] } },
{ "type": "Feature", "properties": { "egid_int": 149010, "strasse": "Feldstrasse", "hausnummer": "45", "plz": 8004.0, "ortschaft": "Zürich", "baujahr": 1900.0, "grundflaeche_m2": 94.104682, "gebaeudealter_2026": 126.0, "gebaeude_nutzung": "Gebäude Wohnen", "qualitaet": "AV93", "bev_pers_n": 181.0, "bev_dichte_pha": 181.0 }, "geometry": { "type": "Point", "coordinates": [ 8.521274778995108, 47.376411775734304 ] } },
{ "type": "Feature", "properties": { "egid_int": 149011, "strasse": "Kanzleistrasse", "hausnummer": "117", "plz": 8004.0, "ortschaft": "Zürich", "baujahr": 1900.0, "grundflaeche_m2": 215.7506575, "gebaeudealter_2026": 126.0, "gebaeude_nutzung": "Gebäude Wohnen", "qualitaet": "AV93", "bev_pers_n": 181.0, "bev_dichte_pha": 181.0 }, "geometry": { "type": "Point", "coordinates": [ 8.521115620097381, 47.376576744345599 ] } },
{ "type": "Feature", "properties": { "egid_int": 149012, "strasse": "Kanzleistrasse", "hausnummer": "119", "plz": 8004.0, "ortschaft": "Zürich", "baujahr": 1900.0, "grundflaeche_m2": 141.722587, "gebaeudealter_2026": 126.0, "gebaeude_nutzung": "Gebäude Wohnen", "qualitaet": "AV93", "bev_pers_n": 181.0, "bev_dichte_pha": 181.0 }, "geometry": { "type": "Point", "coordinates": [ 8.520963322054355, 47.376624442215267 ] } },
{ "type": "Feature", "properties": { "egid_int": 149013, "strasse": "Kanzleistrasse", "hausnummer": "121", "plz": 8004.0, "ortschaft": "Zürich", "baujahr": 1910.0, "grundflaeche_m2": 216.9836755, "gebaeudealter_2026": 116.0, "gebaeude_nutzung": "Gebäude Wohnen", "qualitaet": "AV93", "bev_pers_n": 181.0, "bev_dichte_pha": 181.0 }, "geometry": { "type": "Point", "coordinates": [ 8.520760027497609, 47.376698883316394 ] } },
{ "type": "Feature", "properties": { "egid_int": 149014, "strasse": "Pflanzschulstrasse", "hausnummer": "30", "plz": 8004.0, "ortschaft": "Zürich", "baujahr": 1951.0, "grundflaeche_m2": 280.9785665, "gebaeudealter_2026": 75.0, "gebaeude_nutzung": "Gebäude Verwaltung", "qualitaet": "AV93", "bev_pers_n": 239.0, "bev_dichte_pha": 239.0 }, "geometry": { "type": "Point", "coordinates": [ 8.520421354496845, 47.376235641199941 ] } },
{ "type": "Feature", "properties": { "egid_int": 149015, "strasse": "Pflanzschulstrasse", "hausnummer": "36", "plz": 8004.0, "ortschaft": "Zürich", "baujahr": 1911.0, "grundflaeche_m2": 185.5563325, "gebaeudealter_2026": 115.0, "gebaeude_nutzung": "Gebäude Wohnen", "qualitaet": "AV93", "bev_pers_n": 181.0, "bev_dichte_pha": 181.0 }, "geometry": { "type": "Point", "coordinates": [ 8.520644725839158, 47.376582091508737 ] } },
{ "type": "Feature", "properties": { "egid_int": 149016, "strasse": "Kanzleistrasse", "hausnummer": "115", "plz": 8004.0, "ortschaft": "Zürich", "baujahr": 1900.0, "grundflaeche_m2": 158.962816, "gebaeudealter_2026": 126.0, "gebaeude_nutzung": "Gebäude Wohnen", "qualitaet": "AV93", "bev_pers_n": 181.0, "bev_dichte_pha": 181.0 }, "geometry": { "type": "Point", "coordinates": [ 8.521333636346533, 47.376504773206939 ] } },
{ "type": "Feature", "properties": { "egid_int": 149017, "strasse": "Anwandstrasse", "hausnummer": "75", "plz": 8004.0, "ortschaft": "Zürich", "baujahr": 1928.0, "grundflaeche_m2": 180.509477, "gebaeudealter_2026": 98.0, "gebaeude_nutzung": "Gebäude Wohnen", "qualitaet": "AV93", "bev_pers_n": 263.0, "bev_dichte_pha": 263.0 }, "geometry": { "type": "Point", "coordinates": [ 8.520388710145047, 47.377509167883488 ] } },
{ "type": "Feature", "properties": { "egid_int": 149018, "strasse": "Anwandstrasse", "hausnummer": "77", "plz": 8004.0, "ortschaft": "Zürich", "baujahr": 1928.0, "grundflaeche_m2": 179.3734455, "gebaeudealter_2026": 98.0, "gebaeude_nutzung": "Gebäude Wohnen", "qualitaet": "AV93", "bev_pers_n": 263.0, "bev_dichte_pha": 263.0 }, "geometry": { "type": "Point", "coordinates": [ 8.520209606029391, 47.377581672358374 ] } },
{ "type": "Feature", "properties": { "egid_int": 149019, "strasse": "Anwandstrasse", "hausnummer": "79", "plz": 8004.0, "ortschaft": "Zürich", "baujahr": 1928.0, "grundflaeche_m2": 179.0110705, "gebaeudealter_2026": 98.0, "gebaeude_nutzung": "Gebäude Wohnen", "qualitaet": "AV93", "bev_pers_n": 263.0, "bev_dichte_pha": 263.0 }, "geometry": { "type": "Point", "coordinates": [ 8.520025430479096, 47.377654224023587 ] } },
{ "type": "Feature", "properties": { "egid_int": 149020, "strasse": "Anwandstrasse", "hausnummer": "81", "plz": 8004.0, "ortschaft": "Zürich", "baujahr": 1929.0, "grundflaeche_m2": 293.9032932, "gebaeudealter_2026": 97.0, "gebaeude_nutzung": "Gebäude Wohnen", "qualitaet": "AV93", "bev_pers_n": 263.0, "bev_dichte_pha": 263.0 }, "geometry": { "type": "Point", "coordinates": [ 8.519828727808006, 47.377737263986717 ] } },
{ "type": "Feature", "properties": { "egid_int": 149021, "strasse": "Herman-Greulich-Strasse", "hausnummer": "48", "plz": 8004.0, "ortschaft": "Zürich", "baujahr": 1930.0, "grundflaeche_m2": 147.006946, "gebaeudealter_2026": 96.0, "gebaeude_nutzung": "Gebäude Wohnen", "qualitaet": "AV93", "bev_pers_n": 263.0, "bev_dichte_pha": 263.0 }, "geometry": { "type": "Point", "coordinates": [ 8.519653079788352, 47.377604161205568 ] } },
{ "type": "Feature", "properties": { "egid_int": 149022, "strasse": "Kanzleistrasse", "hausnummer": "136", "plz": 8004.0, "ortschaft": "Zürich", "baujahr": 1930.0, "grundflaeche_m2": 181.10962387500001, "gebaeudealter_2026": 96.0, "gebaeude_nutzung": "Gebäude Wohnen", "qualitaet": "AV93", "bev_pers_n": 263.0, "bev_dichte_pha": 263.0 }, "geometry": { "type": "Point", "coordinates": [ 8.51954594192698, 47.37746349989856 ] } },
{ "type": "Feature", "properties": { "egid_int": 149023, "strasse": "Kanzleistrasse", "hausnummer": "124", "plz": 8004.0, "ortschaft": "Zürich", "baujahr": 1910.0, "grundflaeche_m2": 221.5092285, "gebaeudealter_2026": 116.0, "gebaeude_nutzung": "Gebäude Wohnen", "qualitaet": "AV93", "bev_pers_n": 397.0, "bev_dichte_pha": 397.0 }, "geometry": { "type": "Point", "coordinates": [ 8.520557523093272, 47.377054962355764 ] } },
{ "type": "Feature", "properties": { "egid_int": 149024, "strasse": "Kanzleistrasse", "hausnummer": "126", "plz": 8004.0, "ortschaft": "Zürich", "baujahr": 1913.0, "grundflaeche_m2": 470.1287235, "gebaeudealter_2026": 113.0, "gebaeude_nutzung": "Gebäude Wohnen", "qualitaet": "AV93", "bev_pers_n": 263.0, "bev_dichte_pha": 263.0 }, "geometry": { "type": "Point", "coordinates": [ 8.520262462429137, 47.377178655632157 ] } },
{ "type": "Feature", "properties": { "egid_int": 149025, "strasse": "Kanzleistrasse", "hausnummer": "130", "plz": 8004.0, "ortschaft": "Zürich", "baujahr": 1929.0, "grundflaeche_m2": 166.629628, "gebaeudealter_2026": 97.0, "gebaeude_nutzung": "Gebäude Wohnen", "qualitaet": "AV93", "bev_pers_n": 263.0, "bev_dichte_pha": 263.0 }, "geometry": { "type": "Point", "coordinates": [ 8.520007655337732, 47.377270254598969 ] } },
{ "type": "Feature", "properties": { "egid_int": 149026, "strasse": "Kanzleistrasse", "hausnummer": "132", "plz": 8004.0, "ortschaft": "Zürich", "baujahr": 1929.0, "grundflaeche_m2": 165.6147905, "gebaeudealter_2026": 97.0, "gebaeude_nutzung": "Gebäude Wohnen", "qualitaet": "AV93", "bev_pers_n": 263.0, "bev_dichte_pha": 263.0 }, "geometry": { "type": "Point", "coordinates": [ 8.519850253112907, 47.377330214090797 ] } },
{ "type": "Feature", "properties": { "egid_int": 149027, "strasse": "Kanzleistrasse", "hausnummer": "134", "plz": 8004.0, "ortschaft": "Zürich", "baujahr": 1929.0, "grundflaeche_m2": 161.0287555, "gebaeudealter_2026": 97.0, "gebaeude_nutzung": "Gebäude Wohnen", "qualitaet": "AV93", "bev_pers_n": 263.0, "bev_dichte_pha": 263.0 }, "geometry": { "type": "Point", "coordinates": [ 8.519670409009096, 47.37739757945986 ] } },
{ "type": "Feature", "properties": { "egid_int": 149028, "strasse": "Kanzleistrasse", "hausnummer": "135", "plz": 8004.0, "ortschaft": "Zürich", "baujahr": 1951.0, "grundflaeche_m2": 203.12425, "gebaeudealter_2026": 75.0, "gebaeude_nutzung": "Gebäude Wohnen", "qualitaet": "AV93", "bev_pers_n": 263.0, "bev_dichte_pha": 263.0 }, "geometry": { "type": "Point", "coordinates": [ 8.519513835047823, 47.377150366011151 ] } },
{ "type": "Feature", "properties": { "egid_int": 149029, "strasse": "Kanzleistrasse", "hausnummer": "137", "plz": 8004.0, "ortschaft": "Zürich", "baujahr": 1951.0, "grundflaeche_m2": 206.323313, "gebaeudealter_2026": 75.0, "gebaeude_nutzung": "Gebäude Wohnen", "qualitaet": "AV93", "bev_pers_n": 263.0, "bev_dichte_pha": 263.0 }, "geometry": { "type": "Point", "coordinates": [ 8.519317444380903, 47.377232412745236 ] } },
{ "type": "Feature", "properties": { "egid_int": 149030, "strasse": "Kanzleistrasse", "hausnummer": "125", "plz": 8004.0, "ortschaft": "Zürich", "baujahr": 1932.0, "grundflaeche_m2": 136.5561725, "gebaeudealter_2026": 94.0, "gebaeude_nutzung": "Gebäude Wohnen", "qualitaet": "AV93", "bev_pers_n": 239.0, "bev_dichte_pha": 239.0 }, "geometry": { "type": "Point", "coordinates": [ 8.520315423447247, 47.376857178462473 ] } },
{ "type": "Feature", "properties": { "egid_int": 149031, "strasse": "Kanzleistrasse", "hausnummer": "127", "plz": 8004.0, "ortschaft": "Zürich", "baujahr": 1902.0, "grundflaeche_m2": 485.943293, "gebaeudealter_2026": 124.0, "gebaeude_nutzung": "Gebäude Verwaltung", "qualitaet": "AV93", "bev_pers_n": 263.0, "bev_dichte_pha": 263.0 }, "geometry": { "type": "Point", "coordinates": [ 8.520077156217548, 47.376945438463999 ] } },
{ "type": "Feature", "properties": { "egid_int": 149032, "strasse": "Kanzleistrasse", "hausnummer": "133", "plz": 8004.0, "ortschaft": "Zürich", "baujahr": 1951.0, "grundflaeche_m2": 211.8256275, "gebaeudealter_2026": 75.0, "gebaeude_nutzung": "Gebäude Wohnen", "qualitaet": "AV93", "bev_pers_n": 263.0, "bev_dichte_pha": 263.0 }, "geometry": { "type": "Point", "coordinates": [ 8.5197363596454, 47.377071285609787 ] } },
{ "type": "Feature", "properties": { "egid_int": 149033, "strasse": "Pflanzschulstrasse", "hausnummer": "47", "plz": 8004.0, "ortschaft": "Zürich", "baujahr": 1933.0, "grundflaeche_m2": 332.4952541, "gebaeudealter_2026": 93.0, "gebaeude_nutzung": "Gebäude Wohnen", "qualitaet": "AV93", "bev_pers_n": 239.0, "bev_dichte_pha": 239.0 }, "geometry": { "type": "Point", "coordinates": [ 8.520114661129268, 47.376412999960053 ] } },
{ "type": "Feature", "properties": { "egid_int": 149034, "strasse": "Pflanzschulstrasse", "hausnummer": "49", "plz": 8004.0, "ortschaft": "Zürich", "baujahr": 1932.0, "grundflaeche_m2": 136.266339, "gebaeudealter_2026": 94.0, "gebaeude_nutzung": "Gebäude Wohnen", "qualitaet": "AV93", "bev_pers_n": 239.0, "bev_dichte_pha": 239.0 }, "geometry": { "type": "Point", "coordinates": [ 8.520262915279575, 47.376572561303291 ] } },
{ "type": "Feature", "properties": { "egid_int": 149035, "strasse": "Pflanzschulstrasse", "hausnummer": "51", "plz": 8004.0, "ortschaft": "Zürich", "baujahr": 1932.0, "grundflaeche_m2": 136.013801, "gebaeudealter_2026": 94.0, "gebaeude_nutzung": "Gebäude Wohnen", "qualitaet": "AV93", "bev_pers_n": 239.0, "bev_dichte_pha": 239.0 }, "geometry": { "type": "Point", "coordinates": [ 8.520347475739324, 47.376682589189876 ] } },
{ "type": "Feature", "properties": { "egid_int": 149036, "strasse": "Pflanzschulstrasse", "hausnummer": "53", "plz": 8004.0, "ortschaft": "Zürich", "baujahr": 1932.0, "grundflaeche_m2": 121.90902, "gebaeudealter_2026": 94.0, "gebaeude_nutzung": "Gebäude Wohnen", "qualitaet": "AV93", "bev_pers_n": 239.0, "bev_dichte_pha": 239.0 }, "geometry": { "type": "Point", "coordinates": [ 8.520437087941117, 47.376804659125504 ] } },
{ "type": "Feature", "properties": { "egid_int": 149037, "strasse": "Pflanzschulstrasse", "hausnummer": "31", "plz": 8004.0, "ortschaft": "Zürich", "baujahr": 1951.0, "grundflaeche_m2": 178.0986655, "gebaeudealter_2026": 75.0, "gebaeude_nutzung": "Gebäude Wohnen", "qualitaet": "AV93", "bev_pers_n": 239.0, "bev_dichte_pha": 239.0 }, "geometry": { "type": "Point", "coordinates": [ 8.519322813820024, 47.37649469216619 ] } },
{ "type": "Feature", "properties": { "egid_int": 149038, "strasse": "Pflanzschulstrasse", "hausnummer": "33", "plz": 8004.0, "ortschaft": "Zürich", "baujahr": 1951.0, "grundflaeche_m2": 182.238616, "gebaeudealter_2026": 75.0, "gebaeude_nutzung": "Gebäude Wohnen", "qualitaet": "AV93", "bev_pers_n": 239.0, "bev_dichte_pha": 239.0 }, "geometry": { "type": "Point", "coordinates": [ 8.519133521732114, 47.376565563262616 ] } },
{ "type": "Feature", "properties": { "egid_int": 149039, "strasse": "Pflanzschulstrasse", "hausnummer": "35", "plz": 8004.0, "ortschaft": "Zürich", "baujahr": 1951.0, "grundflaeche_m2": 172.2186345, "gebaeudealter_2026": 75.0, "gebaeude_nutzung": "Gebäude Wohnen", "qualitaet": "AV93", "bev_pers_n": 263.0, "bev_dichte_pha": 263.0 }, "geometry": { "type": "Point", "coordinates": [ 8.519183858024615, 47.376915793479426 ] } },
{ "type": "Feature", "properties": { "egid_int": 149040, "strasse": "Pflanzschulstrasse", "hausnummer": "37", "plz": 8004.0, "ortschaft": "Zürich", "baujahr": 1951.0, "grundflaeche_m2": 162.234898, "gebaeudealter_2026": 75.0, "gebaeude_nutzung": "Gebäude Wohnen", "qualitaet": "AV93", "bev_pers_n": 239.0, "bev_dichte_pha": 239.0 }, "geometry": { "type": "Point", "coordinates": [ 8.519360524277353, 47.376848494559923 ] } },
{ "type": "Feature", "properties": { "egid_int": 149041, "strasse": "Pflanzschulstrasse", "hausnummer": "39", "plz": 8004.0, "ortschaft": "Zürich", "baujahr": 1951.0, "grundflaeche_m2": 161.953361, "gebaeudealter_2026": 75.0, "gebaeude_nutzung": "Gebäude Wohnen", "qualitaet": "AV93", "bev_pers_n": 239.0, "bev_dichte_pha": 239.0 }, "geometry": { "type": "Point", "coordinates": [ 8.519524514840088, 47.376783041030492 ] } },
{ "type": "Feature", "properties": { "egid_int": 149042, "strasse": "Pflanzschulstrasse", "hausnummer": "41", "plz": 8004.0, "ortschaft": "Zürich", "baujahr": 1951.0, "grundflaeche_m2": 195.439269, "gebaeudealter_2026": 75.0, "gebaeude_nutzung": "Gebäude Wohnen", "qualitaet": "AV93", "bev_pers_n": 239.0, "bev_dichte_pha": 239.0 }, "geometry": { "type": "Point", "coordinates": [ 8.519741585870159, 47.376701537970924 ] } },
{ "type": "Feature", "properties": { "egid_int": 149043, "strasse": "Pflanzschulstrasse", "hausnummer": "45", "plz": 8004.0, "ortschaft": "Zürich", "baujahr": 1934.0, "grundflaeche_m2": 232.028977, "gebaeudealter_2026": 92.0, "gebaeude_nutzung": "Gebäude Wohnen", "qualitaet": "AV93", "bev_pers_n": 239.0, "bev_dichte_pha": 239.0 }, "geometry": { "type": "Point", "coordinates": [ 8.519922025095312, 47.376570283655205 ] } },
{ "type": "Feature", "properties": { "egid_int": 149044, "strasse": "Pflanzschulstrasse", "hausnummer": "17", "plz": 8004.0, "ortschaft": "Zürich", "baujahr": 1951.0, "grundflaeche_m2": 201.9857905, "gebaeudealter_2026": 75.0, "gebaeude_nutzung": "Gebäude Wohnen", "qualitaet": "AV93", "bev_pers_n": 33.0, "bev_dichte_pha": 33.0 }, "geometry": { "type": "Point", "coordinates": [ 8.519654079107427, 47.375899031114372 ] } },
{ "type": "Feature", "properties": { "egid_int": 149045, "strasse": "Pflanzschulstrasse", "hausnummer": "19", "plz": 8004.0, "ortschaft": "Zürich", "baujahr": 1951.0, "grundflaeche_m2": 172.6366815, "gebaeudealter_2026": 75.0, "gebaeude_nutzung": "Gebäude Wohnen", "qualitaet": "AV93", "bev_pers_n": 239.0, "bev_dichte_pha": 239.0 }, "geometry": { "type": "Point", "coordinates": [ 8.519509054826228, 47.37602132737792 ] } },
{ "type": "Feature", "properties": { "egid_int": 149046, "strasse": "Pflanzschulstrasse", "hausnummer": "21", "plz": 8004.0, "ortschaft": "Zürich", "baujahr": 1951.0, "grundflaeche_m2": 211.0552075, "gebaeudealter_2026": 75.0, "gebaeude_nutzung": "Gebäude Wohnen", "qualitaet": "AV93", "bev_pers_n": 239.0, "bev_dichte_pha": 239.0 }, "geometry": { "type": "Point", "coordinates": [ 8.51932790281945, 47.376118037550675 ] } },
{ "type": "Feature", "properties": { "egid_int": 149047, "strasse": "Pflanzschulstrasse", "hausnummer": "23", "plz": 8004.0, "ortschaft": "Zürich", "baujahr": 1951.0, "grundflaeche_m2": 182.7050885, "gebaeudealter_2026": 75.0, "gebaeude_nutzung": "Gebäude Wohnen", "qualitaet": "AV93", "bev_pers_n": 239.0, "bev_dichte_pha": 239.0 }, "geometry": { "type": "Point", "coordinates": [ 8.51912354347443, 47.376199411969182 ] } },
{ "type": "Feature", "properties": { "egid_int": 149048, "strasse": "Pflanzschulstrasse", "hausnummer": "25", "plz": 8004.0, "ortschaft": "Zürich", "baujahr": 1951.0, "grundflaeche_m2": 184.215298, "gebaeudealter_2026": 75.0, "gebaeude_nutzung": "Gebäude Wohnen", "qualitaet": "AV93", "bev_pers_n": 239.0, "bev_dichte_pha": 239.0 }, "geometry": { "type": "Point", "coordinates": [ 8.519808072141425, 47.376218922057774 ] } },
{ "type": "Feature", "properties": { "egid_int": 149049, "strasse": "Pflanzschulstrasse", "hausnummer": "27", "plz": 8004.0, "ortschaft": "Zürich", "baujahr": 1951.0, "grundflaeche_m2": 171.7413875, "gebaeudealter_2026": 75.0, "gebaeude_nutzung": "Gebäude Wohnen", "qualitaet": "AV93", "bev_pers_n": 239.0, "bev_dichte_pha": 239.0 }, "geometry": { "type": "Point", "coordinates": [ 8.519667745989159, 47.376322167876559 ] } },
{ "type": "Feature", "properties": { "egid_int": 149050, "strasse": "Pflanzschulstrasse", "hausnummer": "29", "plz": 8004.0, "ortschaft": "Zürich", "baujahr": 1951.0, "grundflaeche_m2": 171.188206, "gebaeudealter_2026": 75.0, "gebaeude_nutzung": "Gebäude Wohnen", "qualitaet": "AV93", "bev_pers_n": 239.0, "bev_dichte_pha": 239.0 }, "geometry": { "type": "Point", "coordinates": [ 8.519501985519689, 47.376425642507876 ] } },
{ "type": "Feature", "properties": { "egid_int": 149051, "strasse": "Pflanzschulstrasse", "hausnummer": "7", "plz": 8004.0, "ortschaft": "Zürich", "baujahr": 1955.0, "grundflaeche_m2": 1806.307045, "gebaeudealter_2026": 71.0, "gebaeude_nutzung": "Gebäude Industrie", "qualitaet": "AV93", "bev_pers_n": 33.0, "bev_dichte_pha": 33.0 }, "geometry": { "type": "Point", "coordinates": [ 8.519399985301474, 47.375409052590491 ] } },
{ "type": "Feature", "properties": { "egid_int": 149052, "strasse": "Pflanzschulstrasse", "hausnummer": "15", "plz": 8004.0, "ortschaft": "Zürich", "baujahr": 1951.0, "grundflaeche_m2": 207.9215555, "gebaeudealter_2026": 75.0, "gebaeude_nutzung": "Gebäude Wohnen", "qualitaet": "AV93", "bev_pers_n": 33.0, "bev_dichte_pha": 33.0 }, "geometry": { "type": "Point", "coordinates": [ 8.519587468113679, 47.375749355235996 ] } },
{ "type": "Feature", "properties": { "egid_int": 149053, "strasse": "Langstrasse", "hausnummer": "6", "plz": 8004.0, "ortschaft": "Zürich", "baujahr": 1878.0, "grundflaeche_m2": 149.147591, "gebaeudealter_2026": 148.0, "gebaeude_nutzung": "Gebäude Wohnen", "qualitaet": "AV93", "bev_pers_n": 77.0, "bev_dichte_pha": 77.0 }, "geometry": { "type": "Point", "coordinates": [ 8.524576681454134, 47.37456550548638 ] } },
{ "type": "Feature", "properties": { "egid_int": 149054, "strasse": "Langstrasse", "hausnummer": "10", "plz": 8004.0, "ortschaft": "Zürich", "baujahr": 1893.0, "grundflaeche_m2": 151.820437, "gebaeudealter_2026": 133.0, "gebaeude_nutzung": "Gebäude Wohnen", "qualitaet": "AV93", "bev_pers_n": 77.0, "bev_dichte_pha": 77.0 }, "geometry": { "type": "Point", "coordinates": [ 8.524724312434946, 47.374748013667094 ] } },
{ "type": "Feature", "properties": { "egid_int": 149055, "strasse": "Langstrasse", "hausnummer": "12", "plz": 8004.0, "ortschaft": "Zürich", "baujahr": 1894.0, "grundflaeche_m2": 136.747174, "gebaeudealter_2026": 132.0, "gebaeude_nutzung": "Gebäude Wohnen", "qualitaet": "AV93", "bev_pers_n": 77.0, "bev_dichte_pha": 77.0 }, "geometry": { "type": "Point", "coordinates": [ 8.524792132940657, 47.374841374943372 ] } },
{ "type": "Feature", "properties": { "egid_int": 149056, "strasse": "Langstrasse", "hausnummer": "18", "plz": 8004.0, "ortschaft": "Zürich", "baujahr": 1990.0, "grundflaeche_m2": 201.15609, "gebaeudealter_2026": 36.0, "gebaeude_nutzung": "Gebäude Wohnen", "qualitaet": "AV93", "bev_pers_n": 98.0, "bev_dichte_pha": 98.0 }, "geometry": { "type": "Point", "coordinates": [ 8.52494257451292, 47.375061006245517 ] } },
{ "type": "Feature", "properties": { "egid_int": 149057, "strasse": "Langstrasse", "hausnummer": "20", "plz": 8004.0, "ortschaft": "Zürich", "baujahr": 1892.0, "grundflaeche_m2": 178.413447, "gebaeudealter_2026": 134.0, "gebaeude_nutzung": "Gebäude Wohnen", "qualitaet": "AV93", "bev_pers_n": 98.0, "bev_dichte_pha": 98.0 }, "geometry": { "type": "Point", "coordinates": [ 8.525033351300349, 47.37519759790132 ] } },
{ "type": "Feature", "properties": { "egid_int": 149060, "strasse": "Kanzleistrasse", "hausnummer": "57", "plz": 8004.0, "ortschaft": "Zürich", "baujahr": 1982.0, "grundflaeche_m2": 436.529091, "gebaeudealter_2026": 44.0, "gebaeude_nutzung": "Gebäude Wohnen", "qualitaet": "AV93", "bev_pers_n": 98.0, "bev_dichte_pha": 98.0 }, "geometry": { "type": "Point", "coordinates": [ 8.525415458214615, 47.375072713421638 ] } },
{ "type": "Feature", "properties": { "egid_int": 149061, "strasse": "Kanzleistrasse", "hausnummer": "63", "plz": 8004.0, "ortschaft": "Zürich", "baujahr": 1892.0, "grundflaeche_m2": 97.5179415, "gebaeudealter_2026": 134.0, "gebaeude_nutzung": "Gebäude Wohnen", "qualitaet": "AV93", "bev_pers_n": 98.0, "bev_dichte_pha": 98.0 }, "geometry": { "type": "Point", "coordinates": [ 8.525164996127357, 47.375186860871352 ] } },
{ "type": "Feature", "properties": { "egid_int": 149062, "strasse": "Badenerstrasse", "hausnummer": "108", "plz": 8004.0, "ortschaft": "Zürich", "baujahr": 1879.0, "grundflaeche_m2": 210.9566625, "gebaeudealter_2026": 147.0, "gebaeude_nutzung": "Gebäude Verwaltung", "qualitaet": "AV93", "bev_pers_n": 77.0, "bev_dichte_pha": 77.0 }, "geometry": { "type": "Point", "coordinates": [ 8.52488024361843, 47.37439363300939 ] } },
{ "type": "Feature", "properties": { "egid_int": 149063, "strasse": "Badenerstrasse", "hausnummer": "110", "plz": 8004.0, "ortschaft": "Zürich", "baujahr": 1879.0, "grundflaeche_m2": 143.703822, "gebaeudealter_2026": 147.0, "gebaeude_nutzung": "Gebäude Wohnen", "qualitaet": "AV93", "bev_pers_n": 77.0, "bev_dichte_pha": 77.0 }, "geometry": { "type": "Point", "coordinates": [ 8.5247047619089, 47.374393556001515 ] } },
{ "type": "Feature", "properties": { "egid_int": 149064, "strasse": "Ankerstrasse", "hausnummer": "61", "plz": 8004.0, "ortschaft": "Zürich", "baujahr": 1880.0, "grundflaeche_m2": 183.679568, "gebaeudealter_2026": 146.0, "gebaeude_nutzung": "Gebäude Wohnen", "qualitaet": "AV93", "bev_pers_n": 77.0, "bev_dichte_pha": 77.0 }, "geometry": { "type": "Point", "coordinates": [ 8.525539538133854, 47.374796862077446 ] } },
{ "type": "Feature", "properties": { "egid_int": 149065, "strasse": "Ankerstrasse", "hausnummer": "65", "plz": 8004.0, "ortschaft": "Zürich", "baujahr": 1889.0, "grundflaeche_m2": 179.246346, "gebaeudealter_2026": 137.0, "gebaeude_nutzung": "Gebäude Wohnen", "qualitaet": "AV93", "bev_pers_n": 11.0, "bev_dichte_pha": 11.0 }, "geometry": { "type": "Point", "coordinates": [ 8.525776634707904, 47.374950111509889 ] } },
{ "type": "Feature", "properties": { "egid_int": 149066, "strasse": "Rotwandstrasse", "hausnummer": "21", "plz": 8004.0, "ortschaft": "Zürich", "baujahr": 1916.0, "grundflaeche_m2": 2618.974901135, "gebaeudealter_2026": 110.0, "gebaeude_nutzung": "Gebäude Verwaltung", "qualitaet": "AV93", "bev_pers_n": 11.0, "bev_dichte_pha": 11.0 }, "geometry": { "type": "Point", "coordinates": [ 8.526428566517398, 47.37486796530348 ] } },
{ "type": "Feature", "properties": { "egid_int": 149067, "strasse": "Badenerstrasse", "hausnummer": "66", "plz": 8004.0, "ortschaft": "Zürich", "baujahr": 1887.0, "grundflaeche_m2": 140.763956, "gebaeudealter_2026": 139.0, "gebaeude_nutzung": "Gebäude Wohnen", "qualitaet": "AV93", "bev_pers_n": 186.0, "bev_dichte_pha": 186.0 }, "geometry": { "type": "Point", "coordinates": [ 8.527374196476613, 47.373603094415522 ] } },
{ "type": "Feature", "properties": { "egid_int": 149068, "strasse": "Badenerstrasse", "hausnummer": "68", "plz": 8004.0, "ortschaft": "Zürich", "baujahr": 1887.0, "grundflaeche_m2": 222.1310445, "gebaeudealter_2026": 139.0, "gebaeude_nutzung": "Gebäude Wohnen", "qualitaet": "AV93", "bev_pers_n": 186.0, "bev_dichte_pha": 186.0 }, "geometry": { "type": "Point", "coordinates": [ 8.527172061588933, 47.373667191747586 ] } },
{ "type": "Feature", "properties": { "egid_int": 149069, "strasse": "Badenerstrasse", "hausnummer": "74", "plz": 8004.0, "ortschaft": "Zürich", "baujahr": 1890.0, "grundflaeche_m2": 148.5727745, "gebaeudealter_2026": 136.0, "gebaeude_nutzung": "Gebäude Wohnen", "qualitaet": "AV93", "bev_pers_n": 120.0, "bev_dichte_pha": 120.0 }, "geometry": { "type": "Point", "coordinates": [ 8.526947423657546, 47.373750498440501 ] } },
{ "type": "Feature", "properties": { "egid_int": 149070, "strasse": "Badenerstrasse", "hausnummer": "76", "plz": 8004.0, "ortschaft": "Zürich", "baujahr": 1892.0, "grundflaeche_m2": 144.9754955, "gebaeudealter_2026": 134.0, "gebaeude_nutzung": "Gebäude Wohnen", "qualitaet": "AV93", "bev_pers_n": 120.0, "bev_dichte_pha": 120.0 }, "geometry": { "type": "Point", "coordinates": [ 8.526778191673973, 47.373807385802429 ] } },
{ "type": "Feature", "properties": { "egid_int": 149071, "strasse": "Badenerstrasse", "hausnummer": "78", "plz": 8004.0, "ortschaft": "Zürich", "baujahr": 1890.0, "grundflaeche_m2": 253.9551535, "gebaeudealter_2026": 136.0, "gebaeude_nutzung": "Gebäude Wohnen", "qualitaet": "AV93", "bev_pers_n": 120.0, "bev_dichte_pha": 120.0 }, "geometry": { "type": "Point", "coordinates": [ 8.526591412485875, 47.373876518633558 ] } },
{ "type": "Feature", "properties": { "egid_int": 149073, "strasse": "Kanzleistrasse", "hausnummer": "15", "plz": 8004.0, "ortschaft": "Zürich", "baujahr": 1894.0, "grundflaeche_m2": 217.157886, "gebaeudealter_2026": 132.0, "gebaeude_nutzung": "Gebäude Wohnen", "qualitaet": "AV93", "bev_pers_n": 186.0, "bev_dichte_pha": 186.0 }, "geometry": { "type": "Point", "coordinates": [ 8.527407323221071, 47.373796096377809 ] } },
{ "type": "Feature", "properties": { "egid_int": 149074, "strasse": "Kanzleistrasse", "hausnummer": "17", "plz": 8004.0, "ortschaft": "Zürich", "baujahr": 1894.0, "grundflaeche_m2": 248.0437335, "gebaeudealter_2026": 132.0, "gebaeude_nutzung": "Gebäude Verwaltung", "qualitaet": "AV93", "bev_pers_n": 186.0, "bev_dichte_pha": 186.0 }, "geometry": { "type": "Point", "coordinates": [ 8.527234572271579, 47.373921857255894 ] } },
{ "type": "Feature", "properties": { "egid_int": 149076, "strasse": "Kanzleistrasse", "hausnummer": "19", "plz": 8004.0, "ortschaft": "Zürich", "baujahr": 1890.0, "grundflaeche_m2": 210.847441, "gebaeudealter_2026": 136.0, "gebaeude_nutzung": "Gebäude Gastgewerbe", "qualitaet": "AV93", "bev_pers_n": 186.0, "bev_dichte_pha": 186.0 }, "geometry": { "type": "Point", "coordinates": [ 8.527052035395194, 47.374058018482678 ] } },
{ "type": "Feature", "properties": { "egid_int": 149077, "strasse": "Kanzleistrasse", "hausnummer": "20", "plz": 8004.0, "ortschaft": "Zürich", "baujahr": 1942.0, "grundflaeche_m2": 203.883407, "gebaeudealter_2026": 84.0, "gebaeude_nutzung": "Gebäude Wohnen", "qualitaet": "AV93", "bev_pers_n": 36.0, "bev_dichte_pha": 36.0 }, "geometry": { "type": "Point", "coordinates": [ 8.527361138506848, 47.374207869665682 ] } },
{ "type": "Feature", "properties": { "egid_int": 149078, "strasse": "Rotwandstrasse", "hausnummer": "10", "plz": 8004.0, "ortschaft": "Zürich", "baujahr": 1942.0, "grundflaeche_m2": 242.8374545, "gebaeudealter_2026": 84.0, "gebaeude_nutzung": "Gebäude Wohnen", "qualitaet": "AV93", "bev_pers_n": 36.0, "bev_dichte_pha": 36.0 }, "geometry": { "type": "Point", "coordinates": [ 8.527208814873399, 47.374345788243112 ] } },
{ "type": "Feature", "properties": { "egid_int": 149079, "strasse": "St. Jakobstrasse", "hausnummer": "6", "plz": 8004.0, "ortschaft": "Zürich", "baujahr": 1897.0, "grundflaeche_m2": 215.3186495, "gebaeudealter_2026": 129.0, "gebaeude_nutzung": "Gebäude Wohnen", "qualitaet": "AV93", "bev_pers_n": 186.0, "bev_dichte_pha": 186.0 }, "geometry": { "type": "Point", "coordinates": [ 8.528092343880857, 47.373700405862927 ] } },
{ "type": "Feature", "properties": { "egid_int": 149080, "strasse": "Kanzleistrasse", "hausnummer": "18", "plz": 8004.0, "ortschaft": "Zürich", "baujahr": 1978.0, "grundflaeche_m2": 805.76539382, "gebaeudealter_2026": 48.0, "gebaeude_nutzung": "Gebäude Verwaltung", "qualitaet": "AV93", "bev_pers_n": 186.0, "bev_dichte_pha": 186.0 }, "geometry": { "type": "Point", "coordinates": [ 8.527581387456452, 47.374034760279201 ] } },
{ "type": "Feature", "properties": { "egid_int": 149082, "strasse": "Stauffacherstrasse", "hausnummer": "33", "plz": 8004.0, "ortschaft": "Zürich", "baujahr": 1897.0, "grundflaeche_m2": 299.486412, "gebaeudealter_2026": 129.0, "gebaeude_nutzung": "Gebäude Wohnen", "qualitaet": "AV93", "bev_pers_n": 65.0, "bev_dichte_pha": 65.0 }, "geometry": { "type": "Point", "coordinates": [ 8.528452383444453, 47.373473723504354 ] } },
{ "type": "Feature", "properties": { "egid_int": 149083, "strasse": "Stauffacherstrasse", "hausnummer": "33b", "plz": 8004.0, "ortschaft": "Zürich", "baujahr": 1897.0, "grundflaeche_m2": 134.005469, "gebaeudealter_2026": 129.0, "gebaeude_nutzung": "Gebäude Verwaltung", "qualitaet": "AV93", "bev_pers_n": 186.0, "bev_dichte_pha": 186.0 }, "geometry": { "type": "Point", "coordinates": [ 8.528088998272555, 47.373562632103074 ] } },
{ "type": "Feature", "properties": { "egid_int": 149084, "strasse": "Stauffacherstrasse", "hausnummer": "35", "plz": 8004.0, "ortschaft": "Zürich", "baujahr": 1898.0, "grundflaeche_m2": 321.6697245, "gebaeudealter_2026": 128.0, "gebaeude_nutzung": "Gebäude Wohnen", "qualitaet": "AV93", "bev_pers_n": 65.0, "bev_dichte_pha": 65.0 }, "geometry": { "type": "Point", "coordinates": [ 8.528523867114234, 47.37373563475289 ] } },
{ "type": "Feature", "properties": { "egid_int": 149085, "strasse": "Stauffacherstrasse", "hausnummer": "45", "plz": 8004.0, "ortschaft": "Zürich", "baujahr": 1929.0, "grundflaeche_m2": 902.255062, "gebaeudealter_2026": 97.0, "gebaeude_nutzung": "Gebäude Verwaltung", "qualitaet": "AV93", "bev_pers_n": 36.0, "bev_dichte_pha": 36.0 }, "geometry": { "type": "Point", "coordinates": [ 8.52768786600708, 47.374515751080111 ] } },
{ "type": "Feature", "properties": { "egid_int": 149086, "strasse": "Langstrasse", "hausnummer": "62", "plz": 8004.0, "ortschaft": "Zürich", "baujahr": 1955.0, "grundflaeche_m2": 263.6221005, "gebaeudealter_2026": 71.0, "gebaeude_nutzung": "Gebäude Verwaltung", "qualitaet": "AV93", "bev_pers_n": -999.0, "bev_dichte_pha": -999.0 }, "geometry": { "type": "Point", "coordinates": [ 8.526131008010974, 47.376736542994365 ] } },
{ "type": "Feature", "properties": { "egid_int": 149088, "strasse": "Stauffacherstrasse", "hausnummer": "96", "plz": 8004.0, "ortschaft": "Zürich", "baujahr": 1906.0, "grundflaeche_m2": 313.2040875, "gebaeudealter_2026": 120.0, "gebaeude_nutzung": "Gebäude Wohnen", "qualitaet": "AV93", "bev_pers_n": -999.0, "bev_dichte_pha": -999.0 }, "geometry": { "type": "Point", "coordinates": [ 8.526022339642424, 47.376521620277757 ] } },
{ "type": "Feature", "properties": { "egid_int": 149090, "strasse": "Hohlstrasse", "hausnummer": "25", "plz": 8004.0, "ortschaft": "Zürich", "baujahr": 1972.0, "grundflaeche_m2": 249.099537, "gebaeudealter_2026": 54.0, "gebaeude_nutzung": "Gebäude Wohnen", "qualitaet": "AV93", "bev_pers_n": 334.0, "bev_dichte_pha": 334.0 }, "geometry": { "type": "Point", "coordinates": [ 8.527210327419924, 47.376923271105852 ] } },
{ "type": "Feature", "properties": { "egid_int": 149091, "strasse": "Hohlstrasse", "hausnummer": "27", "plz": 8004.0, "ortschaft": "Zürich", "baujahr": 1975.0, "grundflaeche_m2": 259.1973905, "gebaeudealter_2026": 51.0, "gebaeude_nutzung": "Gebäude Wohnen", "qualitaet": "AV93", "bev_pers_n": 194.0, "bev_dichte_pha": 194.0 }, "geometry": { "type": "Point", "coordinates": [ 8.526968328235553, 47.377013712444125 ] } },
{ "type": "Feature", "properties": { "egid_int": 149092, "strasse": "Hohlstrasse", "hausnummer": "35", "plz": 8004.0, "ortschaft": "Zürich", "baujahr": 1931.0, "grundflaeche_m2": 469.682049, "gebaeudealter_2026": 95.0, "gebaeude_nutzung": "Gebäude Verwaltung", "qualitaet": "AV93", "bev_pers_n": 194.0, "bev_dichte_pha": 194.0 }, "geometry": { "type": "Point", "coordinates": [ 8.526458907263221, 47.377101427723275 ] } },
{ "type": "Feature", "properties": { "egid_int": 149094, "strasse": "Molkenstrasse", "hausnummer": "8", "plz": 8004.0, "ortschaft": "Zürich", "baujahr": 1975.0, "grundflaeche_m2": 577.832209, "gebaeudealter_2026": 51.0, "gebaeude_nutzung": "Gebäude Verwaltung", "qualitaet": "AV93", "bev_pers_n": 219.0, "bev_dichte_pha": 219.0 }, "geometry": { "type": "Point", "coordinates": [ 8.527206056657473, 47.376678500304891 ] } },
{ "type": "Feature", "properties": { "egid_int": 149095, "strasse": "Molkenstrasse", "hausnummer": "15", "plz": 8004.0, "ortschaft": "Zürich", "baujahr": 1908.0, "grundflaeche_m2": 684.544959, "gebaeudealter_2026": 118.0, "gebaeude_nutzung": "Gebäude Wohnen", "qualitaet": "AV93", "bev_pers_n": -999.0, "bev_dichte_pha": -999.0 }, "geometry": { "type": "Point", "coordinates": [ 8.526517371621745, 47.37647722792083 ] } },
{ "type": "Feature", "properties": { "egid_int": 149096, "strasse": "Molkenstrasse", "hausnummer": "20", "plz": 8004.0, "ortschaft": "Zürich", "baujahr": 1896.0, "grundflaeche_m2": 225.943354, "gebaeudealter_2026": 130.0, "gebaeude_nutzung": "Gebäude Wohnen", "qualitaet": "AV93", "bev_pers_n": 194.0, "bev_dichte_pha": 194.0 }, "geometry": { "type": "Point", "coordinates": [ 8.526901153028103, 47.376838131024037 ] } },
{ "type": "Feature", "properties": { "egid_int": 149097, "strasse": "Langstrasse", "hausnummer": "80", "plz": 8004.0, "ortschaft": "Zürich", "baujahr": 1883.0, "grundflaeche_m2": 178.86058, "gebaeudealter_2026": 143.0, "gebaeude_nutzung": "Gebäude Wohnen", "qualitaet": "AV93", "bev_pers_n": 194.0, "bev_dichte_pha": 194.0 }, "geometry": { "type": "Point", "coordinates": [ 8.526652355107114, 47.37760752389223 ] } },
{ "type": "Feature", "properties": { "egid_int": 149098, "strasse": "Brauerstrasse", "hausnummer": "29", "plz": 8004.0, "ortschaft": "Zürich", "baujahr": 1971.0, "grundflaeche_m2": 293.4512045, "gebaeudealter_2026": 55.0, "gebaeude_nutzung": "Gebäude Wohnen", "qualitaet": "AV93", "bev_pers_n": 334.0, "bev_dichte_pha": 334.0 }, "geometry": { "type": "Point", "coordinates": [ 8.527201089752099, 47.377547295221397 ] } },
{ "type": "Feature", "properties": { "egid_int": 149099, "strasse": "Brauerstrasse", "hausnummer": "31", "plz": 8004.0, "ortschaft": "Zürich", "baujahr": 1971.0, "grundflaeche_m2": 172.3976085, "gebaeudealter_2026": 55.0, "gebaeude_nutzung": "Gebäude Wohnen", "qualitaet": "AV93", "bev_pers_n": 194.0, "bev_dichte_pha": 194.0 }, "geometry": { "type": "Point", "coordinates": [ 8.527012626972047, 47.377651327447886 ] } },
{ "type": "Feature", "properties": { "egid_int": 149101, "strasse": "Hohlstrasse", "hausnummer": "36", "plz": 8004.0, "ortschaft": "Zürich", "baujahr": 1876.0, "grundflaeche_m2": 319.179579, "gebaeudealter_2026": 150.0, "gebaeude_nutzung": "Gebäude Wohnen", "qualitaet": "AV93", "bev_pers_n": 194.0, "bev_dichte_pha": 194.0 }, "geometry": { "type": "Point", "coordinates": [ 8.526693612487838, 47.377385999463336 ] } },
{ "type": "Feature", "properties": { "egid_int": 149103, "strasse": "Hohlstrasse", "hausnummer": "30", "plz": 8004.0, "ortschaft": "Zürich", "baujahr": 1976.0, "grundflaeche_m2": 961.2953885, "gebaeudealter_2026": 50.0, "gebaeude_nutzung": "Gebäude Wohnen", "qualitaet": "AV93", "bev_pers_n": 334.0, "bev_dichte_pha": 334.0 }, "geometry": { "type": "Point", "coordinates": [ 8.527279983333237, 47.377205987767063 ] } },
{ "type": "Feature", "properties": { "egid_int": 149104, "strasse": "Brauerstrasse", "hausnummer": "9", "plz": 8004.0, "ortschaft": "Zürich", "baujahr": 1864.0, "grundflaeche_m2": 116.1872275, "gebaeudealter_2026": 162.0, "gebaeude_nutzung": "Gebäude Wohnen", "qualitaet": "AV93", "bev_pers_n": 334.0, "bev_dichte_pha": 334.0 }, "geometry": { "type": "Point", "coordinates": [ 8.528156420291003, 47.377095009626814 ] } },
{ "type": "Feature", "properties": { "egid_int": 149105, "strasse": "Brauerstrasse", "hausnummer": "13", "plz": 8004.0, "ortschaft": "Zürich", "baujahr": 1864.0, "grundflaeche_m2": 168.852238, "gebaeudealter_2026": 162.0, "gebaeude_nutzung": "Gebäude Wohnen", "qualitaet": "AV93", "bev_pers_n": 334.0, "bev_dichte_pha": 334.0 }, "geometry": { "type": "Point", "coordinates": [ 8.527970582059558, 47.377205477202928 ] } },
{ "type": "Feature", "properties": { "egid_int": 149106, "strasse": "Brauerstrasse", "hausnummer": "15", "plz": 8004.0, "ortschaft": "Zürich", "baujahr": 1894.0, "grundflaeche_m2": 183.5056245, "gebaeudealter_2026": 132.0, "gebaeude_nutzung": "Gebäude Wohnen", "qualitaet": "AV93", "bev_pers_n": 334.0, "bev_dichte_pha": 334.0 }, "geometry": { "type": "Point", "coordinates": [ 8.527765003833526, 47.377279916253336 ] } },
{ "type": "Feature", "properties": { "egid_int": 149107, "strasse": "Hohlstrasse", "hausnummer": "4", "plz": 8004.0, "ortschaft": "Zürich", "baujahr": 1882.0, "grundflaeche_m2": 157.627322, "gebaeudealter_2026": 144.0, "gebaeude_nutzung": "Gebäude Wohnen", "qualitaet": "AV93", "bev_pers_n": 334.0, "bev_dichte_pha": 334.0 }, "geometry": { "type": "Point", "coordinates": [ 8.528034144518546, 47.377005851866848 ] } },
{ "type": "Feature", "properties": { "egid_int": 149108, "strasse": "Hohlstrasse", "hausnummer": "9", "plz": 8004.0, "ortschaft": "Zürich", "baujahr": 1893.0, "grundflaeche_m2": 157.93354, "gebaeudealter_2026": 133.0, "gebaeude_nutzung": "Gebäude Wohnen", "qualitaet": "AV93", "bev_pers_n": 219.0, "bev_dichte_pha": 219.0 }, "geometry": { "type": "Point", "coordinates": [ 8.528084155812493, 47.376791143540636 ] } },
{ "type": "Feature", "properties": { "egid_int": 149109, "strasse": "Hohlstrasse", "hausnummer": "18", "plz": 8004.0, "ortschaft": "Zürich", "baujahr": 1896.0, "grundflaeche_m2": 450.7993835, "gebaeudealter_2026": 130.0, "gebaeude_nutzung": "Gebäude Gastgewerbe", "qualitaet": "AV93", "bev_pers_n": 334.0, "bev_dichte_pha": 334.0 }, "geometry": { "type": "Point", "coordinates": [ 8.527653404402638, 47.377071634080067 ] } },
{ "type": "Feature", "properties": { "egid_int": 149110, "strasse": "Hohlstrasse", "hausnummer": "32", "plz": 8004.0, "ortschaft": "Zürich", "baujahr": 1976.0, "grundflaeche_m2": 320.608743, "gebaeudealter_2026": 50.0, "gebaeude_nutzung": "Gebäude Wohnen", "qualitaet": "AV93", "bev_pers_n": 194.0, "bev_dichte_pha": 194.0 }, "geometry": { "type": "Point", "coordinates": [ 8.527017552336073, 47.377306930137884 ] } },
{ "type": "Feature", "properties": { "egid_int": 149112, "strasse": "Müllerstrasse", "hausnummer": "88", "plz": 8004.0, "ortschaft": "Zürich", "baujahr": 1898.0, "grundflaeche_m2": 50.808865, "gebaeudealter_2026": 128.0, "gebaeude_nutzung": "Gebäude Wohnen", "qualitaet": "AV93", "bev_pers_n": 219.0, "bev_dichte_pha": 219.0 }, "geometry": { "type": "Point", "coordinates": [ 8.52804520532349, 47.376645142345296 ] } },
{ "type": "Feature", "properties": { "egid_int": 149113, "strasse": "Müllerstrasse", "hausnummer": "92", "plz": 8004.0, "ortschaft": "Zürich", "baujahr": 1895.0, "grundflaeche_m2": 211.099835, "gebaeudealter_2026": 131.0, "gebaeude_nutzung": "Gebäude Gastgewerbe", "qualitaet": "AV93", "bev_pers_n": 334.0, "bev_dichte_pha": 334.0 }, "geometry": { "type": "Point", "coordinates": [ 8.527872398067494, 47.376824254559764 ] } },
{ "type": "Feature", "properties": { "egid_int": 149114, "strasse": "Müllerstrasse", "hausnummer": "93", "plz": 8004.0, "ortschaft": "Zürich", "baujahr": 1895.0, "grundflaeche_m2": 170.363208, "gebaeudealter_2026": 131.0, "gebaeude_nutzung": "Gebäude Wohnen", "qualitaet": "AV93", "bev_pers_n": 334.0, "bev_dichte_pha": 334.0 }, "geometry": { "type": "Point", "coordinates": [ 8.527435517430531, 47.376852093310148 ] } },
{ "type": "Feature", "properties": { "egid_int": 149115, "strasse": "Molkenstrasse", "hausnummer": "6", "plz": 8004.0, "ortschaft": "Zürich", "baujahr": 1895.0, "grundflaeche_m2": 712.9242325, "gebaeudealter_2026": 131.0, "gebaeude_nutzung": "Gebäude Gastgewerbe", "qualitaet": "AV93", "bev_pers_n": 219.0, "bev_dichte_pha": 219.0 }, "geometry": { "type": "Point", "coordinates": [ 8.527578423265547, 47.37650178075009 ] } },
{ "type": "Feature", "properties": { "egid_int": 149116, "strasse": "Ankerstrasse", "hausnummer": "119", "plz": 8004.0, "ortschaft": "Zürich", "baujahr": 1895.0, "grundflaeche_m2": 143.848807, "gebaeudealter_2026": 131.0, "gebaeude_nutzung": "Gebäude Wohnen", "qualitaet": "AV93", "bev_pers_n": 219.0, "bev_dichte_pha": 219.0 }, "geometry": { "type": "Point", "coordinates": [ 8.528207854796571, 47.376563209962789 ] } },
{ "type": "Feature", "properties": { "egid_int": 149117, "strasse": "Ankerstrasse", "hausnummer": "121", "plz": 8004.0, "ortschaft": "Zürich", "baujahr": 1893.0, "grundflaeche_m2": 128.7271835, "gebaeudealter_2026": 133.0, "gebaeude_nutzung": "Gebäude Wohnen", "qualitaet": "AV93", "bev_pers_n": 219.0, "bev_dichte_pha": 219.0 }, "geometry": { "type": "Point", "coordinates": [ 8.528318932478825, 47.376646815249245 ] } },
{ "type": "Feature", "properties": { "egid_int": 149118, "strasse": "Ankerstrasse", "hausnummer": "122", "plz": 8004.0, "ortschaft": "Zürich", "baujahr": 1899.0, "grundflaeche_m2": 128.622433, "gebaeudealter_2026": 127.0, "gebaeude_nutzung": "Gebäude Wohnen", "qualitaet": "AV93", "bev_pers_n": 275.0, "bev_dichte_pha": 275.0 }, "geometry": { "type": "Point", "coordinates": [ 8.528653390065628, 47.376600618136003 ] } },
{ "type": "Feature", "properties": { "egid_int": 149119, "strasse": "Ankerstrasse", "hausnummer": "123", "plz": 8004.0, "ortschaft": "Zürich", "baujahr": 1890.0, "grundflaeche_m2": 143.9794925, "gebaeudealter_2026": 136.0, "gebaeude_nutzung": "Gebäude Wohnen", "qualitaet": "AV93", "bev_pers_n": 275.0, "bev_dichte_pha": 275.0 }, "geometry": { "type": "Point", "coordinates": [ 8.528452747511354, 47.376723288676196 ] } },
{ "type": "Feature", "properties": { "egid_int": 149120, "strasse": "Brauerstrasse", "hausnummer": "3", "plz": 8004.0, "ortschaft": "Zürich", "baujahr": 1988.0, "grundflaeche_m2": 293.8047945, "gebaeudealter_2026": 38.0, "gebaeude_nutzung": "Gebäude Wohnen", "qualitaet": "AV93", "bev_pers_n": 334.0, "bev_dichte_pha": 334.0 }, "geometry": { "type": "Point", "coordinates": [ 8.528350614523317, 47.376976808071731 ] } },
{ "type": "Feature", "properties": { "egid_int": 149121, "strasse": "Hohlstrasse", "hausnummer": "7", "plz": 8004.0, "ortschaft": "Zürich", "baujahr": 1890.0, "grundflaeche_m2": 116.1705295, "gebaeudealter_2026": 136.0, "gebaeude_nutzung": "Gebäude Wohnen", "qualitaet": "AV93", "bev_pers_n": 219.0, "bev_dichte_pha": 219.0 }, "geometry": { "type": "Point", "coordinates": [ 8.52827069340244, 47.376770674293446 ] } },
{ "type": "Feature", "properties": { "egid_int": 149122, "strasse": "Ankerstrasse", "hausnummer": "124", "plz": 8004.0, "ortschaft": "Zürich", "baujahr": 1890.0, "grundflaeche_m2": 102.091511, "gebaeudealter_2026": 136.0, "gebaeude_nutzung": "Gebäude Wohnen", "qualitaet": "AV93", "bev_pers_n": 275.0, "bev_dichte_pha": 275.0 }, "geometry": { "type": "Point", "coordinates": [ 8.5287800357771, 47.376683293508123 ] } },
{ "type": "Feature", "properties": { "egid_int": 149123, "strasse": "Ankerstrasse", "hausnummer": "108", "plz": 8004.0, "ortschaft": "Zürich", "baujahr": 1896.0, "grundflaeche_m2": 126.3643595, "gebaeudealter_2026": 130.0, "gebaeude_nutzung": "Gebäude Wohnen", "qualitaet": "AV93", "bev_pers_n": 219.0, "bev_dichte_pha": 219.0 }, "geometry": { "type": "Point", "coordinates": [ 8.52778230389344, 47.376015192720963 ] } },
{ "type": "Feature", "properties": { "egid_int": 149124, "strasse": "Ankerstrasse", "hausnummer": "110", "plz": 8004.0, "ortschaft": "Zürich", "baujahr": 1896.0, "grundflaeche_m2": 167.8801245, "gebaeudealter_2026": 130.0, "gebaeude_nutzung": "Gebäude Wohnen", "qualitaet": "AV93", "bev_pers_n": 219.0, "bev_dichte_pha": 219.0 }, "geometry": { "type": "Point", "coordinates": [ 8.527901376064472, 47.376089628964905 ] } },
{ "type": "Feature", "properties": { "egid_int": 149125, "strasse": "Ankerstrasse", "hausnummer": "113", "plz": 8004.0, "ortschaft": "Zürich", "baujahr": 1895.0, "grundflaeche_m2": 148.756561, "gebaeudealter_2026": 131.0, "gebaeude_nutzung": "Gebäude Wohnen", "qualitaet": "AV93", "bev_pers_n": 219.0, "bev_dichte_pha": 219.0 }, "geometry": { "type": "Point", "coordinates": [ 8.527855540170338, 47.376369989227378 ] } },
{ "type": "Feature", "properties": { "egid_int": 149126, "strasse": "Ankerstrasse", "hausnummer": "115", "plz": 8004.0, "ortschaft": "Zürich", "baujahr": 1895.0, "grundflaeche_m2": 143.1449535, "gebaeudealter_2026": 131.0, "gebaeude_nutzung": "Gebäude Wohnen", "qualitaet": "AV93", "bev_pers_n": 219.0, "bev_dichte_pha": 219.0 }, "geometry": { "type": "Point", "coordinates": [ 8.527963227151682, 47.376433522736946 ] } },
{ "type": "Feature", "properties": { "egid_int": 149127, "strasse": "Ankerstrasse", "hausnummer": "116", "plz": 8004.0, "ortschaft": "Zürich", "baujahr": 1892.0, "grundflaeche_m2": 200.354311, "gebaeudealter_2026": 134.0, "gebaeude_nutzung": "Gebäude Wohnen", "qualitaet": "AV93", "bev_pers_n": 275.0, "bev_dichte_pha": 275.0 }, "geometry": { "type": "Point", "coordinates": [ 8.528415527441402, 47.376430102149257 ] } },
{ "type": "Feature", "properties": { "egid_int": 149128, "strasse": "Ankerstrasse", "hausnummer": "120", "plz": 8004.0, "ortschaft": "Zürich", "baujahr": 1899.0, "grundflaeche_m2": 144.8641635, "gebaeudealter_2026": 127.0, "gebaeude_nutzung": "Gebäude Wohnen", "qualitaet": "AV93", "bev_pers_n": 275.0, "bev_dichte_pha": 275.0 }, "geometry": { "type": "Point", "coordinates": [ 8.528546505846549, 47.376523297168134 ] } },
{ "type": "Feature", "properties": { "egid_int": 149129, "strasse": "Ankerstrasse", "hausnummer": "112", "plz": 8004.0, "ortschaft": "Zürich", "baujahr": 1896.0, "grundflaeche_m2": 372.7613275, "gebaeudealter_2026": 130.0, "gebaeude_nutzung": "Gebäude Verwaltung", "qualitaet": "AV93", "bev_pers_n": 219.0, "bev_dichte_pha": 219.0 }, "geometry": { "type": "Point", "coordinates": [ 8.528133355856765, 47.375942053146062 ] } },
{ "type": "Feature", "properties": { "egid_int": 149130, "strasse": "Rotwandstrasse", "hausnummer": "63", "plz": 8004.0, "ortschaft": "Zürich", "baujahr": 1889.0, "grundflaeche_m2": 170.865573, "gebaeudealter_2026": 137.0, "gebaeude_nutzung": "Gebäude Wohnen", "qualitaet": "AV93", "bev_pers_n": 275.0, "bev_dichte_pha": 275.0 }, "geometry": { "type": "Point", "coordinates": [ 8.52907161038576, 47.375895114681363 ] } },
{ "type": "Feature", "properties": { "egid_int": 149131, "strasse": "Rotwandstrasse", "hausnummer": "65", "plz": 8004.0, "ortschaft": "Zürich", "baujahr": 1889.0, "grundflaeche_m2": 250.976516, "gebaeudealter_2026": 137.0, "gebaeude_nutzung": "Gebäude Wohnen", "qualitaet": "AV93", "bev_pers_n": 275.0, "bev_dichte_pha": 275.0 }, "geometry": { "type": "Point", "coordinates": [ 8.529191418383482, 47.375986021725936 ] } },
{ "type": "Feature", "properties": { "egid_int": 149132, "strasse": "Rotwandstrasse", "hausnummer": "67", "plz": 8004.0, "ortschaft": "Zürich", "baujahr": 1880.0, "grundflaeche_m2": 153.772223, "gebaeudealter_2026": 146.0, "gebaeude_nutzung": "Gebäude Wohnen", "qualitaet": "AV93", "bev_pers_n": 275.0, "bev_dichte_pha": 275.0 }, "geometry": { "type": "Point", "coordinates": [ 8.529314562479042, 47.376078804113931 ] } },
{ "type": "Feature", "properties": { "egid_int": 149133, "strasse": "Rotwandstrasse", "hausnummer": "69", "plz": 8004.0, "ortschaft": "Zürich", "baujahr": 1880.0, "grundflaeche_m2": 168.0629285, "gebaeudealter_2026": 146.0, "gebaeude_nutzung": "Gebäude Wohnen", "qualitaet": "AV93", "bev_pers_n": 275.0, "bev_dichte_pha": 275.0 }, "geometry": { "type": "Point", "coordinates": [ 8.529410387105763, 47.376141117014328 ] } },
{ "type": "Feature", "properties": { "egid_int": 149134, "strasse": "Zeughausstrasse", "hausnummer": "55", "plz": 8004.0, "ortschaft": "Zürich", "baujahr": 1880.0, "grundflaeche_m2": 169.556554, "gebaeudealter_2026": 146.0, "gebaeude_nutzung": "Gebäude Wohnen", "qualitaet": "AV93", "bev_pers_n": 275.0, "bev_dichte_pha": 275.0 }, "geometry": { "type": "Point", "coordinates": [ 8.529505149626967, 47.376201991651705 ] } },
{ "type": "Feature", "properties": { "egid_int": 149135, "strasse": "Zeughausstrasse", "hausnummer": "61", "plz": 8004.0, "ortschaft": "Zürich", "baujahr": 1896.0, "grundflaeche_m2": 249.85765, "gebaeudealter_2026": 130.0, "gebaeude_nutzung": "Gebäude Wohnen", "qualitaet": "AV93", "bev_pers_n": 275.0, "bev_dichte_pha": 275.0 }, "geometry": { "type": "Point", "coordinates": [ 8.529231325478525, 47.37636697507638 ] } },
{ "type": "Feature", "properties": { "egid_int": 149136, "strasse": "Zeughausstrasse", "hausnummer": "65", "plz": 8004.0, "ortschaft": "Zürich", "baujahr": 1896.0, "grundflaeche_m2": 104.11249286499999, "gebaeudealter_2026": 130.0, "gebaeude_nutzung": "Gebäude Wohnen", "qualitaet": "AV93", "bev_pers_n": 275.0, "bev_dichte_pha": 275.0 }, "geometry": { "type": "Point", "coordinates": [ 8.529124684036066, 47.376438755437214 ] } },
{ "type": "Feature", "properties": { "egid_int": 149137, "strasse": "Zeughausstrasse", "hausnummer": "67", "plz": 8004.0, "ortschaft": "Zürich", "baujahr": 1895.0, "grundflaeche_m2": 173.791465, "gebaeudealter_2026": 131.0, "gebaeude_nutzung": "Gebäude Wohnen", "qualitaet": "AV93", "bev_pers_n": 275.0, "bev_dichte_pha": 275.0 }, "geometry": { "type": "Point", "coordinates": [ 8.52901778059273, 47.376523635060899 ] } },
{ "type": "Feature", "properties": { "egid_int": 149138, "strasse": "Zeughausstrasse", "hausnummer": "69", "plz": 8004.0, "ortschaft": "Zürich", "baujahr": 1886.0, "grundflaeche_m2": 108.1060225, "gebaeudealter_2026": 140.0, "gebaeude_nutzung": "Gebäude Wohnen", "qualitaet": "AV93", "bev_pers_n": 275.0, "bev_dichte_pha": 275.0 }, "geometry": { "type": "Point", "coordinates": [ 8.5288769866991, 47.376618081424532 ] } },
{ "type": "Feature", "properties": { "egid_int": 149139, "strasse": "Müllerstrasse", "hausnummer": "64", "plz": 8004.0, "ortschaft": "Zürich", "baujahr": 1971.0, "grundflaeche_m2": 234.8177565, "gebaeudealter_2026": 55.0, "gebaeude_nutzung": "Gebäude Wohnen", "qualitaet": "AV93", "bev_pers_n": 275.0, "bev_dichte_pha": 275.0 }, "geometry": { "type": "Point", "coordinates": [ 8.52888482897356, 47.376088653664823 ] } },
{ "type": "Feature", "properties": { "egid_int": 149140, "strasse": "Müllerstrasse", "hausnummer": "67", "plz": 8004.0, "ortschaft": "Zürich", "baujahr": 1894.0, "grundflaeche_m2": 284.924059, "gebaeudealter_2026": 132.0, "gebaeude_nutzung": "Gebäude Wohnen", "qualitaet": "AV93", "bev_pers_n": 275.0, "bev_dichte_pha": 275.0 }, "geometry": { "type": "Point", "coordinates": [ 8.528581820420605, 47.375955893697885 ] } },
{ "type": "Feature", "properties": { "egid_int": 149141, "strasse": "Müllerstrasse", "hausnummer": "70", "plz": 8004.0, "ortschaft": "Zürich", "baujahr": 1895.0, "grundflaeche_m2": 91.581232, "gebaeudealter_2026": 131.0, "gebaeude_nutzung": "Gebäude Wohnen", "qualitaet": "AV93", "bev_pers_n": 275.0, "bev_dichte_pha": 275.0 }, "geometry": { "type": "Point", "coordinates": [ 8.528761868208592, 47.376248245154855 ] } },
{ "type": "Feature", "properties": { "egid_int": 149142, "strasse": "Müllerstrasse", "hausnummer": "74", "plz": 8004.0, "ortschaft": "Zürich", "baujahr": 1895.0, "grundflaeche_m2": 83.691714, "gebaeudealter_2026": 131.0, "gebaeude_nutzung": "Gebäude Wohnen", "qualitaet": "AV93", "bev_pers_n": 275.0, "bev_dichte_pha": 275.0 }, "geometry": { "type": "Point", "coordinates": [ 8.528591515943996, 47.376258416007374 ] } },
{ "type": "Feature", "properties": { "egid_int": 149143, "strasse": "Müllerstrasse", "hausnummer": "76", "plz": 8004.0, "ortschaft": "Zürich", "baujahr": 1892.0, "grundflaeche_m2": 109.6929145, "gebaeudealter_2026": 134.0, "gebaeude_nutzung": "Gebäude Wohnen", "qualitaet": "AV93", "bev_pers_n": 275.0, "bev_dichte_pha": 275.0 }, "geometry": { "type": "Point", "coordinates": [ 8.528502205748079, 47.376322962094953 ] } },
{ "type": "Feature", "properties": { "egid_int": 149144, "strasse": "Müllerstrasse", "hausnummer": "63", "plz": 8004.0, "ortschaft": "Zürich", "baujahr": 1879.0, "grundflaeche_m2": 119.878702, "gebaeudealter_2026": 147.0, "gebaeude_nutzung": "Gebäude Wohnen", "qualitaet": "AV93", "bev_pers_n": 240.0, "bev_dichte_pha": 240.0 }, "geometry": { "type": "Point", "coordinates": [ 8.528864459232567, 47.375738252121131 ] } },
{ "type": "Feature", "properties": { "egid_int": 149146, "strasse": "Rotwandstrasse", "hausnummer": "49", "plz": 8004.0, "ortschaft": "Zürich", "baujahr": 1894.0, "grundflaeche_m2": 239.3346665, "gebaeudealter_2026": 132.0, "gebaeude_nutzung": "Gebäude Wohnen", "qualitaet": "AV93", "bev_pers_n": 240.0, "bev_dichte_pha": 240.0 }, "geometry": { "type": "Point", "coordinates": [ 8.528457740206125, 47.375475942422483 ] } },
{ "type": "Feature", "properties": { "egid_int": 149147, "strasse": "Rotwandstrasse", "hausnummer": "51", "plz": 8004.0, "ortschaft": "Zürich", "baujahr": 1879.0, "grundflaeche_m2": 146.397994, "gebaeudealter_2026": 147.0, "gebaeude_nutzung": "Gebäude Wohnen", "qualitaet": "AV93", "bev_pers_n": 240.0, "bev_dichte_pha": 240.0 }, "geometry": { "type": "Point", "coordinates": [ 8.528580709130827, 47.375549270791886 ] } },
{ "type": "Feature", "properties": { "egid_int": 149148, "strasse": "Rotwandstrasse", "hausnummer": "53", "plz": 8004.0, "ortschaft": "Zürich", "baujahr": 1890.0, "grundflaeche_m2": 181.6164015, "gebaeudealter_2026": 136.0, "gebaeude_nutzung": "Gebäude Wohnen", "qualitaet": "AV93", "bev_pers_n": 240.0, "bev_dichte_pha": 240.0 }, "geometry": { "type": "Point", "coordinates": [ 8.528738441706306, 47.375646045076884 ] } },
{ "type": "Feature", "properties": { "egid_int": 149149, "strasse": "Bäckerstrasse", "hausnummer": "54", "plz": 8004.0, "ortschaft": "Zürich", "baujahr": 1896.0, "grundflaeche_m2": 183.3223405, "gebaeudealter_2026": 130.0, "gebaeude_nutzung": "Gebäude Wohnen", "qualitaet": "AV93", "bev_pers_n": 153.0, "bev_dichte_pha": 153.0 }, "geometry": { "type": "Point", "coordinates": [ 8.528229052380986, 47.375595908852901 ] } },
{ "type": "Feature", "properties": { "egid_int": 149150, "strasse": "Bäckerstrasse", "hausnummer": "56", "plz": 8004.0, "ortschaft": "Zürich", "baujahr": 1896.0, "grundflaeche_m2": 183.137485, "gebaeudealter_2026": 130.0, "gebaeude_nutzung": "Gebäude Wohnen", "qualitaet": "AV93", "bev_pers_n": 153.0, "bev_dichte_pha": 153.0 }, "geometry": { "type": "Point", "coordinates": [ 8.528090479489324, 47.375673278597816 ] } },
{ "type": "Feature", "properties": { "egid_int": 149152, "strasse": "Bäckerstrasse", "hausnummer": "58", "plz": 8004.0, "ortschaft": "Zürich", "baujahr": 1896.0, "grundflaeche_m2": 135.5284605, "gebaeudealter_2026": 130.0, "gebaeude_nutzung": "Gebäude Wohnen", "qualitaet": "AV93", "bev_pers_n": 153.0, "bev_dichte_pha": 153.0 }, "geometry": { "type": "Point", "coordinates": [ 8.527951765043531, 47.375743093605664 ] } },
{ "type": "Feature", "properties": { "egid_int": 149153, "strasse": "Bäckerstrasse", "hausnummer": "60", "plz": 8004.0, "ortschaft": "Zürich", "baujahr": 1896.0, "grundflaeche_m2": 176.433198, "gebaeudealter_2026": 130.0, "gebaeude_nutzung": "Gebäude Wohnen", "qualitaet": "AV93", "bev_pers_n": 153.0, "bev_dichte_pha": 153.0 }, "geometry": { "type": "Point", "coordinates": [ 8.527823449908771, 47.375815077157107 ] } },
{ "type": "Feature", "properties": { "egid_int": 149154, "strasse": "Bäckerstrasse", "hausnummer": "62", "plz": 8004.0, "ortschaft": "Zürich", "baujahr": 1896.0, "grundflaeche_m2": 201.201664, "gebaeudealter_2026": 130.0, "gebaeude_nutzung": "Gebäude Wohnen", "qualitaet": "AV93", "bev_pers_n": 219.0, "bev_dichte_pha": 219.0 }, "geometry": { "type": "Point", "coordinates": [ 8.527654310510218, 47.375920196665142 ] } },
{ "type": "Feature", "properties": { "egid_int": 149157, "strasse": "Rotwandstrasse", "hausnummer": "39", "plz": 8004.0, "ortschaft": "Zürich", "baujahr": 1891.0, "grundflaeche_m2": 112.9018595, "gebaeudealter_2026": 135.0, "gebaeude_nutzung": "Gebäude Wohnen", "qualitaet": "AV93", "bev_pers_n": 153.0, "bev_dichte_pha": 153.0 }, "geometry": { "type": "Point", "coordinates": [ 8.528032121340456, 47.375182812366276 ] } },
{ "type": "Feature", "properties": { "egid_int": 149158, "strasse": "Rotwandstrasse", "hausnummer": "37", "plz": 8004.0, "ortschaft": "Zürich", "baujahr": 1892.0, "grundflaeche_m2": 102.457776, "gebaeudealter_2026": 134.0, "gebaeude_nutzung": "Gebäude Wohnen", "qualitaet": "AV93", "bev_pers_n": 153.0, "bev_dichte_pha": 153.0 }, "geometry": { "type": "Point", "coordinates": [ 8.527949445699665, 47.375119672718156 ] } },
{ "type": "Feature", "properties": { "egid_int": 149159, "strasse": "Stauffacherstrasse", "hausnummer": "54", "plz": 8004.0, "ortschaft": "Zürich", "baujahr": 1910.0, "grundflaeche_m2": 589.6149895, "gebaeudealter_2026": 116.0, "gebaeude_nutzung": "Gebäude Wohnen", "qualitaet": "AV93", "bev_pers_n": 153.0, "bev_dichte_pha": 153.0 }, "geometry": { "type": "Point", "coordinates": [ 8.527668395423515, 47.375056676355875 ] } },
{ "type": "Feature", "properties": { "egid_int": 149163, "strasse": "Rotwandstrasse", "hausnummer": "62", "plz": 8004.0, "ortschaft": "Zürich", "baujahr": 1893.0, "grundflaeche_m2": 185.304876, "gebaeudealter_2026": 133.0, "gebaeude_nutzung": "Gebäude Wohnen", "qualitaet": "AV93", "bev_pers_n": 240.0, "bev_dichte_pha": 240.0 }, "geometry": { "type": "Point", "coordinates": [ 8.529280595739875, 47.375723493729659 ] } },
{ "type": "Feature", "properties": { "egid_int": 149164, "strasse": "Rotwandstrasse", "hausnummer": "64", "plz": 8004.0, "ortschaft": "Zürich", "baujahr": 1893.0, "grundflaeche_m2": 100.9512255, "gebaeudealter_2026": 133.0, "gebaeude_nutzung": "Gebäude Wohnen", "qualitaet": "AV93", "bev_pers_n": 240.0, "bev_dichte_pha": 240.0 }, "geometry": { "type": "Point", "coordinates": [ 8.52937473104503, 47.37579388223844 ] } },
{ "type": "Feature", "properties": { "egid_int": 149165, "strasse": "Rotwandstrasse", "hausnummer": "66", "plz": 8004.0, "ortschaft": "Zürich", "baujahr": 1893.0, "grundflaeche_m2": 88.182788, "gebaeudealter_2026": 133.0, "gebaeude_nutzung": "Gebäude Wohnen", "qualitaet": "AV93", "bev_pers_n": 240.0, "bev_dichte_pha": 240.0 }, "geometry": { "type": "Point", "coordinates": [ 8.529460058372905, 47.375853163916446 ] } },
{ "type": "Feature", "properties": { "egid_int": 149166, "strasse": "Rotwandstrasse", "hausnummer": "68", "plz": 8004.0, "ortschaft": "Zürich", "baujahr": 1879.0, "grundflaeche_m2": 109.137951, "gebaeudealter_2026": 147.0, "gebaeude_nutzung": "Gebäude Wohnen", "qualitaet": "AV93", "bev_pers_n": 275.0, "bev_dichte_pha": 275.0 }, "geometry": { "type": "Point", "coordinates": [ 8.52953938449151, 47.375903902871094 ] } },
{ "type": "Feature", "properties": { "egid_int": 149167, "strasse": "Rotwandstrasse", "hausnummer": "70", "plz": 8004.0, "ortschaft": "Zürich", "baujahr": 1879.0, "grundflaeche_m2": 110.275247, "gebaeudealter_2026": 147.0, "gebaeude_nutzung": "Gebäude Wohnen", "qualitaet": "AV93", "bev_pers_n": 275.0, "bev_dichte_pha": 275.0 }, "geometry": { "type": "Point", "coordinates": [ 8.529646129739863, 47.37597442393718 ] } },
{ "type": "Feature", "properties": { "egid_int": 149168, "strasse": "Zeughausstrasse", "hausnummer": "45", "plz": 8004.0, "ortschaft": "Zürich", "baujahr": 1896.0, "grundflaeche_m2": 183.276503, "gebaeudealter_2026": 130.0, "gebaeude_nutzung": "Gebäude Wohnen", "qualitaet": "AV93", "bev_pers_n": 128.0, "bev_dichte_pha": 128.0 }, "geometry": { "type": "Point", "coordinates": [ 8.53001048254799, 47.375859658504332 ] } },
{ "type": "Feature", "properties": { "egid_int": 149169, "strasse": "Zeughausstrasse", "hausnummer": "47", "plz": 8004.0, "ortschaft": "Zürich", "baujahr": 1896.0, "grundflaeche_m2": 102.5040585, "gebaeudealter_2026": 130.0, "gebaeude_nutzung": "Gebäude Wohnen", "qualitaet": "AV93", "bev_pers_n": 7.0, "bev_dichte_pha": 7.0 }, "geometry": { "type": "Point", "coordinates": [ 8.529902283948418, 47.37593548414042 ] } },
{ "type": "Feature", "properties": { "egid_int": 149170, "strasse": "Zeughausstrasse", "hausnummer": "39", "plz": 8004.0, "ortschaft": "Zürich", "baujahr": 1876.0, "grundflaeche_m2": 161.6531545, "gebaeudealter_2026": 150.0, "gebaeude_nutzung": "Gebäude Wohnen", "qualitaet": "AV93", "bev_pers_n": 128.0, "bev_dichte_pha": 128.0 }, "geometry": { "type": "Point", "coordinates": [ 8.530273454517085, 47.375675831986392 ] } },
{ "type": "Feature", "properties": { "egid_int": 149171, "strasse": "Zeughausstrasse", "hausnummer": "41", "plz": 8004.0, "ortschaft": "Zürich", "baujahr": 1969.0, "grundflaeche_m2": 153.0463955, "gebaeudealter_2026": 57.0, "gebaeude_nutzung": "Gebäude Wohnen", "qualitaet": "AV93", "bev_pers_n": 128.0, "bev_dichte_pha": 128.0 }, "geometry": { "type": "Point", "coordinates": [ 8.530144720268202, 47.375764049312224 ] } },
{ "type": "Feature", "properties": { "egid_int": 149172, "strasse": "St. Jakobstrasse", "hausnummer": "53", "plz": 8004.0, "ortschaft": "Zürich", "baujahr": 1877.0, "grundflaeche_m2": 129.7609835, "gebaeudealter_2026": 149.0, "gebaeude_nutzung": "Gebäude Wohnen", "qualitaet": "AV93", "bev_pers_n": 128.0, "bev_dichte_pha": 128.0 }, "geometry": { "type": "Point", "coordinates": [ 8.529990101948702, 47.375310536908991 ] } },
{ "type": "Feature", "properties": { "egid_int": 149173, "strasse": "St. Jakobstrasse", "hausnummer": "57", "plz": 8004.0, "ortschaft": "Zürich", "baujahr": 1876.0, "grundflaeche_m2": 129.3853615, "gebaeudealter_2026": 150.0, "gebaeude_nutzung": "Gebäude Wohnen", "qualitaet": "AV93", "bev_pers_n": 128.0, "bev_dichte_pha": 128.0 }, "geometry": { "type": "Point", "coordinates": [ 8.530084849961995, 47.375374622474368 ] } },
{ "type": "Feature", "properties": { "egid_int": 149174, "strasse": "St. Jakobstrasse", "hausnummer": "59", "plz": 8004.0, "ortschaft": "Zürich", "baujahr": 1876.0, "grundflaeche_m2": 227.005123, "gebaeudealter_2026": 150.0, "gebaeude_nutzung": "Gebäude Wohnen", "qualitaet": "AV93", "bev_pers_n": 128.0, "bev_dichte_pha": 128.0 }, "geometry": { "type": "Point", "coordinates": [ 8.530232738668261, 47.375467808748915 ] } },
{ "type": "Feature", "properties": { "egid_int": 149175, "strasse": "St. Jakobstrasse", "hausnummer": "61", "plz": 8004.0, "ortschaft": "Zürich", "baujahr": 1896.0, "grundflaeche_m2": 179.8620735, "gebaeudealter_2026": 130.0, "gebaeude_nutzung": "Gebäude Wohnen", "qualitaet": "AV93", "bev_pers_n": 128.0, "bev_dichte_pha": 128.0 }, "geometry": { "type": "Point", "coordinates": [ 8.530384900081184, 47.375577559451465 ] } },
{ "type": "Feature", "properties": { "egid_int": 149176, "strasse": "Müllerstrasse", "hausnummer": "44", "plz": 8004.0, "ortschaft": "Zürich", "baujahr": 1877.0, "grundflaeche_m2": 142.2415535, "gebaeudealter_2026": 149.0, "gebaeude_nutzung": "Gebäude Wohnen", "qualitaet": "AV93", "bev_pers_n": 128.0, "bev_dichte_pha": 128.0 }, "geometry": { "type": "Point", "coordinates": [ 8.529874240134834, 47.375224153924627 ] } },
{ "type": "Feature", "properties": { "egid_int": 149177, "strasse": "Müllerstrasse", "hausnummer": "46", "plz": 8004.0, "ortschaft": "Zürich", "baujahr": 1877.0, "grundflaeche_m2": 118.834749, "gebaeudealter_2026": 149.0, "gebaeude_nutzung": "Gebäude Wohnen", "qualitaet": "AV93", "bev_pers_n": 128.0, "bev_dichte_pha": 128.0 }, "geometry": { "type": "Point", "coordinates": [ 8.529779209718329, 47.375302787481615 ] } },
{ "type": "Feature", "properties": { "egid_int": 149179, "strasse": "Müllerstrasse", "hausnummer": "48", "plz": 8004.0, "ortschaft": "Zürich", "baujahr": 1891.0, "grundflaeche_m2": 245.598577, "gebaeudealter_2026": 135.0, "gebaeude_nutzung": "Gebäude Wohnen", "qualitaet": "AV93", "bev_pers_n": 240.0, "bev_dichte_pha": 240.0 }, "geometry": { "type": "Point", "coordinates": [ 8.529645514461093, 47.375400936763015 ] } },
{ "type": "Feature", "properties": { "egid_int": 149180, "strasse": "Müllerstrasse", "hausnummer": "51", "plz": 8004.0, "ortschaft": "Zürich", "baujahr": 1893.0, "grundflaeche_m2": 178.5775175, "gebaeudealter_2026": 133.0, "gebaeude_nutzung": "Gebäude Wohnen", "qualitaet": "AV93", "bev_pers_n": 240.0, "bev_dichte_pha": 240.0 }, "geometry": { "type": "Point", "coordinates": [ 8.529269298474635, 47.375409535725602 ] } },
{ "type": "Feature", "properties": { "egid_int": 149181, "strasse": "Müllerstrasse", "hausnummer": "55", "plz": 8004.0, "ortschaft": "Zürich", "baujahr": 1893.0, "grundflaeche_m2": 115.181587, "gebaeudealter_2026": 133.0, "gebaeude_nutzung": "Gebäude Wohnen", "qualitaet": "AV93", "bev_pers_n": 240.0, "bev_dichte_pha": 240.0 }, "geometry": { "type": "Point", "coordinates": [ 8.529148162808131, 47.375520986554413 ] } },
{ "type": "Feature", "properties": { "egid_int": 149182, "strasse": "Müllerstrasse", "hausnummer": "56", "plz": 8004.0, "ortschaft": "Zürich", "baujahr": 1894.0, "grundflaeche_m2": 201.926434, "gebaeudealter_2026": 132.0, "gebaeude_nutzung": "Gebäude Wohnen", "qualitaet": "AV93", "bev_pers_n": 240.0, "bev_dichte_pha": 240.0 }, "geometry": { "type": "Point", "coordinates": [ 8.529428895830636, 47.375582507139981 ] } },
{ "type": "Feature", "properties": { "egid_int": 149183, "strasse": "Müllerstrasse", "hausnummer": "57", "plz": 8004.0, "ortschaft": "Zürich", "baujahr": 1893.0, "grundflaeche_m2": 151.947237, "gebaeudealter_2026": 133.0, "gebaeude_nutzung": "Gebäude Wohnen", "qualitaet": "AV93", "bev_pers_n": 240.0, "bev_dichte_pha": 240.0 }, "geometry": { "type": "Point", "coordinates": [ 8.529052504661459, 47.375582606647882 ] } },
{ "type": "Feature", "properties": { "egid_int": 149184, "strasse": "Rotwandstrasse", "hausnummer": "52", "plz": 8004.0, "ortschaft": "Zürich", "baujahr": 1893.0, "grundflaeche_m2": 181.3918655, "gebaeudealter_2026": 133.0, "gebaeude_nutzung": "Gebäude Wohnen", "qualitaet": "AV93", "bev_pers_n": 240.0, "bev_dichte_pha": 240.0 }, "geometry": { "type": "Point", "coordinates": [ 8.528914840933261, 47.37548231517313 ] } },
{ "type": "Feature", "properties": { "egid_int": 149185, "strasse": "Lutherstrasse", "hausnummer": "32", "plz": 8004.0, "ortschaft": "Zürich", "baujahr": 1896.0, "grundflaeche_m2": 214.8936625, "gebaeudealter_2026": 130.0, "gebaeude_nutzung": "Gebäude Wohnen", "qualitaet": "AV93", "bev_pers_n": 227.0, "bev_dichte_pha": 227.0 }, "geometry": { "type": "Point", "coordinates": [ 8.52859314967333, 47.374723284303442 ] } },
{ "type": "Feature", "properties": { "egid_int": 149186, "strasse": "Rotwandstrasse", "hausnummer": "38", "plz": 8004.0, "ortschaft": "Zürich", "baujahr": 1892.0, "grundflaeche_m2": 121.857189, "gebaeudealter_2026": 134.0, "gebaeude_nutzung": "Gebäude Wohnen", "qualitaet": "AV93", "bev_pers_n": 153.0, "bev_dichte_pha": 153.0 }, "geometry": { "type": "Point", "coordinates": [ 8.528206799178882, 47.375015816542465 ] } },
{ "type": "Feature", "properties": { "egid_int": 149187, "strasse": "Rotwandstrasse", "hausnummer": "40", "plz": 8004.0, "ortschaft": "Zürich", "baujahr": 1892.0, "grundflaeche_m2": 110.7122405, "gebaeudealter_2026": 134.0, "gebaeude_nutzung": "Gebäude Wohnen", "qualitaet": "AV93", "bev_pers_n": 153.0, "bev_dichte_pha": 153.0 }, "geometry": { "type": "Point", "coordinates": [ 8.528299500479438, 47.375088738078453 ] } },
{ "type": "Feature", "properties": { "egid_int": 149188, "strasse": "Rotwandstrasse", "hausnummer": "42", "plz": 8004.0, "ortschaft": "Zürich", "baujahr": 1892.0, "grundflaeche_m2": 124.961606, "gebaeudealter_2026": 134.0, "gebaeude_nutzung": "Gebäude Wohnen", "qualitaet": "AV93", "bev_pers_n": 240.0, "bev_dichte_pha": 240.0 }, "geometry": { "type": "Point", "coordinates": [ 8.52840948611626, 47.375154696166405 ] } },
{ "type": "Feature", "properties": { "egid_int": 149189, "strasse": "Rotwandstrasse", "hausnummer": "48", "plz": 8004.0, "ortschaft": "Zürich", "baujahr": 1891.0, "grundflaeche_m2": 266.764467, "gebaeudealter_2026": 135.0, "gebaeude_nutzung": "Gebäude Wohnen", "qualitaet": "AV93", "bev_pers_n": 240.0, "bev_dichte_pha": 240.0 }, "geometry": { "type": "Point", "coordinates": [ 8.528686137626313, 47.375326933018847 ] } },
{ "type": "Feature", "properties": { "egid_int": 149190, "strasse": "Rotwandstrasse", "hausnummer": "50", "plz": 8004.0, "ortschaft": "Zürich", "baujahr": 1892.0, "grundflaeche_m2": 116.558106, "gebaeudealter_2026": 134.0, "gebaeude_nutzung": "Gebäude Wohnen", "qualitaet": "AV93", "bev_pers_n": 240.0, "bev_dichte_pha": 240.0 }, "geometry": { "type": "Point", "coordinates": [ 8.528804790687875, 47.375408730308067 ] } },
{ "type": "Feature", "properties": { "egid_int": 149191, "strasse": "Bäckerstrasse", "hausnummer": "41", "plz": 8004.0, "ortschaft": "Zürich", "baujahr": 1893.0, "grundflaeche_m2": 104.661219, "gebaeudealter_2026": 133.0, "gebaeude_nutzung": "Gebäude Wohnen", "qualitaet": "AV93", "bev_pers_n": 240.0, "bev_dichte_pha": 240.0 }, "geometry": { "type": "Point", "coordinates": [ 8.528598983128902, 47.375008554541921 ] } },
{ "type": "Feature", "properties": { "egid_int": 149192, "strasse": "Bäckerstrasse", "hausnummer": "43", "plz": 8004.0, "ortschaft": "Zürich", "baujahr": 1892.0, "grundflaeche_m2": 107.6637125, "gebaeudealter_2026": 134.0, "gebaeude_nutzung": "Gebäude Wohnen", "qualitaet": "AV93", "bev_pers_n": 240.0, "bev_dichte_pha": 240.0 }, "geometry": { "type": "Point", "coordinates": [ 8.528510698527365, 47.375081708329667 ] } },
{ "type": "Feature", "properties": { "egid_int": 149193, "strasse": "Bäckerstrasse", "hausnummer": "37", "plz": 8004.0, "ortschaft": "Zürich", "baujahr": 1893.0, "grundflaeche_m2": 106.7314045, "gebaeudealter_2026": 133.0, "gebaeude_nutzung": "Gebäude Wohnen", "qualitaet": "AV93", "bev_pers_n": 227.0, "bev_dichte_pha": 227.0 }, "geometry": { "type": "Point", "coordinates": [ 8.528775860615253, 47.374877355648877 ] } },
{ "type": "Feature", "properties": { "egid_int": 149194, "strasse": "Bäckerstrasse", "hausnummer": "39", "plz": 8004.0, "ortschaft": "Zürich", "baujahr": 1893.0, "grundflaeche_m2": 105.7979325, "gebaeudealter_2026": 133.0, "gebaeude_nutzung": "Gebäude Wohnen", "qualitaet": "AV93", "bev_pers_n": 227.0, "bev_dichte_pha": 227.0 }, "geometry": { "type": "Point", "coordinates": [ 8.528684509318268, 47.374942982615693 ] } },
{ "type": "Feature", "properties": { "egid_int": 149195, "strasse": "St. Jakobstrasse", "hausnummer": "39", "plz": 8004.0, "ortschaft": "Zürich", "baujahr": 1939.0, "grundflaeche_m2": 627.43344273499997, "gebaeudealter_2026": 87.0, "gebaeude_nutzung": "Gebäude Wohnen", "qualitaet": "AV93", "bev_pers_n": 227.0, "bev_dichte_pha": 227.0 }, "geometry": { "type": "Point", "coordinates": [ 8.529394266671622, 47.374884893575484 ] } },
{ "type": "Feature", "properties": { "egid_int": 149196, "strasse": "Bäckerstrasse", "hausnummer": "15", "plz": 8004.0, "ortschaft": "Zürich", "baujahr": 1896.0, "grundflaeche_m2": 178.7575085, "gebaeudealter_2026": 130.0, "gebaeude_nutzung": "Gebäude Wohnen", "qualitaet": "AV93", "bev_pers_n": 227.0, "bev_dichte_pha": 227.0 }, "geometry": { "type": "Point", "coordinates": [ 8.529671455301097, 47.374169825926067 ] } },
{ "type": "Feature", "properties": { "egid_int": 149197, "strasse": "Bäckerstrasse", "hausnummer": "17", "plz": 8004.0, "ortschaft": "Zürich", "baujahr": 1896.0, "grundflaeche_m2": 117.543396, "gebaeudealter_2026": 130.0, "gebaeude_nutzung": "Gebäude Wohnen", "qualitaet": "AV93", "bev_pers_n": 227.0, "bev_dichte_pha": 227.0 }, "geometry": { "type": "Point", "coordinates": [ 8.529561578365788, 47.374109157132679 ] } },
{ "type": "Feature", "properties": { "egid_int": 149198, "strasse": "Bäckerstrasse", "hausnummer": "19", "plz": 8004.0, "ortschaft": "Zürich", "baujahr": 1869.0, "grundflaeche_m2": 98.8644225, "gebaeudealter_2026": 157.0, "gebaeude_nutzung": "Gebäude Wohnen", "qualitaet": "AV93", "bev_pers_n": 227.0, "bev_dichte_pha": 227.0 }, "geometry": { "type": "Point", "coordinates": [ 8.529532057223076, 47.374326290427007 ] } },
{ "type": "Feature", "properties": { "egid_int": 149199, "strasse": "Bäckerstrasse", "hausnummer": "21", "plz": 8004.0, "ortschaft": "Zürich", "baujahr": 1874.0, "grundflaeche_m2": 116.118626, "gebaeudealter_2026": 152.0, "gebaeude_nutzung": "Gebäude Wohnen", "qualitaet": "AV93", "bev_pers_n": 227.0, "bev_dichte_pha": 227.0 }, "geometry": { "type": "Point", "coordinates": [ 8.529407265346363, 47.374261516646079 ] } },
{ "type": "Feature", "properties": { "egid_int": 149200, "strasse": "Bäckerstrasse", "hausnummer": "25", "plz": 8004.0, "ortschaft": "Zürich", "baujahr": 1893.0, "grundflaeche_m2": 196.4413055, "gebaeudealter_2026": 133.0, "gebaeude_nutzung": "Gebäude Wohnen", "qualitaet": "AV93", "bev_pers_n": 227.0, "bev_dichte_pha": 227.0 }, "geometry": { "type": "Point", "coordinates": [ 8.529350861245748, 47.374428755908866 ] } },
{ "type": "Feature", "properties": { "egid_int": 149201, "strasse": "Bäckerstrasse", "hausnummer": "27", "plz": 8004.0, "ortschaft": "Zürich", "baujahr": 1893.0, "grundflaeche_m2": 118.1070935, "gebaeudealter_2026": 133.0, "gebaeude_nutzung": "Gebäude Wohnen", "qualitaet": "AV93", "bev_pers_n": 227.0, "bev_dichte_pha": 227.0 }, "geometry": { "type": "Point", "coordinates": [ 8.529241341538548, 47.374512401219491 ] } },
{ "type": "Feature", "properties": { "egid_int": 149202, "strasse": "Bäckerstrasse", "hausnummer": "35", "plz": 8004.0, "ortschaft": "Zürich", "baujahr": 1893.0, "grundflaeche_m2": 180.259063, "gebaeudealter_2026": 133.0, "gebaeude_nutzung": "Gebäude Wohnen", "qualitaet": "AV93", "bev_pers_n": 227.0, "bev_dichte_pha": 227.0 }, "geometry": { "type": "Point", "coordinates": [ 8.528897956177664, 47.374786971695947 ] } },
{ "type": "Feature", "properties": { "egid_int": 149203, "strasse": "St. Jakobstrasse", "hausnummer": "29", "plz": 8004.0, "ortschaft": "Zürich", "baujahr": 1890.0, "grundflaeche_m2": 135.8026235, "gebaeudealter_2026": 136.0, "gebaeude_nutzung": "Gebäude Wohnen", "qualitaet": "AV93", "bev_pers_n": 227.0, "bev_dichte_pha": 227.0 }, "geometry": { "type": "Point", "coordinates": [ 8.528853353052465, 47.374522612222442 ] } },
{ "type": "Feature", "properties": { "egid_int": 149204, "strasse": "St. Jakobstrasse", "hausnummer": "31", "plz": 8004.0, "ortschaft": "Zürich", "baujahr": 1890.0, "grundflaeche_m2": 106.1872765, "gebaeudealter_2026": 136.0, "gebaeude_nutzung": "Gebäude Wohnen", "qualitaet": "AV93", "bev_pers_n": 227.0, "bev_dichte_pha": 227.0 }, "geometry": { "type": "Point", "coordinates": [ 8.528953416871603, 47.374592945121051 ] } },
{ "type": "Feature", "properties": { "egid_int": 149205, "strasse": "Lutherstrasse", "hausnummer": "2", "plz": 8004.0, "ortschaft": "Zürich", "baujahr": 1899.0, "grundflaeche_m2": 188.9369665, "gebaeudealter_2026": 127.0, "gebaeude_nutzung": "Gebäude Wohnen", "qualitaet": "AV93", "bev_pers_n": 92.0, "bev_dichte_pha": 92.0 }, "geometry": { "type": "Point", "coordinates": [ 8.529879133242906, 47.373724557313338 ] } },
{ "type": "Feature", "properties": { "egid_int": 149206, "strasse": "Lutherstrasse", "hausnummer": "4", "plz": 8004.0, "ortschaft": "Zürich", "baujahr": 1898.0, "grundflaeche_m2": 186.8826935, "gebaeudealter_2026": 128.0, "gebaeude_nutzung": "Gebäude Verwaltung", "qualitaet": "AV93", "bev_pers_n": 92.0, "bev_dichte_pha": 92.0 }, "geometry": { "type": "Point", "coordinates": [ 8.529753942207883, 47.373816185954283 ] } },
{ "type": "Feature", "properties": { "egid_int": 149207, "strasse": "Lutherstrasse", "hausnummer": "6", "plz": 8004.0, "ortschaft": "Zürich", "baujahr": 1931.0, "grundflaeche_m2": 153.3881495, "gebaeudealter_2026": 95.0, "gebaeude_nutzung": "Gebäude Wohnen", "qualitaet": "AV93", "bev_pers_n": 65.0, "bev_dichte_pha": 65.0 }, "geometry": { "type": "Point", "coordinates": [ 8.529621126867033, 47.373917034507912 ] } },
{ "type": "Feature", "properties": { "egid_int": 149208, "strasse": "Lutherstrasse", "hausnummer": "10", "plz": 8004.0, "ortschaft": "Zürich", "baujahr": 1896.0, "grundflaeche_m2": 149.698039, "gebaeudealter_2026": 130.0, "gebaeude_nutzung": "Gebäude Wohnen", "qualitaet": "AV93", "bev_pers_n": 65.0, "bev_dichte_pha": 65.0 }, "geometry": { "type": "Point", "coordinates": [ 8.529457077586128, 47.374052359341398 ] } },
{ "type": "Feature", "properties": { "egid_int": 149209, "strasse": "Lutherstrasse", "hausnummer": "20", "plz": 8004.0, "ortschaft": "Zürich", "baujahr": 1928.0, "grundflaeche_m2": 302.418045, "gebaeudealter_2026": 98.0, "gebaeude_nutzung": "Gebäude Gastgewerbe", "qualitaet": "AV93", "bev_pers_n": 227.0, "bev_dichte_pha": 227.0 }, "geometry": { "type": "Point", "coordinates": [ 8.529104886051687, 47.37434871890617 ] } },
{ "type": "Feature", "properties": { "egid_int": 149210, "strasse": "Bäckerstrasse", "hausnummer": "31", "plz": 8004.0, "ortschaft": "Zürich", "baujahr": 1897.0, "grundflaeche_m2": 131.3106495, "gebaeudealter_2026": 129.0, "gebaeude_nutzung": "Gebäude Wohnen", "qualitaet": "AV93", "bev_pers_n": 227.0, "bev_dichte_pha": 227.0 }, "geometry": { "type": "Point", "coordinates": [ 8.529061950401207, 47.374660427482489 ] } },
{ "type": "Feature", "properties": { "egid_int": 149211, "strasse": "Bäckerstrasse", "hausnummer": "20", "plz": 8004.0, "ortschaft": "Zürich", "baujahr": 1970.0, "grundflaeche_m2": 177.9495875, "gebaeudealter_2026": 56.0, "gebaeude_nutzung": "Gebäude Wohnen", "qualitaet": "AV93", "bev_pers_n": 201.0, "bev_dichte_pha": 201.0 }, "geometry": { "type": "Point", "coordinates": [ 8.52982228950698, 47.374426498297524 ] } },
{ "type": "Feature", "properties": { "egid_int": 149213, "strasse": "Bäckerstrasse", "hausnummer": "24", "plz": 8004.0, "ortschaft": "Zürich", "baujahr": 1895.0, "grundflaeche_m2": 86.0068625, "gebaeudealter_2026": 131.0, "gebaeude_nutzung": "Gebäude Wohnen", "qualitaet": "AV93", "bev_pers_n": 227.0, "bev_dichte_pha": 227.0 }, "geometry": { "type": "Point", "coordinates": [ 8.529599398067919, 47.374594446762842 ] } },
{ "type": "Feature", "properties": { "egid_int": 149214, "strasse": "Bäckerstrasse", "hausnummer": "30", "plz": 8004.0, "ortschaft": "Zürich", "baujahr": 1895.0, "grundflaeche_m2": 180.310988, "gebaeudealter_2026": 131.0, "gebaeude_nutzung": "Gebäude Wohnen", "qualitaet": "AV93", "bev_pers_n": 227.0, "bev_dichte_pha": 227.0 }, "geometry": { "type": "Point", "coordinates": [ 8.529506839821863, 47.374669611636115 ] } },
{ "type": "Feature", "properties": { "egid_int": 149215, "strasse": "St. Jakobstrasse", "hausnummer": "44", "plz": 8004.0, "ortschaft": "Zürich", "baujahr": 1896.0, "grundflaeche_m2": 116.3782185, "gebaeudealter_2026": 130.0, "gebaeude_nutzung": "Gebäude Wohnen", "qualitaet": "AV93", "bev_pers_n": 201.0, "bev_dichte_pha": 201.0 }, "geometry": { "type": "Point", "coordinates": [ 8.529726255187997, 47.37483574814005 ] } },
{ "type": "Feature", "properties": { "egid_int": 149216, "strasse": "Glasmalergasse", "hausnummer": "5", "plz": 8004.0, "ortschaft": "Zürich", "baujahr": 1878.0, "grundflaeche_m2": 273.086788, "gebaeudealter_2026": 148.0, "gebaeude_nutzung": "Gebäude Wohnen", "qualitaet": "AV93", "bev_pers_n": 201.0, "bev_dichte_pha": 201.0 }, "geometry": { "type": "Point", "coordinates": [ 8.530027324478224, 47.374538970240046 ] } },
{ "type": "Feature", "properties": { "egid_int": 149217, "strasse": "Bäckerstrasse", "hausnummer": "28", "plz": 8004.0, "ortschaft": "Zürich", "baujahr": 1890.0, "grundflaeche_m2": 129.1784245, "gebaeudealter_2026": 136.0, "gebaeude_nutzung": "Gebäude Wohnen", "qualitaet": "AV93", "bev_pers_n": 227.0, "bev_dichte_pha": 227.0 }, "geometry": { "type": "Point", "coordinates": [ 8.529643236994534, 47.374765003045162 ] } },
{ "type": "Feature", "properties": { "egid_int": 149218, "strasse": "Müllerstrasse", "hausnummer": "31", "plz": 8004.0, "ortschaft": "Zürich", "baujahr": 1895.0, "grundflaeche_m2": 175.4811185, "gebaeudealter_2026": 131.0, "gebaeude_nutzung": "Gebäude Wohnen", "qualitaet": "AV93", "bev_pers_n": 201.0, "bev_dichte_pha": 201.0 }, "geometry": { "type": "Point", "coordinates": [ 8.530203544799567, 47.374663020992855 ] } },
{ "type": "Feature", "properties": { "egid_int": 149219, "strasse": "Müllerstrasse", "hausnummer": "33", "plz": 8004.0, "ortschaft": "Zürich", "baujahr": 1895.0, "grundflaeche_m2": 148.511386, "gebaeudealter_2026": 131.0, "gebaeude_nutzung": "Gebäude Wohnen", "qualitaet": "AV93", "bev_pers_n": 201.0, "bev_dichte_pha": 201.0 }, "geometry": { "type": "Point", "coordinates": [ 8.530080895127218, 47.374759204449909 ] } },
{ "type": "Feature", "properties": { "egid_int": 149220, "strasse": "Müllerstrasse", "hausnummer": "34", "plz": 8004.0, "ortschaft": "Zürich", "baujahr": 1890.0, "grundflaeche_m2": 252.880806, "gebaeudealter_2026": 136.0, "gebaeude_nutzung": "Gebäude Wohnen", "qualitaet": "AV93", "bev_pers_n": 201.0, "bev_dichte_pha": 201.0 }, "geometry": { "type": "Point", "coordinates": [ 8.530310158460889, 47.374886891595374 ] } },
{ "type": "Feature", "properties": { "egid_int": 149221, "strasse": "Müllerstrasse", "hausnummer": "35", "plz": 8004.0, "ortschaft": "Zürich", "baujahr": 1895.0, "grundflaeche_m2": 84.7419215, "gebaeudealter_2026": 131.0, "gebaeude_nutzung": "Gebäude Wohnen", "qualitaet": "AV93", "bev_pers_n": 201.0, "bev_dichte_pha": 201.0 }, "geometry": { "type": "Point", "coordinates": [ 8.529980958708984, 47.374846519869934 ] } },
{ "type": "Feature", "properties": { "egid_int": 149222, "strasse": "Müllerstrasse", "hausnummer": "36", "plz": 8004.0, "ortschaft": "Zürich", "baujahr": 1891.0, "grundflaeche_m2": 132.1359445, "gebaeudealter_2026": 135.0, "gebaeude_nutzung": "Gebäude Wohnen", "qualitaet": "AV93", "bev_pers_n": 128.0, "bev_dichte_pha": 128.0 }, "geometry": { "type": "Point", "coordinates": [ 8.530168424872706, 47.374990739434388 ] } },
{ "type": "Feature", "properties": { "egid_int": 149223, "strasse": "Müllerstrasse", "hausnummer": "37", "plz": 8004.0, "ortschaft": "Zürich", "baujahr": 1895.0, "grundflaeche_m2": 162.009171, "gebaeudealter_2026": 131.0, "gebaeude_nutzung": "Gebäude Wohnen", "qualitaet": "AV93", "bev_pers_n": 201.0, "bev_dichte_pha": 201.0 }, "geometry": { "type": "Point", "coordinates": [ 8.52985999326425, 47.37492087399054 ] } },
{ "type": "Feature", "properties": { "egid_int": 149224, "strasse": "Müllerstrasse", "hausnummer": "43", "plz": 8004.0, "ortschaft": "Zürich", "baujahr": 1970.0, "grundflaeche_m2": 355.7071695, "gebaeudealter_2026": 56.0, "gebaeude_nutzung": "Gebäude Wohnen", "qualitaet": "AV93", "bev_pers_n": 240.0, "bev_dichte_pha": 240.0 }, "geometry": { "type": "Point", "coordinates": [ 8.529599341247703, 47.375088540468326 ] } },
{ "type": "Feature", "properties": { "egid_int": 149225, "strasse": "Bäckerstrasse", "hausnummer": "1", "plz": 8004.0, "ortschaft": "Zürich", "baujahr": 1882.0, "grundflaeche_m2": 181.267628, "gebaeudealter_2026": 144.0, "gebaeude_nutzung": "Gebäude Wohnen", "qualitaet": "AV93", "bev_pers_n": 92.0, "bev_dichte_pha": 92.0 }, "geometry": { "type": "Point", "coordinates": [ 8.530138981829316, 47.373746290078579 ] } },
{ "type": "Feature", "properties": { "egid_int": 149226, "strasse": "Bäckerstrasse", "hausnummer": "10", "plz": 8004.0, "ortschaft": "Zürich", "baujahr": 1894.0, "grundflaeche_m2": 178.981754, "gebaeudealter_2026": 132.0, "gebaeude_nutzung": "Gebäude Wohnen", "qualitaet": "AV93", "bev_pers_n": 201.0, "bev_dichte_pha": 201.0 }, "geometry": { "type": "Point", "coordinates": [ 8.530183798404698, 47.374166928491803 ] } },
{ "type": "Feature", "properties": { "egid_int": 149227, "strasse": "Glasmalergasse", "hausnummer": "2", "plz": 8004.0, "ortschaft": "Zürich", "baujahr": 1894.0, "grundflaeche_m2": 162.847, "gebaeudealter_2026": 132.0, "gebaeude_nutzung": "Gebäude Wohnen", "qualitaet": "AV93", "bev_pers_n": 201.0, "bev_dichte_pha": 201.0 }, "geometry": { "type": "Point", "coordinates": [ 8.530060195130961, 47.374286976038121 ] } },
{ "type": "Feature", "properties": { "egid_int": 149228, "strasse": "Glasmalergasse", "hausnummer": "6", "plz": 8004.0, "ortschaft": "Zürich", "baujahr": 1894.0, "grundflaeche_m2": 184.1160705, "gebaeudealter_2026": 132.0, "gebaeude_nutzung": "Gebäude Wohnen", "qualitaet": "AV93", "bev_pers_n": 201.0, "bev_dichte_pha": 201.0 }, "geometry": { "type": "Point", "coordinates": [ 8.53021556695367, 47.374378445523128 ] } },
{ "type": "Feature", "properties": { "egid_int": 149229, "strasse": "Rebgasse", "hausnummer": "5", "plz": 8004.0, "ortschaft": "Zürich", "baujahr": 1937.0, "grundflaeche_m2": 205.5343395, "gebaeudealter_2026": 89.0, "gebaeude_nutzung": "Gebäude Wohnen", "qualitaet": "AV93", "bev_pers_n": 201.0, "bev_dichte_pha": 201.0 }, "geometry": { "type": "Point", "coordinates": [ 8.530400113416578, 47.374246991684053 ] } },
{ "type": "Feature", "properties": { "egid_int": 149232, "strasse": "Badenerstrasse", "hausnummer": "16", "plz": 8004.0, "ortschaft": "Zürich", "baujahr": 1932.0, "grundflaeche_m2": 1296.9345125, "gebaeudealter_2026": 94.0, "gebaeude_nutzung": "Gebäude Verwaltung", "qualitaet": "AV93", "bev_pers_n": 92.0, "bev_dichte_pha": 92.0 }, "geometry": { "type": "Point", "coordinates": [ 8.530668692327106, 47.373782741939912 ] } },
{ "type": "Feature", "properties": { "egid_int": 149233, "strasse": "Müllerstrasse", "hausnummer": "25", "plz": 8004.0, "ortschaft": "Zürich", "baujahr": 1894.0, "grundflaeche_m2": 211.2933735, "gebaeudealter_2026": 132.0, "gebaeude_nutzung": "Gebäude Wohnen", "qualitaet": "AV93", "bev_pers_n": 201.0, "bev_dichte_pha": 201.0 }, "geometry": { "type": "Point", "coordinates": [ 8.530438684326951, 47.374472494751508 ] } },
{ "type": "Feature", "properties": { "egid_int": 149234, "strasse": "Müllerstrasse", "hausnummer": "23", "plz": 8004.0, "ortschaft": "Zürich", "baujahr": 1894.0, "grundflaeche_m2": 206.1209405, "gebaeudealter_2026": 132.0, "gebaeude_nutzung": "Gebäude Wohnen", "qualitaet": "AV93", "bev_pers_n": 201.0, "bev_dichte_pha": 201.0 }, "geometry": { "type": "Point", "coordinates": [ 8.530562823011019, 47.374352747575806 ] } },
{ "type": "Feature", "properties": { "egid_int": 149235, "strasse": "St. Jakobstrasse", "hausnummer": "52", "plz": 8004.0, "ortschaft": "Zürich", "baujahr": 1891.0, "grundflaeche_m2": 149.0870235, "gebaeudealter_2026": 135.0, "gebaeude_nutzung": "Gebäude Wohnen", "qualitaet": "AV93", "bev_pers_n": 128.0, "bev_dichte_pha": 128.0 }, "geometry": { "type": "Point", "coordinates": [ 8.530075896325773, 47.375089336773712 ] } },
{ "type": "Feature", "properties": { "egid_int": 149236, "strasse": "St. Jakobstrasse", "hausnummer": "54", "plz": 8004.0, "ortschaft": "Zürich", "baujahr": 1893.0, "grundflaeche_m2": 199.9497595, "gebaeudealter_2026": 133.0, "gebaeude_nutzung": "Gebäude Wohnen", "qualitaet": "AV93", "bev_pers_n": 128.0, "bev_dichte_pha": 128.0 }, "geometry": { "type": "Point", "coordinates": [ 8.530229870213271, 47.375184849263562 ] } },
{ "type": "Feature", "properties": { "egid_int": 149237, "strasse": "Zeughausstrasse", "hausnummer": "1", "plz": 8004.0, "ortschaft": "Zürich", "baujahr": 1894.0, "grundflaeche_m2": 124.6015425, "gebaeudealter_2026": 132.0, "gebaeude_nutzung": "Gebäude Verwaltung", "qualitaet": "AV93", "bev_pers_n": 42.0, "bev_dichte_pha": 42.0 }, "geometry": { "type": "Point", "coordinates": [ 8.532032822193694, 47.37457488347308 ] } },
{ "type": "Feature", "properties": { "egid_int": 149238, "strasse": "Kasernenstrasse", "hausnummer": "17", "plz": 8004.0, "ortschaft": "Zürich", "baujahr": 1894.0, "grundflaeche_m2": 127.8317175, "gebaeudealter_2026": 132.0, "gebaeude_nutzung": "Gebäude Wohnen", "qualitaet": "AV93", "bev_pers_n": 42.0, "bev_dichte_pha": 42.0 }, "geometry": { "type": "Point", "coordinates": [ 8.531984860402918, 47.374232748971018 ] } },
{ "type": "Feature", "properties": { "egid_int": 149239, "strasse": "Kasernenstrasse", "hausnummer": "15", "plz": 8004.0, "ortschaft": "Zürich", "baujahr": 1874.0, "grundflaeche_m2": 201.945414, "gebaeudealter_2026": 152.0, "gebaeude_nutzung": "Gebäude Wohnen", "qualitaet": "AV93", "bev_pers_n": 42.0, "bev_dichte_pha": 42.0 }, "geometry": { "type": "Point", "coordinates": [ 8.531914409651042, 47.374133749755721 ] } },
{ "type": "Feature", "properties": { "egid_int": 149240, "strasse": "Kasernenstrasse", "hausnummer": "13", "plz": 8004.0, "ortschaft": "Zürich", "baujahr": 1882.0, "grundflaeche_m2": 154.5287915, "gebaeudealter_2026": 144.0, "gebaeude_nutzung": "Gebäude Wohnen", "qualitaet": "AV93", "bev_pers_n": 113.0, "bev_dichte_pha": 113.0 }, "geometry": { "type": "Point", "coordinates": [ 8.531844791220076, 47.374037872924781 ] } },
{ "type": "Feature", "properties": { "egid_int": 149241, "strasse": "Kasernenstrasse", "hausnummer": "19", "plz": 8004.0, "ortschaft": "Zürich", "baujahr": 1894.0, "grundflaeche_m2": 124.132265, "gebaeudealter_2026": 132.0, "gebaeude_nutzung": "Gebäude Wohnen", "qualitaet": "AV93", "bev_pers_n": 42.0, "bev_dichte_pha": 42.0 }, "geometry": { "type": "Point", "coordinates": [ 8.532040110802429, 47.374310492614839 ] } },
{ "type": "Feature", "properties": { "egid_int": 149242, "strasse": "Kasernenstrasse", "hausnummer": "21", "plz": 8004.0, "ortschaft": "Zürich", "baujahr": 1894.0, "grundflaeche_m2": 124.279545, "gebaeudealter_2026": 132.0, "gebaeude_nutzung": "Gebäude Wohnen", "qualitaet": "AV93", "bev_pers_n": 42.0, "bev_dichte_pha": 42.0 }, "geometry": { "type": "Point", "coordinates": [ 8.532100182981532, 47.374387668869964 ] } },
{ "type": "Feature", "properties": { "egid_int": 149243, "strasse": "Müllerstrasse", "hausnummer": "5", "plz": 8004.0, "ortschaft": "Zürich", "baujahr": 1993.0, "grundflaeche_m2": 248.1039685, "gebaeudealter_2026": 33.0, "gebaeude_nutzung": "Gebäude Wohnen", "qualitaet": "AV93", "bev_pers_n": 113.0, "bev_dichte_pha": 113.0 }, "geometry": { "type": "Point", "coordinates": [ 8.531458465546459, 47.373851281544106 ] } },
{ "type": "Feature", "properties": { "egid_int": 149244, "strasse": "Müllerstrasse", "hausnummer": "6", "plz": 8004.0, "ortschaft": "Zürich", "baujahr": 1885.0, "grundflaeche_m2": 125.317182, "gebaeudealter_2026": 141.0, "gebaeude_nutzung": "Gebäude Wohnen", "qualitaet": "AV93", "bev_pers_n": 113.0, "bev_dichte_pha": 113.0 }, "geometry": { "type": "Point", "coordinates": [ 8.531617528732117, 47.37403876423496 ] } },
{ "type": "Feature", "properties": { "egid_int": 149245, "strasse": "Müllerstrasse", "hausnummer": "8", "plz": 8004.0, "ortschaft": "Zürich", "baujahr": 1885.0, "grundflaeche_m2": 137.1863655, "gebaeudealter_2026": 141.0, "gebaeude_nutzung": "Gebäude Wohnen", "qualitaet": "AV93", "bev_pers_n": 42.0, "bev_dichte_pha": 42.0 }, "geometry": { "type": "Point", "coordinates": [ 8.531501076495942, 47.374091498112797 ] } },
{ "type": "Feature", "properties": { "egid_int": 149246, "strasse": "Müllerstrasse", "hausnummer": "10", "plz": 8004.0, "ortschaft": "Zürich", "baujahr": 1885.0, "grundflaeche_m2": 132.3557325, "gebaeudealter_2026": 141.0, "gebaeude_nutzung": "Gebäude Wohnen", "qualitaet": "AV93", "bev_pers_n": 42.0, "bev_dichte_pha": 42.0 }, "geometry": { "type": "Point", "coordinates": [ 8.531362866454423, 47.374149331050688 ] } },
{ "type": "Feature", "properties": { "egid_int": 149247, "strasse": "Badenerstrasse", "hausnummer": "4", "plz": 8004.0, "ortschaft": "Zürich", "baujahr": 1893.0, "grundflaeche_m2": 171.847485, "gebaeudealter_2026": 133.0, "gebaeude_nutzung": "Gebäude Wohnen", "qualitaet": "AV93", "bev_pers_n": 113.0, "bev_dichte_pha": 113.0 }, "geometry": { "type": "Point", "coordinates": [ 8.531333290904744, 47.373576054389737 ] } },
{ "type": "Feature", "properties": { "egid_int": 149248, "strasse": "Zeughausstrasse", "hausnummer": "11", "plz": 8004.0, "ortschaft": "Zürich", "baujahr": 1969.0, "grundflaeche_m2": 1713.8391155, "gebaeudealter_2026": 57.0, "gebaeude_nutzung": "Gebäude Verwaltung", "qualitaet": "AV93", "bev_pers_n": 42.0, "bev_dichte_pha": 42.0 }, "geometry": { "type": "Point", "coordinates": [ 8.531406457164099, 47.374910788007135 ] } },
{ "type": "Feature", "properties": { "egid_int": 149249, "strasse": "Brauerstrasse", "hausnummer": "16", "plz": 8004.0, "ortschaft": "Zürich", "baujahr": 1953.0, "grundflaeche_m2": 475.984384, "gebaeudealter_2026": 73.0, "gebaeude_nutzung": "Gebäude Wohnen", "qualitaet": "AV93", "bev_pers_n": 334.0, "bev_dichte_pha": 334.0 }, "geometry": { "type": "Point", "coordinates": [ 8.528248661743806, 47.377314331029503 ] } },
{ "type": "Feature", "properties": { "egid_int": 149250, "strasse": "Brauerstrasse", "hausnummer": "24", "plz": 8004.0, "ortschaft": "Zürich", "baujahr": 1862.0, "grundflaeche_m2": 109.4259035, "gebaeudealter_2026": 164.0, "gebaeude_nutzung": "Gebäude Wohnen", "qualitaet": "AV93", "bev_pers_n": 334.0, "bev_dichte_pha": 334.0 }, "geometry": { "type": "Point", "coordinates": [ 8.528068819490656, 47.377562034624354 ] } },
{ "type": "Feature", "properties": { "egid_int": 149251, "strasse": "Brauerstrasse", "hausnummer": "26", "plz": 8004.0, "ortschaft": "Zürich", "baujahr": 1862.0, "grundflaeche_m2": 124.256728, "gebaeudealter_2026": 164.0, "gebaeude_nutzung": "Gebäude Wohnen", "qualitaet": "AV93", "bev_pers_n": 334.0, "bev_dichte_pha": 334.0 }, "geometry": { "type": "Point", "coordinates": [ 8.52794967485921, 47.377465435275539 ] } },
{ "type": "Feature", "properties": { "egid_int": 149252, "strasse": "Brauerstrasse", "hausnummer": "30", "plz": 8004.0, "ortschaft": "Zürich", "baujahr": 1861.0, "grundflaeche_m2": 137.885074, "gebaeudealter_2026": 165.0, "gebaeude_nutzung": "Gebäude Wohnen", "qualitaet": "AV93", "bev_pers_n": 334.0, "bev_dichte_pha": 334.0 }, "geometry": { "type": "Point", "coordinates": [ 8.527672001386639, 47.377596179747535 ] } },
{ "type": "Feature", "properties": { "egid_int": 149253, "strasse": "Brauerstrasse", "hausnummer": "34", "plz": 8004.0, "ortschaft": "Zürich", "baujahr": 1864.0, "grundflaeche_m2": 130.090381, "gebaeudealter_2026": 162.0, "gebaeude_nutzung": "Gebäude Wohnen", "qualitaet": "AV93", "bev_pers_n": 260.0, "bev_dichte_pha": 260.0 }, "geometry": { "type": "Point", "coordinates": [ 8.527455268308318, 47.37773077475277 ] } },
{ "type": "Feature", "properties": { "egid_int": 149254, "strasse": "Brauerstrasse", "hausnummer": "36", "plz": 8004.0, "ortschaft": "Zürich", "baujahr": 1869.0, "grundflaeche_m2": 179.546516, "gebaeudealter_2026": 157.0, "gebaeude_nutzung": "Gebäude Wohnen", "qualitaet": "AV93", "bev_pers_n": 260.0, "bev_dichte_pha": 260.0 }, "geometry": { "type": "Point", "coordinates": [ 8.527265060174969, 47.377821978814715 ] } },
{ "type": "Feature", "properties": { "egid_int": 149255, "strasse": "Brauerstrasse", "hausnummer": "38", "plz": 8004.0, "ortschaft": "Zürich", "baujahr": 1864.0, "grundflaeche_m2": 234.485498, "gebaeudealter_2026": 162.0, "gebaeude_nutzung": "Gebäude Handel", "qualitaet": "AV93", "bev_pers_n": 260.0, "bev_dichte_pha": 260.0 }, "geometry": { "type": "Point", "coordinates": [ 8.527421910503371, 47.377892857263269 ] } },
{ "type": "Feature", "properties": { "egid_int": 149256, "strasse": "Brauerstrasse", "hausnummer": "42", "plz": 8004.0, "ortschaft": "Zürich", "baujahr": 1891.0, "grundflaeche_m2": 183.845164, "gebaeudealter_2026": 135.0, "gebaeude_nutzung": "Gebäude Wohnen", "qualitaet": "AV93", "bev_pers_n": 204.0, "bev_dichte_pha": 204.0 }, "geometry": { "type": "Point", "coordinates": [ 8.527090934326411, 47.377910899182318 ] } },
{ "type": "Feature", "properties": { "egid_int": 149259, "strasse": "Brauerstrasse", "hausnummer": "40", "plz": 8004.0, "ortschaft": "Zürich", "baujahr": 1862.0, "grundflaeche_m2": 91.45149, "gebaeudealter_2026": 164.0, "gebaeude_nutzung": "Gebäude Wohnen", "qualitaet": "AV93", "bev_pers_n": 260.0, "bev_dichte_pha": 260.0 }, "geometry": { "type": "Point", "coordinates": [ 8.527179740361593, 47.378026998843083 ] } },
{ "type": "Feature", "properties": { "egid_int": 149260, "strasse": "Langstrasse", "hausnummer": "92", "plz": 8004.0, "ortschaft": "Zürich", "baujahr": 1876.0, "grundflaeche_m2": 162.8140065, "gebaeudealter_2026": 150.0, "gebaeude_nutzung": "Gebäude Wohnen", "qualitaet": "AV93", "bev_pers_n": 204.0, "bev_dichte_pha": 204.0 }, "geometry": { "type": "Point", "coordinates": [ 8.526953985765298, 47.378120075483423 ] } },
{ "type": "Feature", "properties": { "egid_int": 149262, "strasse": "Dienerstrasse", "hausnummer": "7", "plz": 8004.0, "ortschaft": "Zürich", "baujahr": 1977.0, "grundflaeche_m2": 711.0105445, "gebaeudealter_2026": 49.0, "gebaeude_nutzung": "Gebäude Wohnen", "qualitaet": "AV93", "bev_pers_n": 193.0, "bev_dichte_pha": 193.0 }, "geometry": { "type": "Point", "coordinates": [ 8.528707216246829, 47.377475838787831 ] } },
{ "type": "Feature", "properties": { "egid_int": 149263, "strasse": "Dienerstrasse", "hausnummer": "15", "plz": 8004.0, "ortschaft": "Zürich", "baujahr": 1971.0, "grundflaeche_m2": 530.5499595, "gebaeudealter_2026": 55.0, "gebaeude_nutzung": "Gebäude Wohnen", "qualitaet": "AV93", "bev_pers_n": 334.0, "bev_dichte_pha": 334.0 }, "geometry": { "type": "Point", "coordinates": [ 8.528352243814846, 47.377653684121505 ] } },
{ "type": "Feature", "properties": { "egid_int": 149264, "strasse": "Dienerstrasse", "hausnummer": "19", "plz": 8004.0, "ortschaft": "Zürich", "baujahr": 1865.0, "grundflaeche_m2": 95.2776495, "gebaeudealter_2026": 161.0, "gebaeude_nutzung": "Gebäude Wohnen", "qualitaet": "AV93", "bev_pers_n": 260.0, "bev_dichte_pha": 260.0 }, "geometry": { "type": "Point", "coordinates": [ 8.528155613383406, 47.377762958470747 ] } },
{ "type": "Feature", "properties": { "egid_int": 149265, "strasse": "Dienerstrasse", "hausnummer": "21", "plz": 8004.0, "ortschaft": "Zürich", "baujahr": 1865.0, "grundflaeche_m2": 145.218834, "gebaeudealter_2026": 161.0, "gebaeude_nutzung": "Gebäude Wohnen", "qualitaet": "AV93", "bev_pers_n": 260.0, "bev_dichte_pha": 260.0 }, "geometry": { "type": "Point", "coordinates": [ 8.527990399323841, 47.377843349749064 ] } },
{ "type": "Feature", "properties": { "egid_int": 149266, "strasse": "Dienerstrasse", "hausnummer": "25", "plz": 8004.0, "ortschaft": "Zürich", "baujahr": 1865.0, "grundflaeche_m2": 84.219004, "gebaeudealter_2026": 161.0, "gebaeude_nutzung": "Gebäude Wohnen", "qualitaet": "AV93", "bev_pers_n": 260.0, "bev_dichte_pha": 260.0 }, "geometry": { "type": "Point", "coordinates": [ 8.527827826142788, 47.377925982652755 ] } },
{ "type": "Feature", "properties": { "egid_int": 149267, "strasse": "Dienerstrasse", "hausnummer": "27", "plz": 8004.0, "ortschaft": "Zürich", "baujahr": 1865.0, "grundflaeche_m2": 83.4563025, "gebaeudealter_2026": 161.0, "gebaeude_nutzung": "Gebäude Wohnen", "qualitaet": "AV93", "bev_pers_n": 260.0, "bev_dichte_pha": 260.0 }, "geometry": { "type": "Point", "coordinates": [ 8.527731214897162, 47.377976240715412 ] } },
{ "type": "Feature", "properties": { "egid_int": 149268, "strasse": "Dienerstrasse", "hausnummer": "29", "plz": 8004.0, "ortschaft": "Zürich", "baujahr": 1864.0, "grundflaeche_m2": 82.1184075, "gebaeudealter_2026": 162.0, "gebaeude_nutzung": "Gebäude Wohnen", "qualitaet": "AV93", "bev_pers_n": 260.0, "bev_dichte_pha": 260.0 }, "geometry": { "type": "Point", "coordinates": [ 8.527608864656969, 47.378059798369762 ] } },
{ "type": "Feature", "properties": { "egid_int": 149269, "strasse": "Langstrasse", "hausnummer": "104", "plz": 8004.0, "ortschaft": "Zürich", "baujahr": 1893.0, "grundflaeche_m2": 276.8679005, "gebaeudealter_2026": 133.0, "gebaeude_nutzung": "Gebäude Wohnen", "qualitaet": "AV93", "bev_pers_n": 203.0, "bev_dichte_pha": 203.0 }, "geometry": { "type": "Point", "coordinates": [ 8.527262651465373, 47.378644163656539 ] } },
{ "type": "Feature", "properties": { "egid_int": 149270, "strasse": "Langstrasse", "hausnummer": "106", "plz": 8004.0, "ortschaft": "Zürich", "baujahr": 1895.0, "grundflaeche_m2": 100.1062655, "gebaeudealter_2026": 131.0, "gebaeude_nutzung": "Gebäude Wohnen", "qualitaet": "AV93", "bev_pers_n": 203.0, "bev_dichte_pha": 203.0 }, "geometry": { "type": "Point", "coordinates": [ 8.527644235905766, 47.378631446066827 ] } },
{ "type": "Feature", "properties": { "egid_int": 149271, "strasse": "Langstrasse", "hausnummer": "108", "plz": 8004.0, "ortschaft": "Zürich", "baujahr": 1891.0, "grundflaeche_m2": 119.6406845, "gebaeudealter_2026": 135.0, "gebaeude_nutzung": "Gebäude Wohnen", "qualitaet": "AV93", "bev_pers_n": 203.0, "bev_dichte_pha": 203.0 }, "geometry": { "type": "Point", "coordinates": [ 8.527366281979607, 47.378761760571365 ] } },
{ "type": "Feature", "properties": { "egid_int": 149272, "strasse": "Langstrasse", "hausnummer": "110", "plz": 8004.0, "ortschaft": "Zürich", "baujahr": 1891.0, "grundflaeche_m2": 82.293197695000003, "gebaeudealter_2026": 135.0, "gebaeude_nutzung": "Gebäude Wohnen", "qualitaet": "AV93", "bev_pers_n": 203.0, "bev_dichte_pha": 203.0 }, "geometry": { "type": "Point", "coordinates": [ 8.527378815779706, 47.378835312393619 ] } },
{ "type": "Feature", "properties": { "egid_int": 149273, "strasse": "Dienerstrasse", "hausnummer": "30", "plz": 8004.0, "ortschaft": "Zürich", "baujahr": 1894.0, "grundflaeche_m2": 116.451768, "gebaeudealter_2026": 132.0, "gebaeude_nutzung": "Gebäude Wohnen", "qualitaet": "AV93", "bev_pers_n": 260.0, "bev_dichte_pha": 260.0 }, "geometry": { "type": "Point", "coordinates": [ 8.527676047448194, 47.37827120680678 ] } },
{ "type": "Feature", "properties": { "egid_int": 149274, "strasse": "Dienerstrasse", "hausnummer": "32", "plz": 8004.0, "ortschaft": "Zürich", "baujahr": 1894.0, "grundflaeche_m2": 117.567968, "gebaeudealter_2026": 132.0, "gebaeude_nutzung": "Gebäude Wohnen", "qualitaet": "AV93", "bev_pers_n": 260.0, "bev_dichte_pha": 260.0 }, "geometry": { "type": "Point", "coordinates": [ 8.527557388750417, 47.378325477488971 ] } },
{ "type": "Feature", "properties": { "egid_int": 149275, "strasse": "Dienerstrasse", "hausnummer": "36", "plz": 8004.0, "ortschaft": "Zürich", "baujahr": 1893.0, "grundflaeche_m2": 210.508261, "gebaeudealter_2026": 133.0, "gebaeude_nutzung": "Gebäude Wohnen", "qualitaet": "AV93", "bev_pers_n": 260.0, "bev_dichte_pha": 260.0 }, "geometry": { "type": "Point", "coordinates": [ 8.527412279646329, 47.378400928966791 ] } },
{ "type": "Feature", "properties": { "egid_int": 149276, "strasse": "Dienerstrasse", "hausnummer": "40", "plz": 8004.0, "ortschaft": "Zürich", "baujahr": 1879.0, "grundflaeche_m2": 200.533051, "gebaeudealter_2026": 147.0, "gebaeude_nutzung": "Gebäude Wohnen", "qualitaet": "AV93", "bev_pers_n": 260.0, "bev_dichte_pha": 260.0 }, "geometry": { "type": "Point", "coordinates": [ 8.527227319854612, 47.378486623427214 ] } },
{ "type": "Feature", "properties": { "egid_int": 149277, "strasse": "Dienerstrasse", "hausnummer": "26", "plz": 8004.0, "ortschaft": "Zürich", "baujahr": 1893.0, "grundflaeche_m2": 121.3696165, "gebaeudealter_2026": 133.0, "gebaeude_nutzung": "Gebäude Wohnen", "qualitaet": "AV93", "bev_pers_n": 260.0, "bev_dichte_pha": 260.0 }, "geometry": { "type": "Point", "coordinates": [ 8.527986202204286, 47.378098022983913 ] } },
{ "type": "Feature", "properties": { "egid_int": 149278, "strasse": "Dienerstrasse", "hausnummer": "28", "plz": 8004.0, "ortschaft": "Zürich", "baujahr": 1894.0, "grundflaeche_m2": 238.2883585, "gebaeudealter_2026": 132.0, "gebaeude_nutzung": "Gebäude Wohnen", "qualitaet": "AV93", "bev_pers_n": 260.0, "bev_dichte_pha": 260.0 }, "geometry": { "type": "Point", "coordinates": [ 8.527786254539521, 47.378208389371324 ] } },
{ "type": "Feature", "properties": { "egid_int": 149279, "strasse": "Tellstrasse", "hausnummer": "2", "plz": 8004.0, "ortschaft": "Zürich", "baujahr": 1887.0, "grundflaeche_m2": 150.525581, "gebaeudealter_2026": 139.0, "gebaeude_nutzung": "Gebäude Wohnen", "qualitaet": "AV93", "bev_pers_n": 260.0, "bev_dichte_pha": 260.0 }, "geometry": { "type": "Point", "coordinates": [ 8.528255116254838, 47.377961711484666 ] } },
{ "type": "Feature", "properties": { "egid_int": 149280, "strasse": "Tellstrasse", "hausnummer": "3", "plz": 8004.0, "ortschaft": "Zürich", "baujahr": 1893.0, "grundflaeche_m2": 185.129141, "gebaeudealter_2026": 133.0, "gebaeude_nutzung": "Gebäude Wohnen", "qualitaet": "AV93", "bev_pers_n": 260.0, "bev_dichte_pha": 260.0 }, "geometry": { "type": "Point", "coordinates": [ 8.528102969664387, 47.378168954668077 ] } },
{ "type": "Feature", "properties": { "egid_int": 149281, "strasse": "Tellstrasse", "hausnummer": "4", "plz": 8004.0, "ortschaft": "Zürich", "baujahr": 1887.0, "grundflaeche_m2": 106.983214, "gebaeudealter_2026": 139.0, "gebaeude_nutzung": "Gebäude Wohnen", "qualitaet": "AV93", "bev_pers_n": 260.0, "bev_dichte_pha": 260.0 }, "geometry": { "type": "Point", "coordinates": [ 8.528388012036888, 47.378095402577046 ] } },
{ "type": "Feature", "properties": { "egid_int": 149282, "strasse": "Tellstrasse", "hausnummer": "10", "plz": 8004.0, "ortschaft": "Zürich", "baujahr": 1887.0, "grundflaeche_m2": 106.1307515, "gebaeudealter_2026": 139.0, "gebaeude_nutzung": "Gebäude Wohnen", "qualitaet": "AV93", "bev_pers_n": 239.0, "bev_dichte_pha": 239.0 }, "geometry": { "type": "Point", "coordinates": [ 8.52861368495415, 47.378302157992096 ] } },
{ "type": "Feature", "properties": { "egid_int": 149283, "strasse": "Tellstrasse", "hausnummer": "8", "plz": 8004.0, "ortschaft": "Zürich", "baujahr": 1887.0, "grundflaeche_m2": 106.1124475, "gebaeudealter_2026": 139.0, "gebaeude_nutzung": "Gebäude Wohnen", "qualitaet": "AV93", "bev_pers_n": 239.0, "bev_dichte_pha": 239.0 }, "geometry": { "type": "Point", "coordinates": [ 8.528466383143957, 47.378170564002197 ] } },
{ "type": "Feature", "properties": { "egid_int": 149284, "strasse": "Dienerstrasse", "hausnummer": "4", "plz": 8004.0, "ortschaft": "Zürich", "baujahr": 1881.0, "grundflaeche_m2": 88.7883735, "gebaeudealter_2026": 145.0, "gebaeude_nutzung": "Gebäude Wohnen", "qualitaet": "AV93", "bev_pers_n": 239.0, "bev_dichte_pha": 239.0 }, "geometry": { "type": "Point", "coordinates": [ 8.529205073864713, 47.377703177753361 ] } },
{ "type": "Feature", "properties": { "egid_int": 149285, "strasse": "Dienerstrasse", "hausnummer": "6", "plz": 8004.0, "ortschaft": "Zürich", "baujahr": 1881.0, "grundflaeche_m2": 92.4233555, "gebaeudealter_2026": 145.0, "gebaeude_nutzung": "Gebäude Wohnen", "qualitaet": "AV93", "bev_pers_n": 193.0, "bev_dichte_pha": 193.0 }, "geometry": { "type": "Point", "coordinates": [ 8.529046753457287, 47.377558591615724 ] } },
{ "type": "Feature", "properties": { "egid_int": 149286, "strasse": null, "hausnummer": null, "plz": null, "ortschaft": null, "baujahr": 1881.0, "grundflaeche_m2": 93.050542, "gebaeudealter_2026": 145.0, "gebaeude_nutzung": "Gebäude Wohnen", "qualitaet": "AV93", "bev_pers_n": 193.0, "bev_dichte_pha": 193.0 }, "geometry": { "type": "Point", "coordinates": [ 8.528950979242506, 47.377607601495029 ] } },
{ "type": "Feature", "properties": { "egid_int": 149287, "strasse": "Dienerstrasse", "hausnummer": "20", "plz": 8004.0, "ortschaft": "Zürich", "baujahr": 1896.0, "grundflaeche_m2": 226.2502945, "gebaeudealter_2026": 130.0, "gebaeude_nutzung": "Gebäude Gastgewerbe", "qualitaet": "AV93", "bev_pers_n": 239.0, "bev_dichte_pha": 239.0 }, "geometry": { "type": "Point", "coordinates": [ 8.528525207532564, 47.377861665528712 ] } },
{ "type": "Feature", "properties": { "egid_int": 149289, "strasse": "Brauerstrasse", "hausnummer": "4", "plz": 8004.0, "ortschaft": "Zürich", "baujahr": 1982.0, "grundflaeche_m2": 687.6000445, "gebaeudealter_2026": 44.0, "gebaeude_nutzung": "Gebäude Wohnen", "qualitaet": "AV93", "bev_pers_n": 193.0, "bev_dichte_pha": 193.0 }, "geometry": { "type": "Point", "coordinates": [ 8.528666442115501, 47.377099616030257 ] } },
{ "type": "Feature", "properties": { "egid_int": 149290, "strasse": "Kanonengasse", "hausnummer": "15", "plz": 8004.0, "ortschaft": "Zürich", "baujahr": 1878.0, "grundflaeche_m2": 104.0105, "gebaeudealter_2026": 148.0, "gebaeude_nutzung": "Gebäude Wohnen", "qualitaet": "AV93", "bev_pers_n": 193.0, "bev_dichte_pha": 193.0 }, "geometry": { "type": "Point", "coordinates": [ 8.529288267474218, 47.377449017893419 ] } },
{ "type": "Feature", "properties": { "egid_int": 149291, "strasse": "Kanonengasse", "hausnummer": "17", "plz": 8004.0, "ortschaft": "Zürich", "baujahr": 1878.0, "grundflaeche_m2": 153.656502, "gebaeudealter_2026": 148.0, "gebaeude_nutzung": "Gebäude Wohnen", "qualitaet": "AV93", "bev_pers_n": 193.0, "bev_dichte_pha": 193.0 }, "geometry": { "type": "Point", "coordinates": [ 8.529384920386892, 47.377563980402307 ] } },
{ "type": "Feature", "properties": { "egid_int": 149292, "strasse": "Kanonengasse", "hausnummer": "19", "plz": 8004.0, "ortschaft": "Zürich", "baujahr": 1893.0, "grundflaeche_m2": 160.283011, "gebaeudealter_2026": 133.0, "gebaeude_nutzung": "Gebäude Wohnen", "qualitaet": "AV93", "bev_pers_n": 193.0, "bev_dichte_pha": 193.0 }, "geometry": { "type": "Point", "coordinates": [ 8.529520940893908, 47.377682672846383 ] } },
{ "type": "Feature", "properties": { "egid_int": 149293, "strasse": "Kanonengasse", "hausnummer": "29", "plz": 8004.0, "ortschaft": "Zürich", "baujahr": 1892.0, "grundflaeche_m2": 230.505654, "gebaeudealter_2026": 134.0, "gebaeude_nutzung": "Gebäude Wohnen", "qualitaet": "AV93", "bev_pers_n": 87.0, "bev_dichte_pha": 87.0 }, "geometry": { "type": "Point", "coordinates": [ 8.529805953597384, 47.377966241586812 ] } },
{ "type": "Feature", "properties": { "egid_int": 149294, "strasse": "Dienerstrasse", "hausnummer": "2", "plz": 8004.0, "ortschaft": "Zürich", "baujahr": 1878.0, "grundflaeche_m2": 100.946333, "gebaeudealter_2026": 148.0, "gebaeude_nutzung": "Gebäude Wohnen", "qualitaet": "AV93", "bev_pers_n": 193.0, "bev_dichte_pha": 193.0 }, "geometry": { "type": "Point", "coordinates": [ 8.529185316031722, 47.3774915472911 ] } },
{ "type": "Feature", "properties": { "egid_int": 149295, "strasse": "Dienerstrasse", "hausnummer": "16", "plz": 8004.0, "ortschaft": "Zürich", "baujahr": 1881.0, "grundflaeche_m2": 92.7501685, "gebaeudealter_2026": 145.0, "gebaeude_nutzung": "Gebäude Wohnen", "qualitaet": "AV93", "bev_pers_n": 239.0, "bev_dichte_pha": 239.0 }, "geometry": { "type": "Point", "coordinates": [ 8.528696536605295, 47.377730654236665 ] } },
{ "type": "Feature", "properties": { "egid_int": 149296, "strasse": "Zwinglistrasse", "hausnummer": "3", "plz": 8004.0, "ortschaft": "Zürich", "baujahr": 1893.0, "grundflaeche_m2": 188.2316625, "gebaeudealter_2026": 133.0, "gebaeude_nutzung": "Gebäude Wohnen", "qualitaet": "AV93", "bev_pers_n": 239.0, "bev_dichte_pha": 239.0 }, "geometry": { "type": "Point", "coordinates": [ 8.529610650910243, 47.377808404918738 ] } },
{ "type": "Feature", "properties": { "egid_int": 149297, "strasse": "Zwinglistrasse", "hausnummer": "6", "plz": 8004.0, "ortschaft": "Zürich", "baujahr": 1894.0, "grundflaeche_m2": 98.92122, "gebaeudealter_2026": 132.0, "gebaeude_nutzung": "Gebäude Wohnen", "qualitaet": "AV93", "bev_pers_n": 239.0, "bev_dichte_pha": 239.0 }, "geometry": { "type": "Point", "coordinates": [ 8.529611838288485, 47.378052737024511 ] } },
{ "type": "Feature", "properties": { "egid_int": 149298, "strasse": "Zwinglistrasse", "hausnummer": "7", "plz": 8004.0, "ortschaft": "Zürich", "baujahr": 1881.0, "grundflaeche_m2": 98.702175, "gebaeudealter_2026": 145.0, "gebaeude_nutzung": "Gebäude Wohnen", "qualitaet": "AV93", "bev_pers_n": 239.0, "bev_dichte_pha": 239.0 }, "geometry": { "type": "Point", "coordinates": [ 8.529413077649549, 47.377896749699374 ] } },
{ "type": "Feature", "properties": { "egid_int": 149299, "strasse": "Zwinglistrasse", "hausnummer": "8", "plz": 8004.0, "ortschaft": "Zürich", "baujahr": 1894.0, "grundflaeche_m2": 162.963543, "gebaeudealter_2026": 132.0, "gebaeude_nutzung": "Gebäude Wohnen", "qualitaet": "AV93", "bev_pers_n": 239.0, "bev_dichte_pha": 239.0 }, "geometry": { "type": "Point", "coordinates": [ 8.52949592652128, 47.37811104957575 ] } },
{ "type": "Feature", "properties": { "egid_int": 149300, "strasse": "Zwinglistrasse", "hausnummer": "9", "plz": 8004.0, "ortschaft": "Zürich", "baujahr": 1881.0, "grundflaeche_m2": 107.395475, "gebaeudealter_2026": 145.0, "gebaeude_nutzung": "Gebäude Wohnen", "qualitaet": "AV93", "bev_pers_n": 239.0, "bev_dichte_pha": 239.0 }, "geometry": { "type": "Point", "coordinates": [ 8.52930502449146, 47.377950157481692 ] } },
{ "type": "Feature", "properties": { "egid_int": 149301, "strasse": "Zwinglistrasse", "hausnummer": "10", "plz": 8004.0, "ortschaft": "Zürich", "baujahr": 1894.0, "grundflaeche_m2": 98.953488, "gebaeudealter_2026": 132.0, "gebaeude_nutzung": "Gebäude Wohnen", "qualitaet": "AV93", "bev_pers_n": 239.0, "bev_dichte_pha": 239.0 }, "geometry": { "type": "Point", "coordinates": [ 8.529370635642845, 47.378178274772459 ] } },
{ "type": "Feature", "properties": { "egid_int": 149302, "strasse": "Zwinglistrasse", "hausnummer": "11", "plz": 8004.0, "ortschaft": "Zürich", "baujahr": 1895.0, "grundflaeche_m2": 67.474516, "gebaeudealter_2026": 131.0, "gebaeude_nutzung": "Gebäude Wohnen", "qualitaet": "AV93", "bev_pers_n": 239.0, "bev_dichte_pha": 239.0 }, "geometry": { "type": "Point", "coordinates": [ 8.52917631876139, 47.377818766595297 ] } },
{ "type": "Feature", "properties": { "egid_int": 149303, "strasse": "Zwinglistrasse", "hausnummer": "15", "plz": 8004.0, "ortschaft": "Zürich", "baujahr": 1881.0, "grundflaeche_m2": 147.658246, "gebaeudealter_2026": 145.0, "gebaeude_nutzung": "Gebäude Wohnen", "qualitaet": "AV93", "bev_pers_n": 239.0, "bev_dichte_pha": 239.0 }, "geometry": { "type": "Point", "coordinates": [ 8.52916725452878, 47.378029454789619 ] } },
{ "type": "Feature", "properties": { "egid_int": 149304, "strasse": "Zwinglistrasse", "hausnummer": "17", "plz": 8004.0, "ortschaft": "Zürich", "baujahr": 1881.0, "grundflaeche_m2": 99.226529, "gebaeudealter_2026": 145.0, "gebaeude_nutzung": "Gebäude Wohnen", "qualitaet": "AV93", "bev_pers_n": 239.0, "bev_dichte_pha": 239.0 }, "geometry": { "type": "Point", "coordinates": [ 8.529062564207557, 47.378081553285647 ] } },
{ "type": "Feature", "properties": { "egid_int": 149305, "strasse": "Zwinglistrasse", "hausnummer": "12", "plz": 8004.0, "ortschaft": "Zürich", "baujahr": 1894.0, "grundflaeche_m2": 161.5677415, "gebaeudealter_2026": 132.0, "gebaeude_nutzung": "Gebäude Wohnen", "qualitaet": "AV93", "bev_pers_n": 239.0, "bev_dichte_pha": 239.0 }, "geometry": { "type": "Point", "coordinates": [ 8.529249256232832, 47.378236045016457 ] } },
{ "type": "Feature", "properties": { "egid_int": 149306, "strasse": "Zwinglistrasse", "hausnummer": "14", "plz": 8004.0, "ortschaft": "Zürich", "baujahr": 1894.0, "grundflaeche_m2": 154.382149, "gebaeudealter_2026": 132.0, "gebaeude_nutzung": "Gebäude Gastgewerbe", "qualitaet": "AV93", "bev_pers_n": 239.0, "bev_dichte_pha": 239.0 }, "geometry": { "type": "Point", "coordinates": [ 8.529064526232339, 47.378328270741129 ] } },
{ "type": "Feature", "properties": { "egid_int": 149307, "strasse": "Zwinglistrasse", "hausnummer": "23", "plz": 8004.0, "ortschaft": "Zürich", "baujahr": 1895.0, "grundflaeche_m2": 182.4255935, "gebaeudealter_2026": 131.0, "gebaeude_nutzung": "Gebäude Wohnen", "qualitaet": "AV93", "bev_pers_n": 239.0, "bev_dichte_pha": 239.0 }, "geometry": { "type": "Point", "coordinates": [ 8.528848823401601, 47.378181086689146 ] } },
{ "type": "Feature", "properties": { "egid_int": 149308, "strasse": "Zwinglistrasse", "hausnummer": "25", "plz": 8004.0, "ortschaft": "Zürich", "baujahr": 1896.0, "grundflaeche_m2": 90.904884, "gebaeudealter_2026": 130.0, "gebaeude_nutzung": "Gebäude Wohnen", "qualitaet": "AV93", "bev_pers_n": 239.0, "bev_dichte_pha": 239.0 }, "geometry": { "type": "Point", "coordinates": [ 8.528717636181595, 47.378252729442714 ] } },
{ "type": "Feature", "properties": { "egid_int": 149309, "strasse": "Zwinglistrasse", "hausnummer": "18", "plz": 8004.0, "ortschaft": "Zürich", "baujahr": 1893.0, "grundflaeche_m2": 92.872002, "gebaeudealter_2026": 133.0, "gebaeude_nutzung": "Gebäude Wohnen", "qualitaet": "AV93", "bev_pers_n": 239.0, "bev_dichte_pha": 239.0 }, "geometry": { "type": "Point", "coordinates": [ 8.528962859452607, 47.378374133967171 ] } },
{ "type": "Feature", "properties": { "egid_int": 149310, "strasse": "Zwinglistrasse", "hausnummer": "22", "plz": 8004.0, "ortschaft": "Zürich", "baujahr": 1889.0, "grundflaeche_m2": 174.7879605, "gebaeudealter_2026": 137.0, "gebaeude_nutzung": "Gebäude Wohnen", "qualitaet": "AV93", "bev_pers_n": 239.0, "bev_dichte_pha": 239.0 }, "geometry": { "type": "Point", "coordinates": [ 8.528828582628321, 47.378435236742803 ] } },
{ "type": "Feature", "properties": { "egid_int": 149311, "strasse": "Zwinglistrasse", "hausnummer": "24", "plz": 8004.0, "ortschaft": "Zürich", "baujahr": 1887.0, "grundflaeche_m2": 168.6311375, "gebaeudealter_2026": 139.0, "gebaeude_nutzung": "Gebäude Wohnen", "qualitaet": "AV93", "bev_pers_n": 239.0, "bev_dichte_pha": 239.0 }, "geometry": { "type": "Point", "coordinates": [ 8.528538793655622, 47.378592759082238 ] } },
{ "type": "Feature", "properties": { "egid_int": 149312, "strasse": "Zwinglistrasse", "hausnummer": "26", "plz": 8004.0, "ortschaft": "Zürich", "baujahr": 1898.0, "grundflaeche_m2": 106.8632585, "gebaeudealter_2026": 128.0, "gebaeude_nutzung": "Gebäude Wohnen", "qualitaet": "AV93", "bev_pers_n": 203.0, "bev_dichte_pha": 203.0 }, "geometry": { "type": "Point", "coordinates": [ 8.52841624438885, 47.378819440670945 ] } },
{ "type": "Feature", "properties": { "egid_int": 149313, "strasse": "Zwinglistrasse", "hausnummer": "27", "plz": 8004.0, "ortschaft": "Zürich", "baujahr": 1889.0, "grundflaeche_m2": 259.0420835, "gebaeudealter_2026": 137.0, "gebaeude_nutzung": "Gebäude Wohnen", "qualitaet": "AV93", "bev_pers_n": 260.0, "bev_dichte_pha": 260.0 }, "geometry": { "type": "Point", "coordinates": [ 8.528360310318911, 47.378420648324159 ] } },
{ "type": "Feature", "properties": { "egid_int": 149314, "strasse": "Zwinglistrasse", "hausnummer": "28", "plz": 8004.0, "ortschaft": "Zürich", "baujahr": 1896.0, "grundflaeche_m2": 140.335679, "gebaeudealter_2026": 130.0, "gebaeude_nutzung": "Gebäude Wohnen", "qualitaet": "AV93", "bev_pers_n": 203.0, "bev_dichte_pha": 203.0 }, "geometry": { "type": "Point", "coordinates": [ 8.528287339716883, 47.378708109804258 ] } },
{ "type": "Feature", "properties": { "egid_int": 149315, "strasse": "Zwinglistrasse", "hausnummer": "30", "plz": 8004.0, "ortschaft": "Zürich", "baujahr": 1896.0, "grundflaeche_m2": 157.049179, "gebaeudealter_2026": 130.0, "gebaeude_nutzung": "Gebäude Wohnen", "qualitaet": "AV93", "bev_pers_n": 203.0, "bev_dichte_pha": 203.0 }, "geometry": { "type": "Point", "coordinates": [ 8.528160663734656, 47.37878092368166 ] } },
{ "type": "Feature", "properties": { "egid_int": 149316, "strasse": "Zwinglistrasse", "hausnummer": "31", "plz": 8004.0, "ortschaft": "Zürich", "baujahr": 1893.0, "grundflaeche_m2": 90.9792055, "gebaeudealter_2026": 133.0, "gebaeude_nutzung": "Gebäude Wohnen", "qualitaet": "AV93", "bev_pers_n": 260.0, "bev_dichte_pha": 260.0 }, "geometry": { "type": "Point", "coordinates": [ 8.528012448762809, 47.378438798165973 ] } },
{ "type": "Feature", "properties": { "egid_int": 149317, "strasse": "Zwinglistrasse", "hausnummer": "33", "plz": 8004.0, "ortschaft": "Zürich", "baujahr": 1892.0, "grundflaeche_m2": 176.471308, "gebaeudealter_2026": 134.0, "gebaeude_nutzung": "Gebäude Wohnen", "qualitaet": "AV93", "bev_pers_n": 260.0, "bev_dichte_pha": 260.0 }, "geometry": { "type": "Point", "coordinates": [ 8.528147547266538, 47.37853575070374 ] } },
{ "type": "Feature", "properties": { "egid_int": 149318, "strasse": "Zwinglistrasse", "hausnummer": "35", "plz": 8004.0, "ortschaft": "Zürich", "baujahr": 1894.0, "grundflaeche_m2": 205.706493, "gebaeudealter_2026": 132.0, "gebaeude_nutzung": "Gebäude Wohnen", "qualitaet": "AV93", "bev_pers_n": 203.0, "bev_dichte_pha": 203.0 }, "geometry": { "type": "Point", "coordinates": [ 8.527949919589341, 47.378624920975732 ] } },
{ "type": "Feature", "properties": { "egid_int": 149319, "strasse": "Zwinglistrasse", "hausnummer": "37", "plz": 8004.0, "ortschaft": "Zürich", "baujahr": 1894.0, "grundflaeche_m2": 92.18328, "gebaeudealter_2026": 132.0, "gebaeude_nutzung": "Gebäude Wohnen", "qualitaet": "AV93", "bev_pers_n": 203.0, "bev_dichte_pha": 203.0 }, "geometry": { "type": "Point", "coordinates": [ 8.527858635830501, 47.378678016317863 ] } },
{ "type": "Feature", "properties": { "egid_int": 149320, "strasse": "Zwinglistrasse", "hausnummer": "32", "plz": 8004.0, "ortschaft": "Zürich", "baujahr": 1896.0, "grundflaeche_m2": 155.6064755, "gebaeudealter_2026": 130.0, "gebaeude_nutzung": "Gebäude Wohnen", "qualitaet": "AV93", "bev_pers_n": 203.0, "bev_dichte_pha": 203.0 }, "geometry": { "type": "Point", "coordinates": [ 8.528020884096932, 47.378848904679806 ] } },
{ "type": "Feature", "properties": { "egid_int": 149321, "strasse": "Zwinglistrasse", "hausnummer": "34a", "plz": 8004.0, "ortschaft": "Zürich", "baujahr": 1897.0, "grundflaeche_m2": 117.85935, "gebaeudealter_2026": 129.0, "gebaeude_nutzung": "Gebäude Verwaltung", "qualitaet": "AV93", "bev_pers_n": 203.0, "bev_dichte_pha": 203.0 }, "geometry": { "type": "Point", "coordinates": [ 8.528147092483538, 47.37899224787909 ] } },
{ "type": "Feature", "properties": { "egid_int": 149322, "strasse": "Zwinglistrasse", "hausnummer": "38", "plz": 8004.0, "ortschaft": "Zürich", "baujahr": 1895.0, "grundflaeche_m2": 100.6810175, "gebaeudealter_2026": 131.0, "gebaeude_nutzung": "Gebäude Wohnen", "qualitaet": "AV93", "bev_pers_n": 203.0, "bev_dichte_pha": 203.0 }, "geometry": { "type": "Point", "coordinates": [ 8.527863938133983, 47.378918675478154 ] } },
{ "type": "Feature", "properties": { "egid_int": 149323, "strasse": "Zwinglistrasse", "hausnummer": "39", "plz": 8004.0, "ortschaft": "Zürich", "baujahr": 1894.0, "grundflaeche_m2": 118.2583425, "gebaeudealter_2026": 132.0, "gebaeude_nutzung": "Gebäude Wohnen", "qualitaet": "AV93", "bev_pers_n": 203.0, "bev_dichte_pha": 203.0 }, "geometry": { "type": "Point", "coordinates": [ 8.527753578725076, 47.378725250695993 ] } },
{ "type": "Feature", "properties": { "egid_int": 149324, "strasse": "Zwinglistrasse", "hausnummer": "40", "plz": 8004.0, "ortschaft": "Zürich", "baujahr": 1896.0, "grundflaeche_m2": 205.8081175, "gebaeudealter_2026": 130.0, "gebaeude_nutzung": "Gebäude Wohnen", "qualitaet": "AV93", "bev_pers_n": 203.0, "bev_dichte_pha": 203.0 }, "geometry": { "type": "Point", "coordinates": [ 8.52778360727263, 47.379014619126536 ] } },
{ "type": "Feature", "properties": { "egid_int": 149325, "strasse": "Zwinglistrasse", "hausnummer": "43", "plz": 8004.0, "ortschaft": "Zürich", "baujahr": 1891.0, "grundflaeche_m2": 178.662107, "gebaeudealter_2026": 135.0, "gebaeude_nutzung": "Gebäude Wohnen", "qualitaet": "AV93", "bev_pers_n": 203.0, "bev_dichte_pha": 203.0 }, "geometry": { "type": "Point", "coordinates": [ 8.527510135996764, 47.378871791170951 ] } },
{ "type": "Feature", "properties": { "egid_int": 149326, "strasse": "Langstrasse", "hausnummer": "116", "plz": 8004.0, "ortschaft": "Zürich", "baujahr": 1889.0, "grundflaeche_m2": 109.5998215, "gebaeudealter_2026": 137.0, "gebaeude_nutzung": "Gebäude Wohnen", "qualitaet": "AV93", "bev_pers_n": 203.0, "bev_dichte_pha": 203.0 }, "geometry": { "type": "Point", "coordinates": [ 8.527551055930898, 47.379085659974045 ] } },
{ "type": "Feature", "properties": { "egid_int": 149327, "strasse": "Langstrasse", "hausnummer": "118", "plz": 8004.0, "ortschaft": "Zürich", "baujahr": 1890.0, "grundflaeche_m2": 101.99849, "gebaeudealter_2026": 136.0, "gebaeude_nutzung": "Gebäude Wohnen", "qualitaet": "AV93", "bev_pers_n": 203.0, "bev_dichte_pha": 203.0 }, "geometry": { "type": "Point", "coordinates": [ 8.527592967996961, 47.379158808912507 ] } },
{ "type": "Feature", "properties": { "egid_int": 149328, "strasse": "Langstrasse", "hausnummer": "124", "plz": 8004.0, "ortschaft": "Zürich", "baujahr": 1878.0, "grundflaeche_m2": 211.389374, "gebaeudealter_2026": 148.0, "gebaeude_nutzung": "Gebäude Wohnen", "qualitaet": "AV93", "bev_pers_n": 203.0, "bev_dichte_pha": 203.0 }, "geometry": { "type": "Point", "coordinates": [ 8.527780590506158, 47.379467083564641 ] } },
{ "type": "Feature", "properties": { "egid_int": 149329, "strasse": "Langstrasse", "hausnummer": "132", "plz": 8004.0, "ortschaft": "Zürich", "baujahr": 1893.0, "grundflaeche_m2": 164.3990715, "gebaeudealter_2026": 133.0, "gebaeude_nutzung": "Gebäude Wohnen", "qualitaet": "AV93", "bev_pers_n": 119.0, "bev_dichte_pha": 119.0 }, "geometry": { "type": "Point", "coordinates": [ 8.527912451088863, 47.379695791259024 ] } },
{ "type": "Feature", "properties": { "egid_int": 149330, "strasse": "Langstrasse", "hausnummer": "134", "plz": 8004.0, "ortschaft": "Zürich", "baujahr": 1892.0, "grundflaeche_m2": 201.0139025, "gebaeudealter_2026": 134.0, "gebaeude_nutzung": "Gebäude Wohnen", "qualitaet": "AV93", "bev_pers_n": 119.0, "bev_dichte_pha": 119.0 }, "geometry": { "type": "Point", "coordinates": [ 8.527972179730231, 47.379806047787035 ] } },
{ "type": "Feature", "properties": { "egid_int": 149331, "strasse": "Langstrasse", "hausnummer": "136", "plz": 8004.0, "ortschaft": "Zürich", "baujahr": 1877.0, "grundflaeche_m2": 102.780377, "gebaeudealter_2026": 149.0, "gebaeude_nutzung": "Gebäude Verwaltung", "qualitaet": "AV93", "bev_pers_n": 119.0, "bev_dichte_pha": 119.0 }, "geometry": { "type": "Point", "coordinates": [ 8.528021079544837, 47.379904829695498 ] } },
{ "type": "Feature", "properties": { "egid_int": 149332, "strasse": "Militärstrasse", "hausnummer": "105", "plz": 8004.0, "ortschaft": "Zürich", "baujahr": 1985.0, "grundflaeche_m2": 1024.0799295, "gebaeudealter_2026": 41.0, "gebaeude_nutzung": "Gebäude Wohnen", "qualitaet": "AV93", "bev_pers_n": 238.0, "bev_dichte_pha": 238.0 }, "geometry": { "type": "Point", "coordinates": [ 8.528815737082153, 47.378925987371254 ] } },
{ "type": "Feature", "properties": { "egid_int": 149333, "strasse": "Militärstrasse", "hausnummer": "109", "plz": 8004.0, "ortschaft": "Zürich", "baujahr": 1964.0, "grundflaeche_m2": 313.727739, "gebaeudealter_2026": 62.0, "gebaeude_nutzung": "Gebäude Wohnen", "qualitaet": "AV93", "bev_pers_n": 203.0, "bev_dichte_pha": 203.0 }, "geometry": { "type": "Point", "coordinates": [ 8.528337292993786, 47.379160272583604 ] } },
{ "type": "Feature", "properties": { "egid_int": 149334, "strasse": "Militärstrasse", "hausnummer": "115", "plz": 8004.0, "ortschaft": "Zürich", "baujahr": 1892.0, "grundflaeche_m2": 428.445553, "gebaeudealter_2026": 134.0, "gebaeude_nutzung": "Gebäude Wohnen", "qualitaet": "AV93", "bev_pers_n": 203.0, "bev_dichte_pha": 203.0 }, "geometry": { "type": "Point", "coordinates": [ 8.528148903115051, 47.379316630445487 ] } },
{ "type": "Feature", "properties": { "egid_int": 149335, "strasse": "Militärstrasse", "hausnummer": "116", "plz": 8004.0, "ortschaft": "Zürich", "baujahr": 1893.0, "grundflaeche_m2": 123.3625795, "gebaeudealter_2026": 133.0, "gebaeude_nutzung": "Gebäude Wohnen", "qualitaet": "AV93", "bev_pers_n": 119.0, "bev_dichte_pha": 119.0 }, "geometry": { "type": "Point", "coordinates": [ 8.52812167031767, 47.379572924064213 ] } },
{ "type": "Feature", "properties": { "egid_int": 149336, "strasse": "Militärstrasse", "hausnummer": "117", "plz": 8004.0, "ortschaft": "Zürich", "baujahr": 1878.0, "grundflaeche_m2": 127.183303, "gebaeudealter_2026": 148.0, "gebaeude_nutzung": "Gebäude Wohnen", "qualitaet": "AV93", "bev_pers_n": 203.0, "bev_dichte_pha": 203.0 }, "geometry": { "type": "Point", "coordinates": [ 8.527943920052897, 47.379403081544829 ] } },
{ "type": "Feature", "properties": { "egid_int": 149337, "strasse": "Militärstrasse", "hausnummer": "118", "plz": 8004.0, "ortschaft": "Zürich", "baujahr": 1893.0, "grundflaeche_m2": 114.907525, "gebaeudealter_2026": 133.0, "gebaeude_nutzung": "Gebäude Wohnen", "qualitaet": "AV93", "bev_pers_n": 119.0, "bev_dichte_pha": 119.0 }, "geometry": { "type": "Point", "coordinates": [ 8.528031040744253, 47.379619869684994 ] } },
{ "type": "Feature", "properties": { "egid_int": 149338, "strasse": "Tellstrasse", "hausnummer": "17", "plz": 8004.0, "ortschaft": "Zürich", "baujahr": 1885.0, "grundflaeche_m2": 95.1662865, "gebaeudealter_2026": 141.0, "gebaeude_nutzung": "Gebäude Wohnen", "qualitaet": "AV93", "bev_pers_n": 238.0, "bev_dichte_pha": 238.0 }, "geometry": { "type": "Point", "coordinates": [ 8.52861086401999, 47.378655062871374 ] } },
{ "type": "Feature", "properties": { "egid_int": 149339, "strasse": "Tellstrasse", "hausnummer": "19", "plz": 8004.0, "ortschaft": "Zürich", "baujahr": 1855.0, "grundflaeche_m2": 108.3351175, "gebaeudealter_2026": 171.0, "gebaeude_nutzung": "Gebäude Wohnen", "qualitaet": "AV93", "bev_pers_n": 238.0, "bev_dichte_pha": 238.0 }, "geometry": { "type": "Point", "coordinates": [ 8.52868932906134, 47.378714688698366 ] } },
{ "type": "Feature", "properties": { "egid_int": 149340, "strasse": "Tellstrasse", "hausnummer": "20", "plz": 8004.0, "ortschaft": "Zürich", "baujahr": 1893.0, "grundflaeche_m2": 175.4922445, "gebaeudealter_2026": 133.0, "gebaeude_nutzung": "Gebäude Wohnen", "qualitaet": "AV93", "bev_pers_n": 239.0, "bev_dichte_pha": 239.0 }, "geometry": { "type": "Point", "coordinates": [ 8.528906272438284, 47.378575438966898 ] } },
{ "type": "Feature", "properties": { "egid_int": 149341, "strasse": "Militärstrasse", "hausnummer": "114", "plz": 8004.0, "ortschaft": "Zürich", "baujahr": 1893.0, "grundflaeche_m2": 160.5742565, "gebaeudealter_2026": 133.0, "gebaeude_nutzung": "Gebäude Wohnen", "qualitaet": "AV93", "bev_pers_n": 119.0, "bev_dichte_pha": 119.0 }, "geometry": { "type": "Point", "coordinates": [ 8.528267992333493, 47.379511348750277 ] } },
{ "type": "Feature", "properties": { "egid_int": 149342, "strasse": "Tellstrasse", "hausnummer": "31", "plz": 8004.0, "ortschaft": "Zürich", "baujahr": 1956.0, "grundflaeche_m2": 331.148774, "gebaeudealter_2026": 70.0, "gebaeude_nutzung": "Gebäude Wohnen", "qualitaet": "AV93", "bev_pers_n": 238.0, "bev_dichte_pha": 238.0 }, "geometry": { "type": "Point", "coordinates": [ 8.529148933673522, 47.379192228102745 ] } },
{ "type": "Feature", "properties": { "egid_int": 149343, "strasse": "Tellstrasse", "hausnummer": "38", "plz": 8004.0, "ortschaft": "Zürich", "baujahr": 1895.0, "grundflaeche_m2": 177.9214805, "gebaeudealter_2026": 131.0, "gebaeude_nutzung": "Gebäude Wohnen", "qualitaet": "AV93", "bev_pers_n": 238.0, "bev_dichte_pha": 238.0 }, "geometry": { "type": "Point", "coordinates": [ 8.52966370680185, 47.379312795393822 ] } },
{ "type": "Feature", "properties": { "egid_int": 149344, "strasse": "Lagerstrasse", "hausnummer": "95", "plz": 8004.0, "ortschaft": "Zürich", "baujahr": 1895.0, "grundflaeche_m2": 95.840186605, "gebaeudealter_2026": 131.0, "gebaeude_nutzung": "Gebäude Wohnen", "qualitaet": "AV93", "bev_pers_n": 212.0, "bev_dichte_pha": 212.0 }, "geometry": { "type": "Point", "coordinates": [ 8.529815624325618, 47.379289196578249 ] } },
{ "type": "Feature", "properties": { "egid_int": 149346, "strasse": "Lagerstrasse", "hausnummer": "107", "plz": 8004.0, "ortschaft": "Zürich", "baujahr": 1968.0, "grundflaeche_m2": 785.668087, "gebaeudealter_2026": 58.0, "gebaeude_nutzung": "Gebäude Verwaltung", "qualitaet": "AV93", "bev_pers_n": 97.0, "bev_dichte_pha": 97.0 }, "geometry": { "type": "Point", "coordinates": [ 8.529015550389063, 47.379616869013653 ] } },
{ "type": "Feature", "properties": { "egid_int": 149347, "strasse": "Lagerstrasse", "hausnummer": "119", "plz": 8004.0, "ortschaft": "Zürich", "baujahr": 1979.0, "grundflaeche_m2": 539.567473, "gebaeudealter_2026": 47.0, "gebaeude_nutzung": "Gebäude Verwaltung", "qualitaet": "AV93", "bev_pers_n": 97.0, "bev_dichte_pha": 97.0 }, "geometry": { "type": "Point", "coordinates": [ 8.528526282993248, 47.379820151980766 ] } },
{ "type": "Feature", "properties": { "egid_int": 149348, "strasse": "Lagerstrasse", "hausnummer": "121", "plz": 8004.0, "ortschaft": "Zürich", "baujahr": 1894.0, "grundflaeche_m2": 123.898786, "gebaeudealter_2026": 132.0, "gebaeude_nutzung": "Gebäude Wohnen", "qualitaet": "AV93", "bev_pers_n": 119.0, "bev_dichte_pha": 119.0 }, "geometry": { "type": "Point", "coordinates": [ 8.528277249445765, 47.379918793822689 ] } },
{ "type": "Feature", "properties": { "egid_int": 149349, "strasse": "Langstrasse", "hausnummer": "138", "plz": 8004.0, "ortschaft": "Zürich", "baujahr": 1877.0, "grundflaeche_m2": 123.736666, "gebaeudealter_2026": 149.0, "gebaeude_nutzung": "Gebäude Wohnen", "qualitaet": "AV93", "bev_pers_n": 119.0, "bev_dichte_pha": 119.0 }, "geometry": { "type": "Point", "coordinates": [ 8.528068260124369, 47.379999831859678 ] } },
{ "type": "Feature", "properties": { "egid_int": 149351, "strasse": "Militärstrasse", "hausnummer": "81", "plz": 8004.0, "ortschaft": "Zürich", "baujahr": 1894.0, "grundflaeche_m2": 93.50558, "gebaeudealter_2026": 132.0, "gebaeude_nutzung": "Gebäude Wohnen", "qualitaet": "AV93", "bev_pers_n": 87.0, "bev_dichte_pha": 87.0 }, "geometry": { "type": "Point", "coordinates": [ 8.529824032158517, 47.378468295081511 ] } },
{ "type": "Feature", "properties": { "egid_int": 149352, "strasse": "Militärstrasse", "hausnummer": "83", "plz": 8004.0, "ortschaft": "Zürich", "baujahr": 1894.0, "grundflaeche_m2": 156.3525265, "gebaeudealter_2026": 132.0, "gebaeude_nutzung": "Gebäude Wohnen", "qualitaet": "AV93", "bev_pers_n": 239.0, "bev_dichte_pha": 239.0 }, "geometry": { "type": "Point", "coordinates": [ 8.529718573743756, 47.378522992011632 ] } },
{ "type": "Feature", "properties": { "egid_int": 149353, "strasse": "Militärstrasse", "hausnummer": "85", "plz": 8004.0, "ortschaft": "Zürich", "baujahr": 1894.0, "grundflaeche_m2": 93.2919285, "gebaeudealter_2026": 132.0, "gebaeude_nutzung": "Gebäude Wohnen", "qualitaet": "AV93", "bev_pers_n": 239.0, "bev_dichte_pha": 239.0 }, "geometry": { "type": "Point", "coordinates": [ 8.529575359104733, 47.378583478455667 ] } },
{ "type": "Feature", "properties": { "egid_int": 149354, "strasse": "Militärstrasse", "hausnummer": "87", "plz": 8004.0, "ortschaft": "Zürich", "baujahr": 1893.0, "grundflaeche_m2": 158.539814, "gebaeudealter_2026": 133.0, "gebaeude_nutzung": "Gebäude Wohnen", "qualitaet": "AV93", "bev_pers_n": 238.0, "bev_dichte_pha": 238.0 }, "geometry": { "type": "Point", "coordinates": [ 8.529465872091524, 47.378651004244396 ] } },
{ "type": "Feature", "properties": { "egid_int": 149355, "strasse": "Militärstrasse", "hausnummer": "89", "plz": 8004.0, "ortschaft": "Zürich", "baujahr": 1894.0, "grundflaeche_m2": 93.5753855, "gebaeudealter_2026": 132.0, "gebaeude_nutzung": "Gebäude Wohnen", "qualitaet": "AV93", "bev_pers_n": 238.0, "bev_dichte_pha": 238.0 }, "geometry": { "type": "Point", "coordinates": [ 8.529320550822611, 47.378708236035166 ] } },
{ "type": "Feature", "properties": { "egid_int": 149356, "strasse": "Militärstrasse", "hausnummer": "91", "plz": 8004.0, "ortschaft": "Zürich", "baujahr": 1893.0, "grundflaeche_m2": 203.6395895, "gebaeudealter_2026": 133.0, "gebaeude_nutzung": "Gebäude Wohnen", "qualitaet": "AV93", "bev_pers_n": 238.0, "bev_dichte_pha": 238.0 }, "geometry": { "type": "Point", "coordinates": [ 8.529159544243676, 47.37879368046142 ] } },
{ "type": "Feature", "properties": { "egid_int": 149357, "strasse": "Tellstrasse", "hausnummer": "24", "plz": 8004.0, "ortschaft": "Zürich", "baujahr": 1893.0, "grundflaeche_m2": 162.8477235, "gebaeudealter_2026": 133.0, "gebaeude_nutzung": "Gebäude Wohnen", "qualitaet": "AV93", "bev_pers_n": 238.0, "bev_dichte_pha": 238.0 }, "geometry": { "type": "Point", "coordinates": [ 8.529027908397822, 47.378684858840408 ] } },
{ "type": "Feature", "properties": { "egid_int": 149358, "strasse": "Militärstrasse", "hausnummer": "76", "plz": 8004.0, "ortschaft": "Zürich", "baujahr": 1956.0, "grundflaeche_m2": 855.07799, "gebaeudealter_2026": 70.0, "gebaeude_nutzung": "Gebäude Verwaltung", "qualitaet": "AV93", "bev_pers_n": 87.0, "bev_dichte_pha": 87.0 }, "geometry": { "type": "Point", "coordinates": [ 8.530230194329091, 47.378576527948091 ] } },
{ "type": "Feature", "properties": { "egid_int": 149359, "strasse": "Militärstrasse", "hausnummer": "79", "plz": 8004.0, "ortschaft": "Zürich", "baujahr": 1894.0, "grundflaeche_m2": 159.7068915, "gebaeudealter_2026": 132.0, "gebaeude_nutzung": "Gebäude Wohnen", "qualitaet": "AV93", "bev_pers_n": 87.0, "bev_dichte_pha": 87.0 }, "geometry": { "type": "Point", "coordinates": [ 8.529949447392015, 47.378398729495075 ] } },
{ "type": "Feature", "properties": { "egid_int": 149360, "strasse": "Militärstrasse", "hausnummer": "90", "plz": 8004.0, "ortschaft": "Zürich", "baujahr": 1961.0, "grundflaeche_m2": 599.56254, "gebaeudealter_2026": 65.0, "gebaeude_nutzung": "Gebäude Verwaltung", "qualitaet": "AV93", "bev_pers_n": 238.0, "bev_dichte_pha": 238.0 }, "geometry": { "type": "Point", "coordinates": [ 8.529454709077331, 47.378954505817056 ] } },
{ "type": "Feature", "properties": { "egid_int": 149361, "strasse": "Kanonengasse", "hausnummer": "31", "plz": 8004.0, "ortschaft": "Zürich", "baujahr": 1892.0, "grundflaeche_m2": 165.6054975, "gebaeudealter_2026": 134.0, "gebaeude_nutzung": "Gebäude Wohnen", "qualitaet": "AV93", "bev_pers_n": 87.0, "bev_dichte_pha": 87.0 }, "geometry": { "type": "Point", "coordinates": [ 8.529938742170112, 47.378058932205647 ] } },
{ "type": "Feature", "properties": { "egid_int": 149362, "strasse": "Kanonengasse", "hausnummer": "33", "plz": 8004.0, "ortschaft": "Zürich", "baujahr": 1890.0, "grundflaeche_m2": 160.7364465, "gebaeudealter_2026": 136.0, "gebaeude_nutzung": "Gebäude Wohnen", "qualitaet": "AV93", "bev_pers_n": 87.0, "bev_dichte_pha": 87.0 }, "geometry": { "type": "Point", "coordinates": [ 8.530066840131319, 47.378169576265897 ] } },
{ "type": "Feature", "properties": { "egid_int": 149363, "strasse": "Kanonengasse", "hausnummer": "35", "plz": 8004.0, "ortschaft": "Zürich", "baujahr": 1890.0, "grundflaeche_m2": 228.1560675, "gebaeudealter_2026": 136.0, "gebaeude_nutzung": "Gebäude Wohnen", "qualitaet": "AV93", "bev_pers_n": 87.0, "bev_dichte_pha": 87.0 }, "geometry": { "type": "Point", "coordinates": [ 8.530178207172392, 47.37826700253968 ] } },
{ "type": "Feature", "properties": { "egid_int": 149364, "strasse": "Lagerstrasse", "hausnummer": "81", "plz": 8004.0, "ortschaft": "Zürich", "baujahr": 1941.0, "grundflaeche_m2": 185.501763, "gebaeudealter_2026": 85.0, "gebaeude_nutzung": "Gebäude Wohnen", "qualitaet": "AV93", "bev_pers_n": 212.0, "bev_dichte_pha": 212.0 }, "geometry": { "type": "Point", "coordinates": [ 8.530622525726869, 47.37872579092528 ] } },
{ "type": "Feature", "properties": { "egid_int": 149365, "strasse": "Lagerstrasse", "hausnummer": "83", "plz": 8004.0, "ortschaft": "Zürich", "baujahr": 1941.0, "grundflaeche_m2": 127.704085, "gebaeudealter_2026": 85.0, "gebaeude_nutzung": "Gebäude Wohnen", "qualitaet": "AV93", "bev_pers_n": 212.0, "bev_dichte_pha": 212.0 }, "geometry": { "type": "Point", "coordinates": [ 8.530744204869174, 47.37883001843209 ] } },
{ "type": "Feature", "properties": { "egid_int": 149366, "strasse": "Lagerstrasse", "hausnummer": "85", "plz": 8004.0, "ortschaft": "Zürich", "baujahr": 1941.0, "grundflaeche_m2": 148.4766565, "gebaeudealter_2026": 85.0, "gebaeude_nutzung": "Gebäude Wohnen", "qualitaet": "AV93", "bev_pers_n": 212.0, "bev_dichte_pha": 212.0 }, "geometry": { "type": "Point", "coordinates": [ 8.530630339615803, 47.378893871737823 ] } },
{ "type": "Feature", "properties": { "egid_int": 149367, "strasse": "Lagerstrasse", "hausnummer": "87", "plz": 8004.0, "ortschaft": "Zürich", "baujahr": 1941.0, "grundflaeche_m2": 206.4476635, "gebaeudealter_2026": 85.0, "gebaeude_nutzung": "Gebäude Wohnen", "qualitaet": "AV93", "bev_pers_n": 212.0, "bev_dichte_pha": 212.0 }, "geometry": { "type": "Point", "coordinates": [ 8.530458854501664, 47.378975845976413 ] } },
{ "type": "Feature", "properties": { "egid_int": 149368, "strasse": "Lagerstrasse", "hausnummer": "89", "plz": 8004.0, "ortschaft": "Zürich", "baujahr": 1941.0, "grundflaeche_m2": 206.5242025, "gebaeudealter_2026": 85.0, "gebaeude_nutzung": "Gebäude Wohnen", "qualitaet": "AV93", "bev_pers_n": 212.0, "bev_dichte_pha": 212.0 }, "geometry": { "type": "Point", "coordinates": [ 8.530256572824202, 47.379074976807566 ] } },
{ "type": "Feature", "properties": { "egid_int": 149369, "strasse": "Lagerstrasse", "hausnummer": "91", "plz": 8004.0, "ortschaft": "Zürich", "baujahr": 1941.0, "grundflaeche_m2": 204.5572015, "gebaeudealter_2026": 85.0, "gebaeude_nutzung": "Gebäude Wohnen", "qualitaet": "AV93", "bev_pers_n": 212.0, "bev_dichte_pha": 212.0 }, "geometry": { "type": "Point", "coordinates": [ 8.530059125378248, 47.379174817191 ] } },
{ "type": "Feature", "properties": { "egid_int": 149370, "strasse": "Lagerstrasse", "hausnummer": "93", "plz": 8004.0, "ortschaft": "Zürich", "baujahr": 1896.0, "grundflaeche_m2": 180.9248165, "gebaeudealter_2026": 130.0, "gebaeude_nutzung": "Gebäude Wohnen", "qualitaet": "AV93", "bev_pers_n": 212.0, "bev_dichte_pha": 212.0 }, "geometry": { "type": "Point", "coordinates": [ 8.529920912193163, 47.379240330029575 ] } },
{ "type": "Feature", "properties": { "egid_int": 149371, "strasse": "Lagerstrasse", "hausnummer": "41", "plz": 8004.0, "ortschaft": "Zürich", "baujahr": 1955.0, "grundflaeche_m2": 524.94374, "gebaeudealter_2026": 71.0, "gebaeude_nutzung": "Gebäude Verwaltung", "qualitaet": "AV93", "bev_pers_n": 63.0, "bev_dichte_pha": 63.0 }, "geometry": { "type": "Point", "coordinates": [ 8.532635192462024, 47.37765291590722 ] } },
{ "type": "Feature", "properties": { "egid_int": 149372, "strasse": "Lagerstrasse", "hausnummer": "55", "plz": 8004.0, "ortschaft": "Zürich", "baujahr": 1984.0, "grundflaeche_m2": 2853.4910745000002, "gebaeudealter_2026": 42.0, "gebaeude_nutzung": "Gebäude Verwaltung", "qualitaet": "AV93", "bev_pers_n": 4.0, "bev_dichte_pha": 4.0 }, "geometry": { "type": "Point", "coordinates": [ 8.531555448293714, 47.378329989546437 ] } },
{ "type": "Feature", "properties": { "egid_int": 149374, "strasse": "Militärstrasse", "hausnummer": "46", "plz": 8004.0, "ortschaft": "Zürich", "baujahr": 1894.0, "grundflaeche_m2": 174.6878305, "gebaeudealter_2026": 132.0, "gebaeude_nutzung": "Gebäude Verwaltung", "qualitaet": "AV93", "bev_pers_n": 4.0, "bev_dichte_pha": 4.0 }, "geometry": { "type": "Point", "coordinates": [ 8.531790896809818, 47.377657454489182 ] } },
{ "type": "Feature", "properties": { "egid_int": 149375, "strasse": "Militärstrasse", "hausnummer": "48", "plz": 8004.0, "ortschaft": "Zürich", "baujahr": 1894.0, "grundflaeche_m2": 119.265979, "gebaeudealter_2026": 132.0, "gebaeude_nutzung": "Gebäude Wohnen", "qualitaet": "AV93", "bev_pers_n": 4.0, "bev_dichte_pha": 4.0 }, "geometry": { "type": "Point", "coordinates": [ 8.531652945347439, 47.377561729493351 ] } },
{ "type": "Feature", "properties": { "egid_int": 149376, "strasse": "Freischützgasse", "hausnummer": "4", "plz": 8004.0, "ortschaft": "Zürich", "baujahr": 1893.0, "grundflaeche_m2": 208.2706585, "gebaeudealter_2026": 133.0, "gebaeude_nutzung": "Gebäude Wohnen", "qualitaet": "AV93", "bev_pers_n": 63.0, "bev_dichte_pha": 63.0 }, "geometry": { "type": "Point", "coordinates": [ 8.532781151104253, 47.377032920985954 ] } },
{ "type": "Feature", "properties": { "egid_int": 149377, "strasse": "Freischützgasse", "hausnummer": "14", "plz": 8004.0, "ortschaft": "Zürich", "baujahr": 1985.0, "grundflaeche_m2": 431.2176395, "gebaeudealter_2026": 41.0, "gebaeude_nutzung": "Gebäude Wohnen", "qualitaet": "AV93", "bev_pers_n": 63.0, "bev_dichte_pha": 63.0 }, "geometry": { "type": "Point", "coordinates": [ 8.533167343785653, 47.377310989680701 ] } },
{ "type": "Feature", "properties": { "egid_int": 149378, "strasse": "Kasernenstrasse", "hausnummer": "49", "plz": 8004.0, "ortschaft": "Zürich", "baujahr": 1875.0, "grundflaeche_m2": 4401.905142, "gebaeudealter_2026": 151.0, "gebaeude_nutzung": "Gebäude Verwaltung", "qualitaet": "AV93", "bev_pers_n": 36.0, "bev_dichte_pha": 36.0 }, "geometry": { "type": "Point", "coordinates": [ 8.532909330392966, 47.375521938006457 ] } },
{ "type": "Feature", "properties": { "egid_int": 149382, "strasse": "Militärstrasse", "hausnummer": "14", "plz": 8004.0, "ortschaft": "Zürich", "baujahr": 1882.0, "grundflaeche_m2": 106.907079, "gebaeudealter_2026": 144.0, "gebaeude_nutzung": "Gebäude Wohnen", "qualitaet": "AV93", "bev_pers_n": 36.0, "bev_dichte_pha": 36.0 }, "geometry": { "type": "Point", "coordinates": [ 8.533253682624592, 47.376441674346104 ] } },
{ "type": "Feature", "properties": { "egid_int": 149383, "strasse": "Militärstrasse", "hausnummer": "12", "plz": 8004.0, "ortschaft": "Zürich", "baujahr": 1883.0, "grundflaeche_m2": 132.7169995, "gebaeudealter_2026": 143.0, "gebaeude_nutzung": "Gebäude Wohnen", "qualitaet": "AV93", "bev_pers_n": 36.0, "bev_dichte_pha": 36.0 }, "geometry": { "type": "Point", "coordinates": [ 8.533328536537178, 47.376367933584348 ] } },
{ "type": "Feature", "properties": { "egid_int": 149385, "strasse": "Militärstrasse", "hausnummer": "16", "plz": 8004.0, "ortschaft": "Zürich", "baujahr": 1860.0, "grundflaeche_m2": 146.4639535, "gebaeudealter_2026": 166.0, "gebaeude_nutzung": "Gebäude Wohnen", "qualitaet": "AV93", "bev_pers_n": 36.0, "bev_dichte_pha": 36.0 }, "geometry": { "type": "Point", "coordinates": [ 8.53311595818252, 47.376542708286109 ] } },
{ "type": "Feature", "properties": { "egid_int": 149387, "strasse": "Reitergasse", "hausnummer": "3", "plz": 8004.0, "ortschaft": "Zürich", "baujahr": 1985.0, "grundflaeche_m2": 185.6500155, "gebaeudealter_2026": 41.0, "gebaeude_nutzung": "Gebäude Wohnen", "qualitaet": "AV93", "bev_pers_n": 63.0, "bev_dichte_pha": 63.0 }, "geometry": { "type": "Point", "coordinates": [ 8.533124986862703, 47.376843095882172 ] } },
{ "type": "Feature", "properties": { "egid_int": 149388, "strasse": "Reitergasse", "hausnummer": "6", "plz": 8004.0, "ortschaft": "Zürich", "baujahr": 1881.0, "grundflaeche_m2": 172.53377, "gebaeudealter_2026": 145.0, "gebaeude_nutzung": "Gebäude Verwaltung", "qualitaet": "AV93", "bev_pers_n": 36.0, "bev_dichte_pha": 36.0 }, "geometry": { "type": "Point", "coordinates": [ 8.533273545115643, 47.37666214554428 ] } },
{ "type": "Feature", "properties": { "egid_int": 149390, "strasse": "Militärstrasse", "hausnummer": "8", "plz": 8004.0, "ortschaft": "Zürich", "baujahr": 1896.0, "grundflaeche_m2": 162.140847, "gebaeudealter_2026": 130.0, "gebaeude_nutzung": "Gebäude Verwaltung", "qualitaet": "AV93", "bev_pers_n": 36.0, "bev_dichte_pha": 36.0 }, "geometry": { "type": "Point", "coordinates": [ 8.533486169372587, 47.376242055045971 ] } },
{ "type": "Feature", "properties": { "egid_int": 149394, "strasse": "Kasernenstrasse", "hausnummer": "95", "plz": 8004.0, "ortschaft": "Zürich", "baujahr": 1928.0, "grundflaeche_m2": 2871.8175725000001, "gebaeudealter_2026": 98.0, "gebaeude_nutzung": "Gebäude Verwaltung", "qualitaet": "AV93", "bev_pers_n": 57.0, "bev_dichte_pha": 57.0 }, "geometry": { "type": "Point", "coordinates": [ 8.53494889601809, 47.377000413758559 ] } },
{ "type": "Feature", "properties": { "egid_int": 149396, "strasse": "Hohlstrasse", "hausnummer": "420", "plz": 8048.0, "ortschaft": "Zürich", "baujahr": 1910.0, "grundflaeche_m2": 875.9358025, "gebaeudealter_2026": 116.0, "gebaeude_nutzung": "Gebäude Wohnen", "qualitaet": "AV93", "bev_pers_n": 41.0, "bev_dichte_pha": 41.0 }, "geometry": { "type": "Point", "coordinates": [ 8.501002117504736, 47.387444041415364 ] } },
{ "type": "Feature", "properties": { "egid_int": 149399, "strasse": "Baslerstrasse", "hausnummer": "2", "plz": 8004.0, "ortschaft": "Zürich", "baujahr": 1907.0, "grundflaeche_m2": 540.1543925, "gebaeudealter_2026": 119.0, "gebaeude_nutzung": "Gebäude Wohnen", "qualitaet": "AV93", "bev_pers_n": 163.0, "bev_dichte_pha": 163.0 }, "geometry": { "type": "Point", "coordinates": [ 8.505936182221754, 47.383535210067059 ] } },
{ "type": "Feature", "properties": { "egid_int": 149400, "strasse": "Herdernstrasse", "hausnummer": "63", "plz": 8004.0, "ortschaft": "Zürich", "baujahr": 1907.0, "grundflaeche_m2": 226.883508, "gebaeudealter_2026": 119.0, "gebaeude_nutzung": "Gebäude Verwaltung", "qualitaet": "AV93", "bev_pers_n": 163.0, "bev_dichte_pha": 163.0 }, "geometry": { "type": "Point", "coordinates": [ 8.506586061598565, 47.38389121997578 ] } },
{ "type": "Feature", "properties": { "egid_int": 149401, "strasse": "Herdernstrasse", "hausnummer": "82", "plz": 8004.0, "ortschaft": "Zürich", "baujahr": 1915.0, "grundflaeche_m2": 163.9010835, "gebaeudealter_2026": 111.0, "gebaeude_nutzung": "Gebäude Wohnen", "qualitaet": "AV93", "bev_pers_n": 200.0, "bev_dichte_pha": 200.0 }, "geometry": { "type": "Point", "coordinates": [ 8.507878437196286, 47.384396329857211 ] } },
{ "type": "Feature", "properties": { "egid_int": 149402, "strasse": "Herdernstrasse", "hausnummer": "84", "plz": 8004.0, "ortschaft": "Zürich", "baujahr": 1915.0, "grundflaeche_m2": 160.138894, "gebaeudealter_2026": 111.0, "gebaeude_nutzung": "Gebäude Wohnen", "qualitaet": "AV93", "bev_pers_n": 200.0, "bev_dichte_pha": 200.0 }, "geometry": { "type": "Point", "coordinates": [ 8.507987941107315, 47.384494046200338 ] } },
{ "type": "Feature", "properties": { "egid_int": 149403, "strasse": "Herdernstrasse", "hausnummer": "86", "plz": 8004.0, "ortschaft": "Zürich", "baujahr": 1915.0, "grundflaeche_m2": 162.184544, "gebaeudealter_2026": 111.0, "gebaeude_nutzung": "Gebäude Wohnen", "qualitaet": "AV93", "bev_pers_n": 200.0, "bev_dichte_pha": 200.0 }, "geometry": { "type": "Point", "coordinates": [ 8.508109829286104, 47.384580565886068 ] } },
{ "type": "Feature", "properties": { "egid_int": 149404, "strasse": "Herdernstrasse", "hausnummer": "88", "plz": 8004.0, "ortschaft": "Zürich", "baujahr": 1911.0, "grundflaeche_m2": 122.177901, "gebaeudealter_2026": 115.0, "gebaeude_nutzung": "Gebäude Wohnen", "qualitaet": "AV93", "bev_pers_n": 200.0, "bev_dichte_pha": 200.0 }, "geometry": { "type": "Point", "coordinates": [ 8.50821271754114, 47.384662727826324 ] } },
{ "type": "Feature", "properties": { "egid_int": 149405, "strasse": "Herdernstrasse", "hausnummer": "90", "plz": 8004.0, "ortschaft": "Zürich", "baujahr": 1911.0, "grundflaeche_m2": 122.827488, "gebaeudealter_2026": 115.0, "gebaeude_nutzung": "Gebäude Wohnen", "qualitaet": "AV93", "bev_pers_n": 200.0, "bev_dichte_pha": 200.0 }, "geometry": { "type": "Point", "coordinates": [ 8.508306891344517, 47.384735651471765 ] } },
{ "type": "Feature", "properties": { "egid_int": 149406, "strasse": "Hohlstrasse", "hausnummer": "355", "plz": 8004.0, "ortschaft": "Zürich", "baujahr": 1913.0, "grundflaeche_m2": 230.6348785, "gebaeudealter_2026": 113.0, "gebaeude_nutzung": "Gebäude Wohnen", "qualitaet": "AV93", "bev_pers_n": 236.0, "bev_dichte_pha": 236.0 }, "geometry": { "type": "Point", "coordinates": [ 8.509049142592382, 47.384653218534403 ] } },
{ "type": "Feature", "properties": { "egid_int": 149407, "strasse": "Hohlstrasse", "hausnummer": "357", "plz": 8004.0, "ortschaft": "Zürich", "baujahr": 1912.0, "grundflaeche_m2": 176.92034, "gebaeudealter_2026": 114.0, "gebaeude_nutzung": "Gebäude Wohnen", "qualitaet": "AV93", "bev_pers_n": 236.0, "bev_dichte_pha": 236.0 }, "geometry": { "type": "Point", "coordinates": [ 8.508846228067787, 47.384723856585147 ] } },
{ "type": "Feature", "properties": { "egid_int": 149408, "strasse": "Hohlstrasse", "hausnummer": "359", "plz": 8004.0, "ortschaft": "Zürich", "baujahr": 1912.0, "grundflaeche_m2": 179.547653, "gebaeudealter_2026": 114.0, "gebaeude_nutzung": "Gebäude Wohnen", "qualitaet": "AV93", "bev_pers_n": 200.0, "bev_dichte_pha": 200.0 }, "geometry": { "type": "Point", "coordinates": [ 8.508693658826086, 47.384771612303204 ] } },
{ "type": "Feature", "properties": { "egid_int": 149409, "strasse": "Hohlstrasse", "hausnummer": "365", "plz": 8004.0, "ortschaft": "Zürich", "baujahr": 1905.0, "grundflaeche_m2": 271.5502405, "gebaeudealter_2026": 121.0, "gebaeude_nutzung": "Gebäude Wohnen", "qualitaet": "AV93", "bev_pers_n": 200.0, "bev_dichte_pha": 200.0 }, "geometry": { "type": "Point", "coordinates": [ 8.50846792909036, 47.384832638373368 ] } },
{ "type": "Feature", "properties": { "egid_int": 149410, "strasse": "Knüslistrasse", "hausnummer": "1", "plz": 8004.0, "ortschaft": "Zürich", "baujahr": 1929.0, "grundflaeche_m2": 191.463727, "gebaeudealter_2026": 97.0, "gebaeude_nutzung": "Gebäude Wohnen", "qualitaet": "AV93", "bev_pers_n": 236.0, "bev_dichte_pha": 236.0 }, "geometry": { "type": "Point", "coordinates": [ 8.509419123705189, 47.384555081105248 ] } },
{ "type": "Feature", "properties": { "egid_int": 149411, "strasse": "Knüslistrasse", "hausnummer": "3", "plz": 8004.0, "ortschaft": "Zürich", "baujahr": 1929.0, "grundflaeche_m2": 160.9708345, "gebaeudealter_2026": 97.0, "gebaeude_nutzung": "Gebäude Wohnen", "qualitaet": "AV93", "bev_pers_n": 236.0, "bev_dichte_pha": 236.0 }, "geometry": { "type": "Point", "coordinates": [ 8.509255499166583, 47.384403213603996 ] } },
{ "type": "Feature", "properties": { "egid_int": 149412, "strasse": "Knüslistrasse", "hausnummer": "5", "plz": 8004.0, "ortschaft": "Zürich", "baujahr": 1929.0, "grundflaeche_m2": 213.151424, "gebaeudealter_2026": 97.0, "gebaeude_nutzung": "Gebäude Wohnen", "qualitaet": "AV93", "bev_pers_n": 236.0, "bev_dichte_pha": 236.0 }, "geometry": { "type": "Point", "coordinates": [ 8.509132474887551, 47.384242406392154 ] } },
{ "type": "Feature", "properties": { "egid_int": 149413, "strasse": "Knüslistrasse", "hausnummer": "4", "plz": 8004.0, "ortschaft": "Zürich", "baujahr": 1955.0, "grundflaeche_m2": 557.1727165, "gebaeudealter_2026": 71.0, "gebaeude_nutzung": "Gebäude Wohnen", "qualitaet": "AV93", "bev_pers_n": 200.0, "bev_dichte_pha": 200.0 }, "geometry": { "type": "Point", "coordinates": [ 8.50838544670883, 47.384429667665536 ] } },
{ "type": "Feature", "properties": { "egid_int": 149414, "strasse": "Knüslistrasse", "hausnummer": "6", "plz": 8004.0, "ortschaft": "Zürich", "baujahr": 1955.0, "grundflaeche_m2": 177.246119, "gebaeudealter_2026": 71.0, "gebaeude_nutzung": "Gebäude Wohnen", "qualitaet": "AV93", "bev_pers_n": 236.0, "bev_dichte_pha": 236.0 }, "geometry": { "type": "Point", "coordinates": [ 8.508903360301646, 47.384496148002938 ] } },
{ "type": "Feature", "properties": { "egid_int": 149415, "strasse": "Knüslistrasse", "hausnummer": "8", "plz": 8004.0, "ortschaft": "Zürich", "baujahr": 1955.0, "grundflaeche_m2": 224.584109, "gebaeudealter_2026": 71.0, "gebaeude_nutzung": "Gebäude Wohnen", "qualitaet": "AV93", "bev_pers_n": 236.0, "bev_dichte_pha": 236.0 }, "geometry": { "type": "Point", "coordinates": [ 8.508795786040196, 47.384383806653432 ] } },
{ "type": "Feature", "properties": { "egid_int": 149416, "strasse": "Knüslistrasse", "hausnummer": "10", "plz": 8004.0, "ortschaft": "Zürich", "baujahr": 1955.0, "grundflaeche_m2": 224.193701, "gebaeudealter_2026": 71.0, "gebaeude_nutzung": "Gebäude Wohnen", "qualitaet": "AV93", "bev_pers_n": 200.0, "bev_dichte_pha": 200.0 }, "geometry": { "type": "Point", "coordinates": [ 8.5086714281959, 47.384248197497648 ] } },
{ "type": "Feature", "properties": { "egid_int": 149417, "strasse": "Knüslistrasse", "hausnummer": "12", "plz": 8004.0, "ortschaft": "Zürich", "baujahr": 1955.0, "grundflaeche_m2": 172.4798885, "gebaeudealter_2026": 71.0, "gebaeude_nutzung": "Gebäude Wohnen", "qualitaet": "AV93", "bev_pers_n": 207.0, "bev_dichte_pha": 207.0 }, "geometry": { "type": "Point", "coordinates": [ 8.508561364301245, 47.384123285896621 ] } },
{ "type": "Feature", "properties": { "egid_int": 149418, "strasse": "Eichbühlstrasse", "hausnummer": "62", "plz": 8004.0, "ortschaft": "Zürich", "baujahr": 1934.0, "grundflaeche_m2": 237.879542, "gebaeudealter_2026": 92.0, "gebaeude_nutzung": "Gebäude Wohnen", "qualitaet": "AV93", "bev_pers_n": 207.0, "bev_dichte_pha": 207.0 }, "geometry": { "type": "Point", "coordinates": [ 8.508426458550247, 47.384005152624042 ] } },
{ "type": "Feature", "properties": { "egid_int": 149419, "strasse": "Eichbühlstrasse", "hausnummer": "64", "plz": 8004.0, "ortschaft": "Zürich", "baujahr": 1934.0, "grundflaeche_m2": 222.830933, "gebaeudealter_2026": 92.0, "gebaeude_nutzung": "Gebäude Wohnen", "qualitaet": "AV93", "bev_pers_n": 207.0, "bev_dichte_pha": 207.0 }, "geometry": { "type": "Point", "coordinates": [ 8.508185726830378, 47.38411240780632 ] } },
{ "type": "Feature", "properties": { "egid_int": 149420, "strasse": "Eichbühlstrasse", "hausnummer": "66", "plz": 8004.0, "ortschaft": "Zürich", "baujahr": 1934.0, "grundflaeche_m2": 233.961522, "gebaeudealter_2026": 92.0, "gebaeude_nutzung": "Gebäude Wohnen", "qualitaet": "AV93", "bev_pers_n": 200.0, "bev_dichte_pha": 200.0 }, "geometry": { "type": "Point", "coordinates": [ 8.507973496621474, 47.384199249736923 ] } },
{ "type": "Feature", "properties": { "egid_int": 149421, "strasse": "Eichbühlstrasse", "hausnummer": "68", "plz": 8004.0, "ortschaft": "Zürich", "baujahr": 1934.0, "grundflaeche_m2": 211.5360665, "gebaeudealter_2026": 92.0, "gebaeude_nutzung": "Gebäude Wohnen", "qualitaet": "AV93", "bev_pers_n": 200.0, "bev_dichte_pha": 200.0 }, "geometry": { "type": "Point", "coordinates": [ 8.507755255646707, 47.384300754873806 ] } },
{ "type": "Feature", "properties": { "egid_int": 149422, "strasse": "Knüslistrasse", "hausnummer": "17", "plz": 8004.0, "ortschaft": "Zürich", "baujahr": 1957.0, "grundflaeche_m2": 294.242402, "gebaeudealter_2026": 69.0, "gebaeude_nutzung": "Gebäude Wohnen", "qualitaet": "AV93", "bev_pers_n": 281.0, "bev_dichte_pha": 281.0 }, "geometry": { "type": "Point", "coordinates": [ 8.508881716101863, 47.383894533630432 ] } },
{ "type": "Feature", "properties": { "egid_int": 149423, "strasse": "Zimmerlistrasse", "hausnummer": "5", "plz": 8004.0, "ortschaft": "Zürich", "baujahr": 1957.0, "grundflaeche_m2": 239.8102855, "gebaeudealter_2026": 69.0, "gebaeude_nutzung": "Gebäude Wohnen", "qualitaet": "AV93", "bev_pers_n": 281.0, "bev_dichte_pha": 281.0 }, "geometry": { "type": "Point", "coordinates": [ 8.509787523916488, 47.383548752134459 ] } },
{ "type": "Feature", "properties": { "egid_int": 149424, "strasse": "Zimmerlistrasse", "hausnummer": "7", "plz": 8004.0, "ortschaft": "Zürich", "baujahr": 1957.0, "grundflaeche_m2": 241.818023, "gebaeudealter_2026": 69.0, "gebaeude_nutzung": "Gebäude Wohnen", "qualitaet": "AV93", "bev_pers_n": 281.0, "bev_dichte_pha": 281.0 }, "geometry": { "type": "Point", "coordinates": [ 8.509571068352583, 47.383628080379069 ] } },
{ "type": "Feature", "properties": { "egid_int": 149425, "strasse": "Zimmerlistrasse", "hausnummer": "9", "plz": 8004.0, "ortschaft": "Zürich", "baujahr": 1957.0, "grundflaeche_m2": 245.604892, "gebaeudealter_2026": 69.0, "gebaeude_nutzung": "Gebäude Wohnen", "qualitaet": "AV93", "bev_pers_n": 281.0, "bev_dichte_pha": 281.0 }, "geometry": { "type": "Point", "coordinates": [ 8.509330721530395, 47.383721994745123 ] } },
{ "type": "Feature", "properties": { "egid_int": 149426, "strasse": "Zimmerlistrasse", "hausnummer": "11", "plz": 8004.0, "ortschaft": "Zürich", "baujahr": 1957.0, "grundflaeche_m2": 244.629246, "gebaeudealter_2026": 69.0, "gebaeude_nutzung": "Gebäude Wohnen", "qualitaet": "AV93", "bev_pers_n": 281.0, "bev_dichte_pha": 281.0 }, "geometry": { "type": "Point", "coordinates": [ 8.509136704546192, 47.383799567058091 ] } },
{ "type": "Feature", "properties": { "egid_int": 149427, "strasse": "Eglistrasse", "hausnummer": "2", "plz": 8004.0, "ortschaft": "Zürich", "baujahr": 1929.0, "grundflaeche_m2": 241.539376855, "gebaeudealter_2026": 97.0, "gebaeude_nutzung": "Gebäude Wohnen", "qualitaet": "AV93", "bev_pers_n": 278.0, "bev_dichte_pha": 278.0 }, "geometry": { "type": "Point", "coordinates": [ 8.510761049127389, 47.384018628629725 ] } },
{ "type": "Feature", "properties": { "egid_int": 149428, "strasse": "Eglistrasse", "hausnummer": "30", "plz": 8004.0, "ortschaft": "Zürich", "baujahr": 1957.0, "grundflaeche_m2": 327.9103875, "gebaeudealter_2026": 69.0, "gebaeude_nutzung": "Gebäude Wohnen", "qualitaet": "AV93", "bev_pers_n": 278.0, "bev_dichte_pha": 278.0 }, "geometry": { "type": "Point", "coordinates": [ 8.510100674958263, 47.383433931715572 ] } },
{ "type": "Feature", "properties": { "egid_int": 149429, "strasse": "Zimmerlistrasse", "hausnummer": "10", "plz": 8004.0, "ortschaft": "Zürich", "baujahr": 1930.0, "grundflaeche_m2": 123.56578, "gebaeudealter_2026": 96.0, "gebaeude_nutzung": "Gebäude Wohnen", "qualitaet": "AV93", "bev_pers_n": 281.0, "bev_dichte_pha": 281.0 }, "geometry": { "type": "Point", "coordinates": [ 8.509718082141749, 47.384014485933619 ] } },
{ "type": "Feature", "properties": { "egid_int": 149430, "strasse": "Zimmerlistrasse", "hausnummer": "12", "plz": 8004.0, "ortschaft": "Zürich", "baujahr": 1929.0, "grundflaeche_m2": 167.619876, "gebaeudealter_2026": 97.0, "gebaeude_nutzung": "Gebäude Wohnen", "qualitaet": "AV93", "bev_pers_n": 281.0, "bev_dichte_pha": 281.0 }, "geometry": { "type": "Point", "coordinates": [ 8.509521005992452, 47.384080231742949 ] } },
{ "type": "Feature", "properties": { "egid_int": 149431, "strasse": "Zimmerlistrasse", "hausnummer": "14", "plz": 8004.0, "ortschaft": "Zürich", "baujahr": 1929.0, "grundflaeche_m2": 167.625102, "gebaeudealter_2026": 97.0, "gebaeude_nutzung": "Gebäude Wohnen", "qualitaet": "AV93", "bev_pers_n": 281.0, "bev_dichte_pha": 281.0 }, "geometry": { "type": "Point", "coordinates": [ 8.509318831298371, 47.384146024459469 ] } },
{ "type": "Feature", "properties": { "egid_int": 149432, "strasse": "Zimmerlistrasse", "hausnummer": "4", "plz": 8004.0, "ortschaft": "Zürich", "baujahr": 1917.0, "grundflaeche_m2": 464.882078, "gebaeudealter_2026": 109.0, "gebaeude_nutzung": "Gebäude Handel", "qualitaet": "AV93", "bev_pers_n": 278.0, "bev_dichte_pha": 278.0 }, "geometry": { "type": "Point", "coordinates": [ 8.510314822370084, 47.383837919964343 ] } },
{ "type": "Feature", "properties": { "egid_int": 149433, "strasse": "Hohlstrasse", "hausnummer": "333", "plz": 8004.0, "ortschaft": "Zürich", "baujahr": 1929.0, "grundflaeche_m2": 223.7795105, "gebaeudealter_2026": 97.0, "gebaeude_nutzung": "Gebäude Wohnen", "qualitaet": "AV93", "bev_pers_n": 66.0, "bev_dichte_pha": 66.0 }, "geometry": { "type": "Point", "coordinates": [ 8.510680042026907, 47.384164497769561 ] } },
{ "type": "Feature", "properties": { "egid_int": 149434, "strasse": "Hohlstrasse", "hausnummer": "335", "plz": 8004.0, "ortschaft": "Zürich", "baujahr": 1912.0, "grundflaeche_m2": 232.7588295, "gebaeudealter_2026": 114.0, "gebaeude_nutzung": "Gebäude Wohnen", "qualitaet": "AV93", "bev_pers_n": 66.0, "bev_dichte_pha": 66.0 }, "geometry": { "type": "Point", "coordinates": [ 8.510427975346959, 47.384232158603538 ] } },
{ "type": "Feature", "properties": { "egid_int": 149435, "strasse": "Hohlstrasse", "hausnummer": "337", "plz": 8004.0, "ortschaft": "Zürich", "baujahr": 1929.0, "grundflaeche_m2": 172.592325, "gebaeudealter_2026": 97.0, "gebaeude_nutzung": "Gebäude Wohnen", "qualitaet": "AV93", "bev_pers_n": 66.0, "bev_dichte_pha": 66.0 }, "geometry": { "type": "Point", "coordinates": [ 8.510233357884006, 47.384309522433909 ] } },
{ "type": "Feature", "properties": { "egid_int": 149436, "strasse": "Hohlstrasse", "hausnummer": "343", "plz": 8004.0, "ortschaft": "Zürich", "baujahr": 1930.0, "grundflaeche_m2": 223.294332, "gebaeudealter_2026": 96.0, "gebaeude_nutzung": "Gebäude Industrie", "qualitaet": "AV93", "bev_pers_n": 236.0, "bev_dichte_pha": 236.0 }, "geometry": { "type": "Point", "coordinates": [ 8.509858167550771, 47.384203693695319 ] } },
{ "type": "Feature", "properties": { "egid_int": 149437, "strasse": "Hohlstrasse", "hausnummer": "345", "plz": 8004.0, "ortschaft": "Zürich", "baujahr": 1930.0, "grundflaeche_m2": 176.939093, "gebaeudealter_2026": 96.0, "gebaeude_nutzung": "Gebäude Wohnen", "qualitaet": "AV93", "bev_pers_n": 236.0, "bev_dichte_pha": 236.0 }, "geometry": { "type": "Point", "coordinates": [ 8.509990763784442, 47.38438002683116 ] } },
{ "type": "Feature", "properties": { "egid_int": 149438, "strasse": "Hohlstrasse", "hausnummer": "347", "plz": 8004.0, "ortschaft": "Zürich", "baujahr": 1929.0, "grundflaeche_m2": 157.03092, "gebaeudealter_2026": 97.0, "gebaeude_nutzung": "Gebäude Wohnen", "qualitaet": "AV93", "bev_pers_n": 236.0, "bev_dichte_pha": 236.0 }, "geometry": { "type": "Point", "coordinates": [ 8.509780403841178, 47.38444846883506 ] } },
{ "type": "Feature", "properties": { "egid_int": 149439, "strasse": "Hohlstrasse", "hausnummer": "349", "plz": 8004.0, "ortschaft": "Zürich", "baujahr": 1929.0, "grundflaeche_m2": 157.055254, "gebaeudealter_2026": 97.0, "gebaeude_nutzung": "Gebäude Wohnen", "qualitaet": "AV93", "bev_pers_n": 236.0, "bev_dichte_pha": 236.0 }, "geometry": { "type": "Point", "coordinates": [ 8.509591418410965, 47.384510919497714 ] } },
{ "type": "Feature", "properties": { "egid_int": 149440, "strasse": null, "hausnummer": null, "plz": null, "ortschaft": null, "baujahr": 1932.0, "grundflaeche_m2": 170.26679515000001, "gebaeudealter_2026": 94.0, "gebaeude_nutzung": "Gebäude Wohnen", "qualitaet": "AV93", "bev_pers_n": 278.0, "bev_dichte_pha": 278.0 }, "geometry": { "type": "Point", "coordinates": [ 8.510711592740497, 47.383519447415928 ] } },
{ "type": "Feature", "properties": { "egid_int": 149441, "strasse": null, "hausnummer": null, "plz": null, "ortschaft": null, "baujahr": 1933.0, "grundflaeche_m2": 169.89883803000001, "gebaeudealter_2026": 93.0, "gebaeude_nutzung": "Gebäude Wohnen", "qualitaet": "AV93", "bev_pers_n": 278.0, "bev_dichte_pha": 278.0 }, "geometry": { "type": "Point", "coordinates": [ 8.51061600245567, 47.383395914580092 ] } },
{ "type": "Feature", "properties": { "egid_int": 149442, "strasse": null, "hausnummer": null, "plz": null, "ortschaft": null, "baujahr": 1933.0, "grundflaeche_m2": 201.23045369, "gebaeudealter_2026": 93.0, "gebaeude_nutzung": "Gebäude Wohnen", "qualitaet": "AV93", "bev_pers_n": 278.0, "bev_dichte_pha": 278.0 }, "geometry": { "type": "Point", "coordinates": [ 8.510501173635367, 47.383291701664092 ] } },
{ "type": "Feature", "properties": { "egid_int": 149443, "strasse": null, "hausnummer": null, "plz": null, "ortschaft": null, "baujahr": 1933.0, "grundflaeche_m2": 171.7604545, "gebaeudealter_2026": 93.0, "gebaeude_nutzung": "Gebäude Wohnen", "qualitaet": "AV93", "bev_pers_n": 221.0, "bev_dichte_pha": 221.0 }, "geometry": { "type": "Point", "coordinates": [ 8.510362744108757, 47.383190100255874 ] } },
{ "type": "Feature", "properties": { "egid_int": 149444, "strasse": null, "hausnummer": null, "plz": null, "ortschaft": null, "baujahr": 1933.0, "grundflaeche_m2": 204.980291, "gebaeudealter_2026": 93.0, "gebaeude_nutzung": "Gebäude Wohnen", "qualitaet": "AV93", "bev_pers_n": 221.0, "bev_dichte_pha": 221.0 }, "geometry": { "type": "Point", "coordinates": [ 8.511041549118614, 47.382884715229075 ] } },
{ "type": "Feature", "properties": { "egid_int": 149445, "strasse": null, "hausnummer": null, "plz": null, "ortschaft": null, "baujahr": 1933.0, "grundflaeche_m2": 205.401624, "gebaeudealter_2026": 93.0, "gebaeude_nutzung": "Gebäude Wohnen", "qualitaet": "AV93", "bev_pers_n": 221.0, "bev_dichte_pha": 221.0 }, "geometry": { "type": "Point", "coordinates": [ 8.510852876137319, 47.38296234883331 ] } },
{ "type": "Feature", "properties": { "egid_int": 149446, "strasse": null, "hausnummer": null, "plz": null, "ortschaft": null, "baujahr": 1933.0, "grundflaeche_m2": 205.845161, "gebaeudealter_2026": 93.0, "gebaeude_nutzung": "Gebäude Wohnen", "qualitaet": "AV93", "bev_pers_n": 221.0, "bev_dichte_pha": 221.0 }, "geometry": { "type": "Point", "coordinates": [ 8.510684432698984, 47.383044921600359 ] } },
{ "type": "Feature", "properties": { "egid_int": 149447, "strasse": null, "hausnummer": null, "plz": null, "ortschaft": null, "baujahr": 1933.0, "grundflaeche_m2": 185.335725, "gebaeudealter_2026": 93.0, "gebaeude_nutzung": "Gebäude Wohnen", "qualitaet": "AV93", "bev_pers_n": 221.0, "bev_dichte_pha": 221.0 }, "geometry": { "type": "Point", "coordinates": [ 8.510497558257217, 47.383111941727073 ] } },
{ "type": "Feature", "properties": { "egid_int": 149448, "strasse": null, "hausnummer": null, "plz": null, "ortschaft": null, "baujahr": 1931.0, "grundflaeche_m2": 181.30150897499999, "gebaeudealter_2026": 95.0, "gebaeude_nutzung": "Gebäude Wohnen", "qualitaet": "AV93", "bev_pers_n": 278.0, "bev_dichte_pha": 278.0 }, "geometry": { "type": "Point", "coordinates": [ 8.511064934928713, 47.383646056901817 ] } },
{ "type": "Feature", "properties": { "egid_int": 149449, "strasse": null, "hausnummer": null, "plz": null, "ortschaft": null, "baujahr": 1931.0, "grundflaeche_m2": 168.353165, "gebaeudealter_2026": 95.0, "gebaeude_nutzung": "Gebäude Wohnen", "qualitaet": "AV93", "bev_pers_n": 278.0, "bev_dichte_pha": 278.0 }, "geometry": { "type": "Point", "coordinates": [ 8.51121099160917, 47.383577022136357 ] } },
{ "type": "Feature", "properties": { "egid_int": 149451, "strasse": null, "hausnummer": null, "plz": null, "ortschaft": null, "baujahr": 1931.0, "grundflaeche_m2": 204.073242, "gebaeudealter_2026": 95.0, "gebaeude_nutzung": "Gebäude Wohnen", "qualitaet": "AV93", "bev_pers_n": 141.0, "bev_dichte_pha": 141.0 }, "geometry": { "type": "Point", "coordinates": [ 8.511514462616882, 47.383426883119945 ] } },
{ "type": "Feature", "properties": { "egid_int": 149452, "strasse": null, "hausnummer": null, "plz": null, "ortschaft": null, "baujahr": 1909.0, "grundflaeche_m2": 133.084296, "gebaeudealter_2026": 117.0, "gebaeude_nutzung": "Gebäude Wohnen", "qualitaet": "AV93", "bev_pers_n": 221.0, "bev_dichte_pha": 221.0 }, "geometry": { "type": "Point", "coordinates": [ 8.511176591168823, 47.383068040533914 ] } },
{ "type": "Feature", "properties": { "egid_int": 149453, "strasse": null, "hausnummer": null, "plz": null, "ortschaft": null, "baujahr": 1932.0, "grundflaeche_m2": 204.7946995, "gebaeudealter_2026": 94.0, "gebaeude_nutzung": "Gebäude Wohnen", "qualitaet": "AV93", "bev_pers_n": 221.0, "bev_dichte_pha": 221.0 }, "geometry": { "type": "Point", "coordinates": [ 8.511306107131698, 47.383226806469132 ] } },
{ "type": "Feature", "properties": { "egid_int": 149454, "strasse": null, "hausnummer": null, "plz": null, "ortschaft": null, "baujahr": 1932.0, "grundflaeche_m2": 169.5715455, "gebaeudealter_2026": 94.0, "gebaeude_nutzung": "Gebäude Wohnen", "qualitaet": "AV93", "bev_pers_n": 278.0, "bev_dichte_pha": 278.0 }, "geometry": { "type": "Point", "coordinates": [ 8.511151304356135, 47.383311987762859 ] } },
{ "type": "Feature", "properties": { "egid_int": 149455, "strasse": null, "hausnummer": null, "plz": null, "ortschaft": null, "baujahr": 1932.0, "grundflaeche_m2": 169.7627565, "gebaeudealter_2026": 94.0, "gebaeude_nutzung": "Gebäude Wohnen", "qualitaet": "AV93", "bev_pers_n": 278.0, "bev_dichte_pha": 278.0 }, "geometry": { "type": "Point", "coordinates": [ 8.511006799629365, 47.38338374256093 ] } },
{ "type": "Feature", "properties": { "egid_int": 149456, "strasse": null, "hausnummer": null, "plz": null, "ortschaft": null, "baujahr": 1932.0, "grundflaeche_m2": 181.2638535, "gebaeudealter_2026": 94.0, "gebaeude_nutzung": "Gebäude Wohnen", "qualitaet": "AV93", "bev_pers_n": 278.0, "bev_dichte_pha": 278.0 }, "geometry": { "type": "Point", "coordinates": [ 8.510857738405786, 47.383454172209625 ] } },
{ "type": "Feature", "properties": { "egid_int": 149457, "strasse": null, "hausnummer": null, "plz": null, "ortschaft": null, "baujahr": 1931.0, "grundflaeche_m2": 182.71268106, "gebaeudealter_2026": 95.0, "gebaeude_nutzung": "Gebäude Wohnen", "qualitaet": "AV93", "bev_pers_n": 278.0, "bev_dichte_pha": 278.0 }, "geometry": { "type": "Point", "coordinates": [ 8.511191460678967, 47.38395627371527 ] } },
{ "type": "Feature", "properties": { "egid_int": 149458, "strasse": null, "hausnummer": null, "plz": null, "ortschaft": null, "baujahr": 1931.0, "grundflaeche_m2": 200.796008, "gebaeudealter_2026": 95.0, "gebaeude_nutzung": "Gebäude Wohnen", "qualitaet": "AV93", "bev_pers_n": 278.0, "bev_dichte_pha": 278.0 }, "geometry": { "type": "Point", "coordinates": [ 8.511073239068052, 47.383833634977726 ] } },
{ "type": "Feature", "properties": { "egid_int": 149459, "strasse": null, "hausnummer": null, "plz": null, "ortschaft": null, "baujahr": 1931.0, "grundflaeche_m2": 167.7627035, "gebaeudealter_2026": 95.0, "gebaeude_nutzung": "Gebäude Wohnen", "qualitaet": "AV93", "bev_pers_n": 278.0, "bev_dichte_pha": 278.0 }, "geometry": { "type": "Point", "coordinates": [ 8.51093202862234, 47.383744023503162 ] } },
{ "type": "Feature", "properties": { "egid_int": 149460, "strasse": null, "hausnummer": null, "plz": null, "ortschaft": null, "baujahr": 1931.0, "grundflaeche_m2": 199.170747, "gebaeudealter_2026": 95.0, "gebaeude_nutzung": "Gebäude Wohnen", "qualitaet": "AV93", "bev_pers_n": 141.0, "bev_dichte_pha": 141.0 }, "geometry": { "type": "Point", "coordinates": [ 8.511843483845752, 47.383709708625183 ] } },
{ "type": "Feature", "properties": { "egid_int": 149461, "strasse": null, "hausnummer": null, "plz": null, "ortschaft": null, "baujahr": 1931.0, "grundflaeche_m2": 181.866569, "gebaeudealter_2026": 95.0, "gebaeude_nutzung": "Gebäude Wohnen", "qualitaet": "AV93", "bev_pers_n": 141.0, "bev_dichte_pha": 141.0 }, "geometry": { "type": "Point", "coordinates": [ 8.511701184142314, 47.383776532490636 ] } },
{ "type": "Feature", "properties": { "egid_int": 149462, "strasse": null, "hausnummer": null, "plz": null, "ortschaft": null, "baujahr": 1931.0, "grundflaeche_m2": 205.07309, "gebaeudealter_2026": 95.0, "gebaeude_nutzung": "Gebäude Wohnen", "qualitaet": "AV93", "bev_pers_n": 141.0, "bev_dichte_pha": 141.0 }, "geometry": { "type": "Point", "coordinates": [ 8.511526894840747, 47.383843779179202 ] } },
{ "type": "Feature", "properties": { "egid_int": 149463, "strasse": null, "hausnummer": null, "plz": null, "ortschaft": null, "baujahr": 1931.0, "grundflaeche_m2": 181.33007056, "gebaeudealter_2026": 95.0, "gebaeude_nutzung": "Gebäude Wohnen", "qualitaet": "AV93", "bev_pers_n": 141.0, "bev_dichte_pha": 141.0 }, "geometry": { "type": "Point", "coordinates": [ 8.511358277686041, 47.383917809187352 ] } },
{ "type": "Feature", "properties": { "egid_int": 149464, "strasse": "Hohlstrasse", "hausnummer": "271", "plz": 8004.0, "ortschaft": "Zürich", "baujahr": 1931.0, "grundflaeche_m2": 154.2646445, "gebaeudealter_2026": 95.0, "gebaeude_nutzung": "Gebäude Wohnen", "qualitaet": "AV93", "bev_pers_n": 239.0, "bev_dichte_pha": 239.0 }, "geometry": { "type": "Point", "coordinates": [ 8.513504369427659, 47.382947947053644 ] } },
{ "type": "Feature", "properties": { "egid_int": 149465, "strasse": "Hohlstrasse", "hausnummer": "273", "plz": 8004.0, "ortschaft": "Zürich", "baujahr": 1931.0, "grundflaeche_m2": 288.7061825, "gebaeudealter_2026": 95.0, "gebaeude_nutzung": "Gebäude Wohnen", "qualitaet": "AV93", "bev_pers_n": 239.0, "bev_dichte_pha": 239.0 }, "geometry": { "type": "Point", "coordinates": [ 8.513334919573799, 47.382996171900068 ] } },
{ "type": "Feature", "properties": { "egid_int": 149466, "strasse": "Hohlstrasse", "hausnummer": "275", "plz": 8004.0, "ortschaft": "Zürich", "baujahr": 1931.0, "grundflaeche_m2": 177.0332925, "gebaeudealter_2026": 95.0, "gebaeude_nutzung": "Gebäude Wohnen", "qualitaet": "AV93", "bev_pers_n": 239.0, "bev_dichte_pha": 239.0 }, "geometry": { "type": "Point", "coordinates": [ 8.513148299592292, 47.383075643168553 ] } },
{ "type": "Feature", "properties": { "egid_int": 149467, "strasse": "Hohlstrasse", "hausnummer": "277", "plz": 8004.0, "ortschaft": "Zürich", "baujahr": 1931.0, "grundflaeche_m2": 176.651629, "gebaeudealter_2026": 95.0, "gebaeude_nutzung": "Gebäude Wohnen", "qualitaet": "AV93", "bev_pers_n": 239.0, "bev_dichte_pha": 239.0 }, "geometry": { "type": "Point", "coordinates": [ 8.512966972804286, 47.383165436228445 ] } },
{ "type": "Feature", "properties": { "egid_int": 149468, "strasse": "Hohlstrasse", "hausnummer": "279", "plz": 8004.0, "ortschaft": "Zürich", "baujahr": 1931.0, "grundflaeche_m2": 161.247371, "gebaeudealter_2026": 95.0, "gebaeude_nutzung": "Gebäude Wohnen", "qualitaet": "AV93", "bev_pers_n": 19.0, "bev_dichte_pha": 19.0 }, "geometry": { "type": "Point", "coordinates": [ 8.512762785687901, 47.383257168588941 ] } },
{ "type": "Feature", "properties": { "egid_int": 149469, "strasse": "Hohlstrasse", "hausnummer": "281", "plz": 8004.0, "ortschaft": "Zürich", "baujahr": 1931.0, "grundflaeche_m2": 160.473791, "gebaeudealter_2026": 95.0, "gebaeude_nutzung": "Gebäude Wohnen", "qualitaet": "AV93", "bev_pers_n": 228.0, "bev_dichte_pha": 228.0 }, "geometry": { "type": "Point", "coordinates": [ 8.512601602524146, 47.383210300513937 ] } },
{ "type": "Feature", "properties": { "egid_int": 149470, "strasse": "Gugolzstrasse", "hausnummer": "10", "plz": 8004.0, "ortschaft": "Zürich", "baujahr": 1932.0, "grundflaeche_m2": 149.669422, "gebaeudealter_2026": 94.0, "gebaeude_nutzung": "Gebäude Wohnen", "qualitaet": "AV93", "bev_pers_n": 239.0, "bev_dichte_pha": 239.0 }, "geometry": { "type": "Point", "coordinates": [ 8.512843514619233, 47.382838308928342 ] } },
{ "type": "Feature", "properties": { "egid_int": 149471, "strasse": "Gugolzstrasse", "hausnummer": "12", "plz": 8004.0, "ortschaft": "Zürich", "baujahr": 1932.0, "grundflaeche_m2": 151.9828885, "gebaeudealter_2026": 94.0, "gebaeude_nutzung": "Gebäude Wohnen", "qualitaet": "AV93", "bev_pers_n": 239.0, "bev_dichte_pha": 239.0 }, "geometry": { "type": "Point", "coordinates": [ 8.51301235609508, 47.382765821742623 ] } },
{ "type": "Feature", "properties": { "egid_int": 149472, "strasse": "Gugolzstrasse", "hausnummer": "4", "plz": 8004.0, "ortschaft": "Zürich", "baujahr": 1932.0, "grundflaeche_m2": 159.2991735, "gebaeudealter_2026": 94.0, "gebaeude_nutzung": "Gebäude Wohnen", "qualitaet": "AV93", "bev_pers_n": 228.0, "bev_dichte_pha": 228.0 }, "geometry": { "type": "Point", "coordinates": [ 8.51232416636196, 47.382948567914163 ] } },
{ "type": "Feature", "properties": { "egid_int": 149473, "strasse": "Gugolzstrasse", "hausnummer": "6", "plz": 8004.0, "ortschaft": "Zürich", "baujahr": 1932.0, "grundflaeche_m2": 159.724754, "gebaeudealter_2026": 94.0, "gebaeude_nutzung": "Gebäude Wohnen", "qualitaet": "AV93", "bev_pers_n": 228.0, "bev_dichte_pha": 228.0 }, "geometry": { "type": "Point", "coordinates": [ 8.512525137149684, 47.382984461351199 ] } },
{ "type": "Feature", "properties": { "egid_int": 149474, "strasse": "Gugolzstrasse", "hausnummer": "8", "plz": 8004.0, "ortschaft": "Zürich", "baujahr": 1932.0, "grundflaeche_m2": 148.805939, "gebaeudealter_2026": 94.0, "gebaeude_nutzung": "Gebäude Wohnen", "qualitaet": "AV93", "bev_pers_n": 239.0, "bev_dichte_pha": 239.0 }, "geometry": { "type": "Point", "coordinates": [ 8.512679771153792, 47.382911432093174 ] } },
{ "type": "Feature", "properties": { "egid_int": 149475, "strasse": "Gugolzstrasse", "hausnummer": "14", "plz": 8004.0, "ortschaft": "Zürich", "baujahr": 1932.0, "grundflaeche_m2": 197.33859304500001, "gebaeudealter_2026": 94.0, "gebaeude_nutzung": "Gebäude Wohnen", "qualitaet": "AV93", "bev_pers_n": 228.0, "bev_dichte_pha": 228.0 }, "geometry": { "type": "Point", "coordinates": [ 8.512087236244689, 47.382677814032213 ] } },
{ "type": "Feature", "properties": { "egid_int": 149476, "strasse": "Gugolzstrasse", "hausnummer": "16", "plz": 8004.0, "ortschaft": "Zürich", "baujahr": 1932.0, "grundflaeche_m2": 158.601621, "gebaeudealter_2026": 94.0, "gebaeude_nutzung": "Gebäude Wohnen", "qualitaet": "AV93", "bev_pers_n": 228.0, "bev_dichte_pha": 228.0 }, "geometry": { "type": "Point", "coordinates": [ 8.51227746181844, 47.382715516794768 ] } },
{ "type": "Feature", "properties": { "egid_int": 149477, "strasse": "Gugolzstrasse", "hausnummer": "18", "plz": 8004.0, "ortschaft": "Zürich", "baujahr": 1932.0, "grundflaeche_m2": 148.3732475, "gebaeudealter_2026": 94.0, "gebaeude_nutzung": "Gebäude Wohnen", "qualitaet": "AV93", "bev_pers_n": 228.0, "bev_dichte_pha": 228.0 }, "geometry": { "type": "Point", "coordinates": [ 8.512432122924034, 47.382643854858024 ] } },
{ "type": "Feature", "properties": { "egid_int": 149478, "strasse": "Gugolzstrasse", "hausnummer": "20", "plz": 8004.0, "ortschaft": "Zürich", "baujahr": 1932.0, "grundflaeche_m2": 149.484329, "gebaeudealter_2026": 94.0, "gebaeude_nutzung": "Gebäude Wohnen", "qualitaet": "AV93", "bev_pers_n": 228.0, "bev_dichte_pha": 228.0 }, "geometry": { "type": "Point", "coordinates": [ 8.512582732485535, 47.38257292299172 ] } },
{ "type": "Feature", "properties": { "egid_int": 149479, "strasse": "Gugolzstrasse", "hausnummer": "22", "plz": 8004.0, "ortschaft": "Zürich", "baujahr": 1932.0, "grundflaeche_m2": 153.5692945, "gebaeudealter_2026": 94.0, "gebaeude_nutzung": "Gebäude Wohnen", "qualitaet": "AV93", "bev_pers_n": 239.0, "bev_dichte_pha": 239.0 }, "geometry": { "type": "Point", "coordinates": [ 8.51274644731151, 47.382498423968073 ] } },
{ "type": "Feature", "properties": { "egid_int": 149480, "strasse": "Gugolzstrasse", "hausnummer": "24", "plz": 8004.0, "ortschaft": "Zürich", "baujahr": 1933.0, "grundflaeche_m2": 141.926077, "gebaeudealter_2026": 93.0, "gebaeude_nutzung": "Gebäude Wohnen", "qualitaet": "AV93", "bev_pers_n": 228.0, "bev_dichte_pha": 228.0 }, "geometry": { "type": "Point", "coordinates": [ 8.511915749919838, 47.3824980125802 ] } },
{ "type": "Feature", "properties": { "egid_int": 149481, "strasse": "Gugolzstrasse", "hausnummer": "26", "plz": 8004.0, "ortschaft": "Zürich", "baujahr": 1933.0, "grundflaeche_m2": 133.020492, "gebaeudealter_2026": 93.0, "gebaeude_nutzung": "Gebäude Wohnen", "qualitaet": "AV93", "bev_pers_n": 228.0, "bev_dichte_pha": 228.0 }, "geometry": { "type": "Point", "coordinates": [ 8.512069619085603, 47.382434382087503 ] } },
{ "type": "Feature", "properties": { "egid_int": 149482, "strasse": "Gugolzstrasse", "hausnummer": "28", "plz": 8004.0, "ortschaft": "Zürich", "baujahr": 1933.0, "grundflaeche_m2": 134.766174, "gebaeudealter_2026": 93.0, "gebaeude_nutzung": "Gebäude Wohnen", "qualitaet": "AV93", "bev_pers_n": 228.0, "bev_dichte_pha": 228.0 }, "geometry": { "type": "Point", "coordinates": [ 8.512205678568392, 47.382370925878448 ] } },
{ "type": "Feature", "properties": { "egid_int": 149483, "strasse": "Gugolzstrasse", "hausnummer": "30", "plz": 8004.0, "ortschaft": "Zürich", "baujahr": 1933.0, "grundflaeche_m2": 132.769958, "gebaeudealter_2026": 93.0, "gebaeude_nutzung": "Gebäude Wohnen", "qualitaet": "AV93", "bev_pers_n": 139.0, "bev_dichte_pha": 139.0 }, "geometry": { "type": "Point", "coordinates": [ 8.512362172338568, 47.382310733701893 ] } },
{ "type": "Feature", "properties": { "egid_int": 149484, "strasse": "Gugolzstrasse", "hausnummer": "32", "plz": 8004.0, "ortschaft": "Zürich", "baujahr": 1933.0, "grundflaeche_m2": 141.569147, "gebaeudealter_2026": 93.0, "gebaeude_nutzung": "Gebäude Wohnen", "qualitaet": "AV93", "bev_pers_n": 139.0, "bev_dichte_pha": 139.0 }, "geometry": { "type": "Point", "coordinates": [ 8.512515971024524, 47.382243658141306 ] } },
{ "type": "Feature", "properties": { "egid_int": 149485, "strasse": "Eichbühlstrasse", "hausnummer": "12", "plz": 8004.0, "ortschaft": "Zürich", "baujahr": 1924.0, "grundflaeche_m2": 177.2205375, "gebaeudealter_2026": 102.0, "gebaeude_nutzung": "Gebäude Wohnen", "qualitaet": "AV93", "bev_pers_n": 239.0, "bev_dichte_pha": 239.0 }, "geometry": { "type": "Point", "coordinates": [ 8.513123619396431, 47.3824138170962 ] } },
{ "type": "Feature", "properties": { "egid_int": 149486, "strasse": "Eichbühlstrasse", "hausnummer": "14", "plz": 8004.0, "ortschaft": "Zürich", "baujahr": 1924.0, "grundflaeche_m2": 174.006047, "gebaeudealter_2026": 102.0, "gebaeude_nutzung": "Gebäude Wohnen", "qualitaet": "AV93", "bev_pers_n": 302.0, "bev_dichte_pha": 302.0 }, "geometry": { "type": "Point", "coordinates": [ 8.512990039957725, 47.382278334196485 ] } },
{ "type": "Feature", "properties": { "egid_int": 149487, "strasse": "Eichbühlstrasse", "hausnummer": "16", "plz": 8004.0, "ortschaft": "Zürich", "baujahr": 1924.0, "grundflaeche_m2": 177.456976, "gebaeudealter_2026": 102.0, "gebaeude_nutzung": "Gebäude Wohnen", "qualitaet": "AV93", "bev_pers_n": 302.0, "bev_dichte_pha": 302.0 }, "geometry": { "type": "Point", "coordinates": [ 8.512865993793772, 47.382141395248325 ] } },
{ "type": "Feature", "properties": { "egid_int": 149488, "strasse": "Gugolzstrasse", "hausnummer": "3", "plz": 8004.0, "ortschaft": "Zürich", "baujahr": 1942.0, "grundflaeche_m2": 209.1181085, "gebaeudealter_2026": 84.0, "gebaeude_nutzung": "Gebäude Wohnen", "qualitaet": "AV93", "bev_pers_n": 239.0, "bev_dichte_pha": 239.0 }, "geometry": { "type": "Point", "coordinates": [ 8.513339014729045, 47.382569416368085 ] } },
{ "type": "Feature", "properties": { "egid_int": 149489, "strasse": "Hardplatz", "hausnummer": "9", "plz": 8004.0, "ortschaft": "Zürich", "baujahr": 1913.0, "grundflaeche_m2": 237.125469, "gebaeudealter_2026": 113.0, "gebaeude_nutzung": "Gebäude Wohnen", "qualitaet": "AV93", "bev_pers_n": 28.0, "bev_dichte_pha": 28.0 }, "geometry": { "type": "Point", "coordinates": [ 8.514042963055525, 47.382432949957327 ] } },
{ "type": "Feature", "properties": { "egid_int": 149490, "strasse": "Hardplatz", "hausnummer": "15", "plz": 8004.0, "ortschaft": "Zürich", "baujahr": 1912.0, "grundflaeche_m2": 111.119049, "gebaeudealter_2026": 114.0, "gebaeude_nutzung": "Gebäude Wohnen", "qualitaet": "AV93", "bev_pers_n": 239.0, "bev_dichte_pha": 239.0 }, "geometry": { "type": "Point", "coordinates": [ 8.513867350868166, 47.382509099726292 ] } },
{ "type": "Feature", "properties": { "egid_int": 149491, "strasse": "Hardplatz", "hausnummer": "17", "plz": 8004.0, "ortschaft": "Zürich", "baujahr": 1912.0, "grundflaeche_m2": 139.4407385, "gebaeudealter_2026": 114.0, "gebaeude_nutzung": "Gebäude Wohnen", "qualitaet": "AV93", "bev_pers_n": 239.0, "bev_dichte_pha": 239.0 }, "geometry": { "type": "Point", "coordinates": [ 8.513623115958307, 47.382404385080363 ] } },
{ "type": "Feature", "properties": { "egid_int": 149492, "strasse": "Hardplatz", "hausnummer": "19", "plz": 8004.0, "ortschaft": "Zürich", "baujahr": 1912.0, "grundflaeche_m2": 106.3023375, "gebaeudealter_2026": 114.0, "gebaeude_nutzung": "Gebäude Wohnen", "qualitaet": "AV93", "bev_pers_n": 239.0, "bev_dichte_pha": 239.0 }, "geometry": { "type": "Point", "coordinates": [ 8.513758527067443, 47.382560323011958 ] } },
{ "type": "Feature", "properties": { "egid_int": 149493, "strasse": "Hardplatz", "hausnummer": "21", "plz": 8004.0, "ortschaft": "Zürich", "baujahr": 1929.0, "grundflaeche_m2": 240.3248335, "gebaeudealter_2026": 97.0, "gebaeude_nutzung": "Gebäude Wohnen", "qualitaet": "AV93", "bev_pers_n": 239.0, "bev_dichte_pha": 239.0 }, "geometry": { "type": "Point", "coordinates": [ 8.513647704895231, 47.38261491095593 ] } },
{ "type": "Feature", "properties": { "egid_int": 149494, "strasse": "Eichbühlstrasse", "hausnummer": "6", "plz": 8004.0, "ortschaft": "Zürich", "baujahr": 1924.0, "grundflaeche_m2": 192.6802925, "gebaeudealter_2026": 102.0, "gebaeude_nutzung": "Gebäude Wohnen", "qualitaet": "AV93", "bev_pers_n": 302.0, "bev_dichte_pha": 302.0 }, "geometry": { "type": "Point", "coordinates": [ 8.513366429434848, 47.382300811195122 ] } },
{ "type": "Feature", "properties": { "egid_int": 149495, "strasse": "Hardstrasse", "hausnummer": "91", "plz": 8004.0, "ortschaft": "Zürich", "baujahr": 1925.0, "grundflaeche_m2": 176.7865765, "gebaeudealter_2026": 101.0, "gebaeude_nutzung": "Gebäude Wohnen", "qualitaet": "AV93", "bev_pers_n": 302.0, "bev_dichte_pha": 302.0 }, "geometry": { "type": "Point", "coordinates": [ 8.513535342491982, 47.381843261204445 ] } },
{ "type": "Feature", "properties": { "egid_int": 149496, "strasse": "Hardstrasse", "hausnummer": "93", "plz": 8004.0, "ortschaft": "Zürich", "baujahr": 1925.0, "grundflaeche_m2": 174.1919205, "gebaeudealter_2026": 101.0, "gebaeude_nutzung": "Gebäude Wohnen", "qualitaet": "AV93", "bev_pers_n": 302.0, "bev_dichte_pha": 302.0 }, "geometry": { "type": "Point", "coordinates": [ 8.513662346625805, 47.381977095613756 ] } },
{ "type": "Feature", "properties": { "egid_int": 149497, "strasse": "Hardstrasse", "hausnummer": "95", "plz": 8004.0, "ortschaft": "Zürich", "baujahr": 1925.0, "grundflaeche_m2": 174.4001535, "gebaeudealter_2026": 101.0, "gebaeude_nutzung": "Gebäude Wohnen", "qualitaet": "AV93", "bev_pers_n": 302.0, "bev_dichte_pha": 302.0 }, "geometry": { "type": "Point", "coordinates": [ 8.513787855690609, 47.382111627423335 ] } },
{ "type": "Feature", "properties": { "egid_int": 149498, "strasse": "Hardstrasse", "hausnummer": "97", "plz": 8004.0, "ortschaft": "Zürich", "baujahr": 1925.0, "grundflaeche_m2": 174.9373775, "gebaeudealter_2026": 101.0, "gebaeude_nutzung": "Gebäude Wohnen", "qualitaet": "AV93", "bev_pers_n": 302.0, "bev_dichte_pha": 302.0 }, "geometry": { "type": "Point", "coordinates": [ 8.513910428405971, 47.382224652207213 ] } },
{ "type": "Feature", "properties": { "egid_int": 149499, "strasse": "Hardstrasse", "hausnummer": "99", "plz": 8004.0, "ortschaft": "Zürich", "baujahr": 1925.0, "grundflaeche_m2": 77.300699, "gebaeudealter_2026": 101.0, "gebaeude_nutzung": "Gebäude Wohnen", "qualitaet": "AV93", "bev_pers_n": 288.0, "bev_dichte_pha": 288.0 }, "geometry": { "type": "Point", "coordinates": [ 8.514015556604512, 47.382321774029535 ] } },
{ "type": "Feature", "properties": { "egid_int": 149500, "strasse": "Eichbühlstrasse", "hausnummer": "4", "plz": 8004.0, "ortschaft": "Zürich", "baujahr": 1924.0, "grundflaeche_m2": 162.7376995, "gebaeudealter_2026": 102.0, "gebaeude_nutzung": "Gebäude Wohnen", "qualitaet": "AV93", "bev_pers_n": 302.0, "bev_dichte_pha": 302.0 }, "geometry": { "type": "Point", "coordinates": [ 8.513570453314108, 47.38221106712767 ] } },
{ "type": "Feature", "properties": { "egid_int": 149501, "strasse": "Eichbühlstrasse", "hausnummer": "63", "plz": 8004.0, "ortschaft": "Zürich", "baujahr": 1935.0, "grundflaeche_m2": 174.558566, "gebaeudealter_2026": 91.0, "gebaeude_nutzung": "Gebäude Wohnen", "qualitaet": "AV93", "bev_pers_n": 207.0, "bev_dichte_pha": 207.0 }, "geometry": { "type": "Point", "coordinates": [ 8.508196770556234, 47.383757935973868 ] } },
{ "type": "Feature", "properties": { "egid_int": 149502, "strasse": "Eichbühlstrasse", "hausnummer": "65", "plz": 8004.0, "ortschaft": "Zürich", "baujahr": 1934.0, "grundflaeche_m2": 177.2611225, "gebaeudealter_2026": 92.0, "gebaeude_nutzung": "Gebäude Wohnen", "qualitaet": "AV93", "bev_pers_n": 207.0, "bev_dichte_pha": 207.0 }, "geometry": { "type": "Point", "coordinates": [ 8.508030579278909, 47.383828988244346 ] } },
{ "type": "Feature", "properties": { "egid_int": 149503, "strasse": "Eichbühlstrasse", "hausnummer": "67", "plz": 8004.0, "ortschaft": "Zürich", "baujahr": 1934.0, "grundflaeche_m2": 199.275604, "gebaeudealter_2026": 92.0, "gebaeude_nutzung": "Gebäude Wohnen", "qualitaet": "AV93", "bev_pers_n": 207.0, "bev_dichte_pha": 207.0 }, "geometry": { "type": "Point", "coordinates": [ 8.507827863571643, 47.383909445310088 ] } },
{ "type": "Feature", "properties": { "egid_int": 149504, "strasse": "Eichbühlstrasse", "hausnummer": "69", "plz": 8004.0, "ortschaft": "Zürich", "baujahr": 1934.0, "grundflaeche_m2": 177.43513, "gebaeudealter_2026": 92.0, "gebaeude_nutzung": "Gebäude Wohnen", "qualitaet": "AV93", "bev_pers_n": 207.0, "bev_dichte_pha": 207.0 }, "geometry": { "type": "Point", "coordinates": [ 8.507644051311798, 47.383989475243752 ] } },
{ "type": "Feature", "properties": { "egid_int": 149506, "strasse": "Herdernstrasse", "hausnummer": "72", "plz": 8004.0, "ortschaft": "Zürich", "baujahr": 1934.0, "grundflaeche_m2": 201.6544655, "gebaeudealter_2026": 92.0, "gebaeude_nutzung": "Gebäude Wohnen", "qualitaet": "AV93", "bev_pers_n": 163.0, "bev_dichte_pha": 163.0 }, "geometry": { "type": "Point", "coordinates": [ 8.507270768378159, 47.383922910944982 ] } },
{ "type": "Feature", "properties": { "egid_int": 149507, "strasse": "Herdernstrasse", "hausnummer": "74", "plz": 8004.0, "ortschaft": "Zürich", "baujahr": 1934.0, "grundflaeche_m2": 240.771612, "gebaeudealter_2026": 92.0, "gebaeude_nutzung": "Gebäude Wohnen", "qualitaet": "AV93", "bev_pers_n": 207.0, "bev_dichte_pha": 207.0 }, "geometry": { "type": "Point", "coordinates": [ 8.507448911557852, 47.384058779612154 ] } },
{ "type": "Feature", "properties": { "egid_int": 149508, "strasse": "Herdernstrasse", "hausnummer": "56", "plz": 8004.0, "ortschaft": "Zürich", "baujahr": 1904.0, "grundflaeche_m2": 252.093976, "gebaeudealter_2026": 122.0, "gebaeude_nutzung": "Gebäude Wohnen", "qualitaet": "AV93", "bev_pers_n": 146.0, "bev_dichte_pha": 146.0 }, "geometry": { "type": "Point", "coordinates": [ 8.506059611274287, 47.382963638786855 ] } },
{ "type": "Feature", "properties": { "egid_int": 149509, "strasse": "Bienenstrasse", "hausnummer": "1", "plz": 8004.0, "ortschaft": "Zürich", "baujahr": 1973.0, "grundflaeche_m2": 287.3070415, "gebaeudealter_2026": 53.0, "gebaeude_nutzung": "Gebäude Wohnen", "qualitaet": "AV93", "bev_pers_n": 94.0, "bev_dichte_pha": 94.0 }, "geometry": { "type": "Point", "coordinates": [ 8.507740543324196, 47.380778017399322 ] } },
{ "type": "Feature", "properties": { "egid_int": 149510, "strasse": "Bienenstrasse", "hausnummer": "5", "plz": 8004.0, "ortschaft": "Zürich", "baujahr": 1973.0, "grundflaeche_m2": 285.9405705, "gebaeudealter_2026": 53.0, "gebaeude_nutzung": "Gebäude Wohnen", "qualitaet": "AV93", "bev_pers_n": 94.0, "bev_dichte_pha": 94.0 }, "geometry": { "type": "Point", "coordinates": [ 8.507325298097051, 47.380966222386697 ] } },
{ "type": "Feature", "properties": { "egid_int": 149511, "strasse": "Bienenstrasse", "hausnummer": "3", "plz": 8004.0, "ortschaft": "Zürich", "baujahr": 1973.0, "grundflaeche_m2": 285.7548825, "gebaeudealter_2026": 53.0, "gebaeude_nutzung": "Gebäude Wohnen", "qualitaet": "AV93", "bev_pers_n": 94.0, "bev_dichte_pha": 94.0 }, "geometry": { "type": "Point", "coordinates": [ 8.507525541525759, 47.380873951392971 ] } },
{ "type": "Feature", "properties": { "egid_int": 149512, "strasse": "Bienenstrasse", "hausnummer": "45", "plz": 8004.0, "ortschaft": "Zürich", "baujahr": 1972.0, "grundflaeche_m2": 143.1823715, "gebaeudealter_2026": 54.0, "gebaeude_nutzung": "Gebäude Verkehrswesen", "qualitaet": "AV93", "bev_pers_n": 47.0, "bev_dichte_pha": 47.0 }, "geometry": { "type": "Point", "coordinates": [ 8.504983591173776, 47.381978955050251 ] } },
{ "type": "Feature", "properties": { "egid_int": 149513, "strasse": "Herdernstrasse", "hausnummer": "8", "plz": 8004.0, "ortschaft": "Zürich", "baujahr": 1962.0, "grundflaeche_m2": 170.23454, "gebaeudealter_2026": 64.0, "gebaeude_nutzung": "Gebäude Wohnen", "qualitaet": "AV93", "bev_pers_n": 47.0, "bev_dichte_pha": 47.0 }, "geometry": { "type": "Point", "coordinates": [ 8.50446848783967, 47.381668080464571 ] } },
{ "type": "Feature", "properties": { "egid_int": 149514, "strasse": "Herdernstrasse", "hausnummer": "12", "plz": 8004.0, "ortschaft": "Zürich", "baujahr": 1963.0, "grundflaeche_m2": 263.7575945, "gebaeudealter_2026": 63.0, "gebaeude_nutzung": "Gebäude Wohnen", "qualitaet": "AV93", "bev_pers_n": 47.0, "bev_dichte_pha": 47.0 }, "geometry": { "type": "Point", "coordinates": [ 8.505024079832152, 47.381579982953639 ] } },
{ "type": "Feature", "properties": { "egid_int": 149515, "strasse": "Herdernstrasse", "hausnummer": "14", "plz": 8004.0, "ortschaft": "Zürich", "baujahr": 1963.0, "grundflaeche_m2": 222.190477, "gebaeudealter_2026": 63.0, "gebaeude_nutzung": "Gebäude Wohnen", "qualitaet": "AV93", "bev_pers_n": 309.0, "bev_dichte_pha": 309.0 }, "geometry": { "type": "Point", "coordinates": [ 8.505248501365262, 47.381475925150461 ] } },
{ "type": "Feature", "properties": { "egid_int": 149516, "strasse": "Herdernstrasse", "hausnummer": "4", "plz": 8004.0, "ortschaft": "Zürich", "baujahr": 1962.0, "grundflaeche_m2": 169.9603635, "gebaeudealter_2026": 64.0, "gebaeude_nutzung": "Gebäude Wohnen", "qualitaet": "AV93", "bev_pers_n": 36.0, "bev_dichte_pha": 36.0 }, "geometry": { "type": "Point", "coordinates": [ 8.5042397299475, 47.381428196413275 ] } },
{ "type": "Feature", "properties": { "egid_int": 149517, "strasse": "Herdernstrasse", "hausnummer": "6", "plz": 8004.0, "ortschaft": "Zürich", "baujahr": 1962.0, "grundflaeche_m2": 204.689121, "gebaeudealter_2026": 64.0, "gebaeude_nutzung": "Gebäude Wohnen", "qualitaet": "AV93", "bev_pers_n": 36.0, "bev_dichte_pha": 36.0 }, "geometry": { "type": "Point", "coordinates": [ 8.504348948296814, 47.381544727497115 ] } },
{ "type": "Feature", "properties": { "egid_int": 149518, "strasse": "Herdernstrasse", "hausnummer": "16", "plz": 8004.0, "ortschaft": "Zürich", "baujahr": 1963.0, "grundflaeche_m2": 264.471525, "gebaeudealter_2026": 63.0, "gebaeude_nutzung": "Gebäude Wohnen", "qualitaet": "AV93", "bev_pers_n": 309.0, "bev_dichte_pha": 309.0 }, "geometry": { "type": "Point", "coordinates": [ 8.505503213515972, 47.381359479818983 ] } },
{ "type": "Feature", "properties": { "egid_int": 149519, "strasse": "Badenerstrasse", "hausnummer": "454", "plz": 8004.0, "ortschaft": "Zürich", "baujahr": 1964.0, "grundflaeche_m2": 224.303032, "gebaeudealter_2026": 62.0, "gebaeude_nutzung": "Nebengebäude", "qualitaet": "AV93", "bev_pers_n": 309.0, "bev_dichte_pha": 309.0 }, "geometry": { "type": "Point", "coordinates": [ 8.504875135823655, 47.381072542691726 ] } },
{ "type": "Feature", "properties": { "egid_int": 149520, "strasse": "Badenerstrasse", "hausnummer": "460", "plz": 8004.0, "ortschaft": "Zürich", "baujahr": 1964.0, "grundflaeche_m2": 224.3339175, "gebaeudealter_2026": 62.0, "gebaeude_nutzung": "Gebäude Wohnen", "qualitaet": "AV93", "bev_pers_n": 36.0, "bev_dichte_pha": 36.0 }, "geometry": { "type": "Point", "coordinates": [ 8.504577416356478, 47.381260867268189 ] } },
{ "type": "Feature", "properties": { "egid_int": 149521, "strasse": "Bienenstrasse", "hausnummer": "7", "plz": 8004.0, "ortschaft": "Zürich", "baujahr": 1973.0, "grundflaeche_m2": 367.8870245, "gebaeudealter_2026": 53.0, "gebaeude_nutzung": "Gebäude Gastgewerbe", "qualitaet": "AV93", "bev_pers_n": 81.0, "bev_dichte_pha": 81.0 }, "geometry": { "type": "Point", "coordinates": [ 8.50708118754941, 47.381071491831435 ] } },
{ "type": "Feature", "properties": { "egid_int": 149522, "strasse": "Badenerstrasse", "hausnummer": "414", "plz": 8004.0, "ortschaft": "Zürich", "baujahr": 1973.0, "grundflaeche_m2": 747.76896, "gebaeudealter_2026": 53.0, "gebaeude_nutzung": "Gebäude Wohnen", "qualitaet": "AV93", "bev_pers_n": 62.0, "bev_dichte_pha": 62.0 }, "geometry": { "type": "Point", "coordinates": [ 8.5070662678453, 47.379986374250763 ] } },
{ "type": "Feature", "properties": { "egid_int": 149523, "strasse": "Badenerstrasse", "hausnummer": "420", "plz": 8004.0, "ortschaft": "Zürich", "baujahr": 1973.0, "grundflaeche_m2": 2423.5003485000002, "gebaeudealter_2026": 53.0, "gebaeude_nutzung": "Gebäude Gastgewerbe", "qualitaet": "AV93", "bev_pers_n": 62.0, "bev_dichte_pha": 62.0 }, "geometry": { "type": "Point", "coordinates": [ 8.506609180309699, 47.380163459009943 ] } },
{ "type": "Feature", "properties": { "egid_int": 149524, "strasse": "Badenerstrasse", "hausnummer": "444", "plz": 8004.0, "ortschaft": "Zürich", "baujahr": 1950.0, "grundflaeche_m2": 207.143494, "gebaeudealter_2026": 76.0, "gebaeude_nutzung": "Gebäude Wohnen", "qualitaet": "AV93", "bev_pers_n": 309.0, "bev_dichte_pha": 309.0 }, "geometry": { "type": "Point", "coordinates": [ 8.505254381908001, 47.380753323982198 ] } },
{ "type": "Feature", "properties": { "egid_int": 149525, "strasse": "Badenerstrasse", "hausnummer": "446", "plz": 8004.0, "ortschaft": "Zürich", "baujahr": 1950.0, "grundflaeche_m2": 164.197876, "gebaeudealter_2026": 76.0, "gebaeude_nutzung": "Gebäude Wohnen", "qualitaet": "AV93", "bev_pers_n": 309.0, "bev_dichte_pha": 309.0 }, "geometry": { "type": "Point", "coordinates": [ 8.505047530412876, 47.380845121296375 ] } },
{ "type": "Feature", "properties": { "egid_int": 149526, "strasse": "Norastrasse", "hausnummer": "5", "plz": 8004.0, "ortschaft": "Zürich", "baujahr": 1973.0, "grundflaeche_m2": 277.9067865, "gebaeudealter_2026": 53.0, "gebaeude_nutzung": "Gebäude Verwaltung", "qualitaet": "AV93", "bev_pers_n": 109.0, "bev_dichte_pha": 109.0 }, "geometry": { "type": "Point", "coordinates": [ 8.507419616793795, 47.380344752765986 ] } },
{ "type": "Feature", "properties": { "egid_int": 149527, "strasse": "Norastrasse", "hausnummer": "6", "plz": 8004.0, "ortschaft": "Zürich", "baujahr": 1934.0, "grundflaeche_m2": 145.3093005, "gebaeudealter_2026": 92.0, "gebaeude_nutzung": "Gebäude Wohnen", "qualitaet": "AV93", "bev_pers_n": 109.0, "bev_dichte_pha": 109.0 }, "geometry": { "type": "Point", "coordinates": [ 8.507643757178478, 47.380075965969212 ] } },
{ "type": "Feature", "properties": { "egid_int": 149528, "strasse": "Norastrasse", "hausnummer": "8", "plz": 8004.0, "ortschaft": "Zürich", "baujahr": 1934.0, "grundflaeche_m2": 152.5222235, "gebaeudealter_2026": 92.0, "gebaeude_nutzung": "Gebäude Wohnen", "qualitaet": "AV93", "bev_pers_n": 109.0, "bev_dichte_pha": 109.0 }, "geometry": { "type": "Point", "coordinates": [ 8.507733226746479, 47.380173616119698 ] } },
{ "type": "Feature", "properties": { "egid_int": 149529, "strasse": "Norastrasse", "hausnummer": "10", "plz": 8004.0, "ortschaft": "Zürich", "baujahr": 1938.0, "grundflaeche_m2": 224.670772, "gebaeudealter_2026": 88.0, "gebaeude_nutzung": "Gebäude Wohnen", "qualitaet": "AV93", "bev_pers_n": 109.0, "bev_dichte_pha": 109.0 }, "geometry": { "type": "Point", "coordinates": [ 8.507861504936418, 47.380265608924589 ] } },
{ "type": "Feature", "properties": { "egid_int": 149530, "strasse": "Eichbühlstrasse", "hausnummer": "47", "plz": 8004.0, "ortschaft": "Zürich", "baujahr": 1935.0, "grundflaeche_m2": 179.262735, "gebaeudealter_2026": 91.0, "gebaeude_nutzung": "Gebäude Wohnen", "qualitaet": "AV93", "bev_pers_n": 46.0, "bev_dichte_pha": 46.0 }, "geometry": { "type": "Point", "coordinates": [ 8.509416376504891, 47.383219986700695 ] } },
{ "type": "Feature", "properties": { "egid_int": 149531, "strasse": "Eichbühlstrasse", "hausnummer": "49", "plz": 8004.0, "ortschaft": "Zürich", "baujahr": 1936.0, "grundflaeche_m2": 178.36744, "gebaeudealter_2026": 90.0, "gebaeude_nutzung": "Gebäude Wohnen", "qualitaet": "AV93", "bev_pers_n": 281.0, "bev_dichte_pha": 281.0 }, "geometry": { "type": "Point", "coordinates": [ 8.509258259297894, 47.383286684295548 ] } },
{ "type": "Feature", "properties": { "egid_int": 149532, "strasse": "Eichbühlstrasse", "hausnummer": "51", "plz": 8004.0, "ortschaft": "Zürich", "baujahr": 1937.0, "grundflaeche_m2": 178.552575, "gebaeudealter_2026": 89.0, "gebaeude_nutzung": "Gebäude Wohnen", "qualitaet": "AV93", "bev_pers_n": 281.0, "bev_dichte_pha": 281.0 }, "geometry": { "type": "Point", "coordinates": [ 8.509097910130345, 47.38335239490128 ] } },
{ "type": "Feature", "properties": { "egid_int": 149533, "strasse": "Eichbühlstrasse", "hausnummer": "53", "plz": 8004.0, "ortschaft": "Zürich", "baujahr": 1937.0, "grundflaeche_m2": 178.430368, "gebaeudealter_2026": 89.0, "gebaeude_nutzung": "Gebäude Wohnen", "qualitaet": "AV93", "bev_pers_n": 281.0, "bev_dichte_pha": 281.0 }, "geometry": { "type": "Point", "coordinates": [ 8.508950823985289, 47.383414456342898 ] } },
{ "type": "Feature", "properties": { "egid_int": 149534, "strasse": "Eichbühlstrasse", "hausnummer": "55", "plz": 8004.0, "ortschaft": "Zürich", "baujahr": 1937.0, "grundflaeche_m2": 178.308408, "gebaeudealter_2026": 89.0, "gebaeude_nutzung": "Gebäude Wohnen", "qualitaet": "AV93", "bev_pers_n": 281.0, "bev_dichte_pha": 281.0 }, "geometry": { "type": "Point", "coordinates": [ 8.50879346737039, 47.383482153687844 ] } },
{ "type": "Feature", "properties": { "egid_int": 149535, "strasse": "Eichbühlstrasse", "hausnummer": "57", "plz": 8004.0, "ortschaft": "Zürich", "baujahr": 1937.0, "grundflaeche_m2": 177.4387825, "gebaeudealter_2026": 89.0, "gebaeude_nutzung": "Gebäude Wohnen", "qualitaet": "AV93", "bev_pers_n": 207.0, "bev_dichte_pha": 207.0 }, "geometry": { "type": "Point", "coordinates": [ 8.508647228212228, 47.383549495987637 ] } },
{ "type": "Feature", "properties": { "egid_int": 149536, "strasse": "Eichbühlstrasse", "hausnummer": "59", "plz": 8004.0, "ortschaft": "Zürich", "baujahr": 1938.0, "grundflaeche_m2": 177.467307, "gebaeudealter_2026": 88.0, "gebaeude_nutzung": "Gebäude Wohnen", "qualitaet": "AV93", "bev_pers_n": 207.0, "bev_dichte_pha": 207.0 }, "geometry": { "type": "Point", "coordinates": [ 8.508497270931596, 47.383616368804198 ] } },
{ "type": "Feature", "properties": { "egid_int": 149537, "strasse": "Eichbühlstrasse", "hausnummer": "61", "plz": 8004.0, "ortschaft": "Zürich", "baujahr": 1938.0, "grundflaeche_m2": 164.587744, "gebaeudealter_2026": 88.0, "gebaeude_nutzung": "Gebäude Wohnen", "qualitaet": "AV93", "bev_pers_n": 207.0, "bev_dichte_pha": 207.0 }, "geometry": { "type": "Point", "coordinates": [ 8.508349918916664, 47.38368373001812 ] } },
{ "type": "Feature", "properties": { "egid_int": 149538, "strasse": "Eichbühlstrasse", "hausnummer": "29", "plz": 8004.0, "ortschaft": "Zürich", "baujahr": 1935.0, "grundflaeche_m2": 178.1034165, "gebaeudealter_2026": 91.0, "gebaeude_nutzung": "Gebäude Wohnen", "qualitaet": "AV93", "bev_pers_n": 221.0, "bev_dichte_pha": 221.0 }, "geometry": { "type": "Point", "coordinates": [ 8.511028794195159, 47.382526613829235 ] } },
{ "type": "Feature", "properties": { "egid_int": 149539, "strasse": "Eichbühlstrasse", "hausnummer": "31", "plz": 8004.0, "ortschaft": "Zürich", "baujahr": 1935.0, "grundflaeche_m2": 178.4570845, "gebaeudealter_2026": 91.0, "gebaeude_nutzung": "Gebäude Wohnen", "qualitaet": "AV93", "bev_pers_n": 221.0, "bev_dichte_pha": 221.0 }, "geometry": { "type": "Point", "coordinates": [ 8.510878763437843, 47.382598761609387 ] } },
{ "type": "Feature", "properties": { "egid_int": 149540, "strasse": "Eichbühlstrasse", "hausnummer": "33", "plz": 8004.0, "ortschaft": "Zürich", "baujahr": 1935.0, "grundflaeche_m2": 178.420038, "gebaeudealter_2026": 91.0, "gebaeude_nutzung": "Gebäude Wohnen", "qualitaet": "AV93", "bev_pers_n": 221.0, "bev_dichte_pha": 221.0 }, "geometry": { "type": "Point", "coordinates": [ 8.51072006786568, 47.382664836965809 ] } },
{ "type": "Feature", "properties": { "egid_int": 149541, "strasse": "Eichbühlstrasse", "hausnummer": "35", "plz": 8004.0, "ortschaft": "Zürich", "baujahr": 1935.0, "grundflaeche_m2": 178.689596, "gebaeudealter_2026": 91.0, "gebaeude_nutzung": "Gebäude Wohnen", "qualitaet": "AV93", "bev_pers_n": 221.0, "bev_dichte_pha": 221.0 }, "geometry": { "type": "Point", "coordinates": [ 8.510573972314038, 47.382732504256403 ] } },
{ "type": "Feature", "properties": { "egid_int": 149542, "strasse": "Eichbühlstrasse", "hausnummer": "37", "plz": 8004.0, "ortschaft": "Zürich", "baujahr": 1935.0, "grundflaeche_m2": 178.4501, "gebaeudealter_2026": 91.0, "gebaeude_nutzung": "Gebäude Wohnen", "qualitaet": "AV93", "bev_pers_n": 221.0, "bev_dichte_pha": 221.0 }, "geometry": { "type": "Point", "coordinates": [ 8.510409080331257, 47.382791458600018 ] } },
{ "type": "Feature", "properties": { "egid_int": 149543, "strasse": "Eichbühlstrasse", "hausnummer": "39", "plz": 8004.0, "ortschaft": "Zürich", "baujahr": 1935.0, "grundflaeche_m2": 183.3608475, "gebaeudealter_2026": 91.0, "gebaeude_nutzung": "Gebäude Wohnen", "qualitaet": "AV93", "bev_pers_n": 221.0, "bev_dichte_pha": 221.0 }, "geometry": { "type": "Point", "coordinates": [ 8.510262487736103, 47.382859471910677 ] } },
{ "type": "Feature", "properties": { "egid_int": 149544, "strasse": "Eichbühlstrasse", "hausnummer": "41", "plz": 8004.0, "ortschaft": "Zürich", "baujahr": 1935.0, "grundflaeche_m2": 275.096793, "gebaeudealter_2026": 91.0, "gebaeude_nutzung": "Gebäude Wohnen", "qualitaet": "AV93", "bev_pers_n": 221.0, "bev_dichte_pha": 221.0 }, "geometry": { "type": "Point", "coordinates": [ 8.510096691729565, 47.382923561374895 ] } },
{ "type": "Feature", "properties": { "egid_int": 149545, "strasse": "Eichbühlstrasse", "hausnummer": "43", "plz": 8004.0, "ortschaft": "Zürich", "baujahr": 1935.0, "grundflaeche_m2": 181.0059375, "gebaeudealter_2026": 91.0, "gebaeude_nutzung": "Gebäude Wohnen", "qualitaet": "AV93", "bev_pers_n": 46.0, "bev_dichte_pha": 46.0 }, "geometry": { "type": "Point", "coordinates": [ 8.509726259313402, 47.383083627388054 ] } },
{ "type": "Feature", "properties": { "egid_int": 149546, "strasse": "Eichbühlstrasse", "hausnummer": "45", "plz": 8004.0, "ortschaft": "Zürich", "baujahr": 1935.0, "grundflaeche_m2": 179.165673, "gebaeudealter_2026": 91.0, "gebaeude_nutzung": "Gebäude Wohnen", "qualitaet": "AV93", "bev_pers_n": 46.0, "bev_dichte_pha": 46.0 }, "geometry": { "type": "Point", "coordinates": [ 8.509568190379893, 47.383153347313375 ] } },
{ "type": "Feature", "properties": { "egid_int": 149547, "strasse": "Bullingerstrasse", "hausnummer": "60", "plz": 8004.0, "ortschaft": "Zürich", "baujahr": 1976.0, "grundflaeche_m2": 491.30813, "gebaeudealter_2026": 50.0, "gebaeude_nutzung": "Gebäude Wohnen", "qualitaet": "AV93", "bev_pers_n": 189.0, "bev_dichte_pha": 189.0 }, "geometry": { "type": "Point", "coordinates": [ 8.509779652709595, 47.382163440282085 ] } },
{ "type": "Feature", "properties": { "egid_int": 149548, "strasse": "Eichbühlstrasse", "hausnummer": "9", "plz": 8004.0, "ortschaft": "Zürich", "baujahr": 1929.0, "grundflaeche_m2": 177.212524, "gebaeudealter_2026": 97.0, "gebaeude_nutzung": "Gebäude Wohnen", "qualitaet": "AV93", "bev_pers_n": 139.0, "bev_dichte_pha": 139.0 }, "geometry": { "type": "Point", "coordinates": [ 8.51248996128408, 47.38193741064061 ] } },
{ "type": "Feature", "properties": { "egid_int": 149549, "strasse": "Eichbühlstrasse", "hausnummer": "15", "plz": 8004.0, "ortschaft": "Zürich", "baujahr": 1935.0, "grundflaeche_m2": 181.534215, "gebaeudealter_2026": 91.0, "gebaeude_nutzung": "Gebäude Verwaltung", "qualitaet": "AV93", "bev_pers_n": 139.0, "bev_dichte_pha": 139.0 }, "geometry": { "type": "Point", "coordinates": [ 8.512102652212279, 47.382071591583532 ] } },
{ "type": "Feature", "properties": { "egid_int": 149550, "strasse": "Eichbühlstrasse", "hausnummer": "17", "plz": 8004.0, "ortschaft": "Zürich", "baujahr": 1935.0, "grundflaeche_m2": 177.882054, "gebaeudealter_2026": 91.0, "gebaeude_nutzung": "Gebäude Wohnen", "qualitaet": "AV93", "bev_pers_n": 139.0, "bev_dichte_pha": 139.0 }, "geometry": { "type": "Point", "coordinates": [ 8.511946958600571, 47.382137298959542 ] } },
{ "type": "Feature", "properties": { "egid_int": 149551, "strasse": "Eichbühlstrasse", "hausnummer": "19", "plz": 8004.0, "ortschaft": "Zürich", "baujahr": 1935.0, "grundflaeche_m2": 178.271792, "gebaeudealter_2026": 91.0, "gebaeude_nutzung": "Gebäude Wohnen", "qualitaet": "AV93", "bev_pers_n": 139.0, "bev_dichte_pha": 139.0 }, "geometry": { "type": "Point", "coordinates": [ 8.511793835488708, 47.382205716746412 ] } },
{ "type": "Feature", "properties": { "egid_int": 149552, "strasse": "Eichbühlstrasse", "hausnummer": "21", "plz": 8004.0, "ortschaft": "Zürich", "baujahr": 1935.0, "grundflaeche_m2": 177.887959, "gebaeudealter_2026": 91.0, "gebaeude_nutzung": "Gebäude Wohnen", "qualitaet": "AV93", "bev_pers_n": 139.0, "bev_dichte_pha": 139.0 }, "geometry": { "type": "Point", "coordinates": [ 8.511636121555123, 47.382271100647223 ] } },
{ "type": "Feature", "properties": { "egid_int": 149553, "strasse": "Eichbühlstrasse", "hausnummer": "23", "plz": 8004.0, "ortschaft": "Zürich", "baujahr": 1935.0, "grundflaeche_m2": 178.4770955, "gebaeudealter_2026": 91.0, "gebaeude_nutzung": "Gebäude Wohnen", "qualitaet": "AV93", "bev_pers_n": 139.0, "bev_dichte_pha": 139.0 }, "geometry": { "type": "Point", "coordinates": [ 8.511481412481201, 47.382335772798086 ] } },
{ "type": "Feature", "properties": { "egid_int": 149554, "strasse": "Eichbühlstrasse", "hausnummer": "25", "plz": 8004.0, "ortschaft": "Zürich", "baujahr": 1935.0, "grundflaeche_m2": 178.267695, "gebaeudealter_2026": 91.0, "gebaeude_nutzung": "Gebäude Wohnen", "qualitaet": "AV93", "bev_pers_n": 228.0, "bev_dichte_pha": 228.0 }, "geometry": { "type": "Point", "coordinates": [ 8.511325145376876, 47.382398066513225 ] } },
{ "type": "Feature", "properties": { "egid_int": 149555, "strasse": "Eichbühlstrasse", "hausnummer": "27", "plz": 8004.0, "ortschaft": "Zürich", "baujahr": 1935.0, "grundflaeche_m2": 178.4812535, "gebaeudealter_2026": 91.0, "gebaeude_nutzung": "Gebäude Wohnen", "qualitaet": "AV93", "bev_pers_n": 221.0, "bev_dichte_pha": 221.0 }, "geometry": { "type": "Point", "coordinates": [ 8.511184462386487, 47.382459531710026 ] } },
{ "type": "Feature", "properties": { "egid_int": 149556, "strasse": "Bullingerstrasse", "hausnummer": "73", "plz": 8004.0, "ortschaft": "Zürich", "baujahr": 1976.0, "grundflaeche_m2": 493.716313, "gebaeudealter_2026": 50.0, "gebaeude_nutzung": "Gebäude Wohnen", "qualitaet": "AV93", "bev_pers_n": 321.0, "bev_dichte_pha": 321.0 }, "geometry": { "type": "Point", "coordinates": [ 8.510098696075291, 47.381312489165914 ] } },
{ "type": "Feature", "properties": { "egid_int": 149557, "strasse": "Bullingerstrasse", "hausnummer": "69", "plz": 8004.0, "ortschaft": "Zürich", "baujahr": 1979.0, "grundflaeche_m2": 1107.122302, "gebaeudealter_2026": 47.0, "gebaeude_nutzung": "Gebäude Verwaltung", "qualitaet": "AV93", "bev_pers_n": 321.0, "bev_dichte_pha": 321.0 }, "geometry": { "type": "Point", "coordinates": [ 8.510549893438107, 47.380983527432093 ] } },
{ "type": "Feature", "properties": { "egid_int": 149558, "strasse": "Norastrasse", "hausnummer": "34", "plz": 8004.0, "ortschaft": "Zürich", "baujahr": 1976.0, "grundflaeche_m2": 493.790891, "gebaeudealter_2026": 50.0, "gebaeude_nutzung": "Gebäude Wohnen", "qualitaet": "AV93", "bev_pers_n": 266.0, "bev_dichte_pha": 266.0 }, "geometry": { "type": "Point", "coordinates": [ 8.509095670249117, 47.381142119713111 ] } },
{ "type": "Feature", "properties": { "egid_int": 149559, "strasse": "Norastrasse", "hausnummer": "30", "plz": 8004.0, "ortschaft": "Zürich", "baujahr": 1976.0, "grundflaeche_m2": 1496.1850385, "gebaeudealter_2026": 50.0, "gebaeude_nutzung": "Gebäude Wohnen", "qualitaet": "AV93", "bev_pers_n": 266.0, "bev_dichte_pha": 266.0 }, "geometry": { "type": "Point", "coordinates": [ 8.508680373610005, 47.38090485405646 ] } },
{ "type": "Feature", "properties": { "egid_int": 149560, "strasse": "Norastrasse", "hausnummer": "38", "plz": 8004.0, "ortschaft": "Zürich", "baujahr": 1976.0, "grundflaeche_m2": 596.6205655, "gebaeudealter_2026": 50.0, "gebaeude_nutzung": "Gebäude Verwaltung", "qualitaet": "AV93", "bev_pers_n": 189.0, "bev_dichte_pha": 189.0 }, "geometry": { "type": "Point", "coordinates": [ 8.509152347941635, 47.381557949526268 ] } },
{ "type": "Feature", "properties": { "egid_int": 149561, "strasse": "Badenerstrasse", "hausnummer": "382", "plz": 8004.0, "ortschaft": "Zürich", "baujahr": 1929.0, "grundflaeche_m2": 182.6770295, "gebaeudealter_2026": 97.0, "gebaeude_nutzung": "Gebäude Wohnen", "qualitaet": "AV93", "bev_pers_n": 234.0, "bev_dichte_pha": 234.0 }, "geometry": { "type": "Point", "coordinates": [ 8.508013631615553, 47.379512608259184 ] } },
{ "type": "Feature", "properties": { "egid_int": 149562, "strasse": "Badenerstrasse", "hausnummer": "384", "plz": 8004.0, "ortschaft": "Zürich", "baujahr": 1929.0, "grundflaeche_m2": 160.314717, "gebaeudealter_2026": 97.0, "gebaeude_nutzung": "Gebäude Wohnen", "qualitaet": "AV93", "bev_pers_n": 234.0, "bev_dichte_pha": 234.0 }, "geometry": { "type": "Point", "coordinates": [ 8.507879816640429, 47.379565703486705 ] } },
{ "type": "Feature", "properties": { "egid_int": 149563, "strasse": "Badenerstrasse", "hausnummer": "394", "plz": 8004.0, "ortschaft": "Zürich", "baujahr": 1938.0, "grundflaeche_m2": 227.2083205, "gebaeudealter_2026": 88.0, "gebaeude_nutzung": "Gebäude Wohnen", "qualitaet": "AV93", "bev_pers_n": 109.0, "bev_dichte_pha": 109.0 }, "geometry": { "type": "Point", "coordinates": [ 8.508126893723665, 47.380143922651101 ] } },
{ "type": "Feature", "properties": { "egid_int": 149564, "strasse": "Badenerstrasse", "hausnummer": "396", "plz": 8004.0, "ortschaft": "Zürich", "baujahr": 1934.0, "grundflaeche_m2": 120.070007, "gebaeudealter_2026": 92.0, "gebaeude_nutzung": "Gebäude Wohnen", "qualitaet": "AV93", "bev_pers_n": 109.0, "bev_dichte_pha": 109.0 }, "geometry": { "type": "Point", "coordinates": [ 8.508038504325572, 47.380047998849349 ] } },
{ "type": "Feature", "properties": { "egid_int": 149565, "strasse": "Badenerstrasse", "hausnummer": "398", "plz": 8004.0, "ortschaft": "Zürich", "baujahr": 1934.0, "grundflaeche_m2": 172.52775, "gebaeudealter_2026": 92.0, "gebaeude_nutzung": "Gebäude Wohnen", "qualitaet": "AV93", "bev_pers_n": 109.0, "bev_dichte_pha": 109.0 }, "geometry": { "type": "Point", "coordinates": [ 8.507933118563095, 47.379938586768191 ] } },
{ "type": "Feature", "properties": { "egid_int": 149566, "strasse": "Badenerstrasse", "hausnummer": "404", "plz": 8004.0, "ortschaft": "Zürich", "baujahr": 1926.0, "grundflaeche_m2": 249.550243, "gebaeudealter_2026": 100.0, "gebaeude_nutzung": "Gebäude Wohnen", "qualitaet": "AV93", "bev_pers_n": 234.0, "bev_dichte_pha": 234.0 }, "geometry": { "type": "Point", "coordinates": [ 8.507612220702615, 47.379673629201505 ] } },
{ "type": "Feature", "properties": { "egid_int": 149567, "strasse": "Badenerstrasse", "hausnummer": "354", "plz": 8004.0, "ortschaft": "Zürich", "baujahr": 1911.0, "grundflaeche_m2": 190.7694, "gebaeudealter_2026": 115.0, "gebaeude_nutzung": "Gebäude Wohnen", "qualitaet": "AV93", "bev_pers_n": 186.0, "bev_dichte_pha": 186.0 }, "geometry": { "type": "Point", "coordinates": [ 8.509887040362688, 47.37863026643096 ] } },
{ "type": "Feature", "properties": { "egid_int": 149568, "strasse": "Badenerstrasse", "hausnummer": "356", "plz": 8004.0, "ortschaft": "Zürich", "baujahr": 1911.0, "grundflaeche_m2": 209.2737865, "gebaeudealter_2026": 115.0, "gebaeude_nutzung": "Gebäude Wohnen", "qualitaet": "AV93", "bev_pers_n": 81.0, "bev_dichte_pha": 81.0 }, "geometry": { "type": "Point", "coordinates": [ 8.509710553002417, 47.378720522430378 ] } },
{ "type": "Feature", "properties": { "egid_int": 149569, "strasse": "Badenerstrasse", "hausnummer": "358", "plz": 8004.0, "ortschaft": "Zürich", "baujahr": 1911.0, "grundflaeche_m2": 212.588548, "gebaeudealter_2026": 115.0, "gebaeude_nutzung": "Gebäude Wohnen", "qualitaet": "AV93", "bev_pers_n": 81.0, "bev_dichte_pha": 81.0 }, "geometry": { "type": "Point", "coordinates": [ 8.509546063883947, 47.378798955331312 ] } },
{ "type": "Feature", "properties": { "egid_int": 149570, "strasse": "Badenerstrasse", "hausnummer": "362", "plz": 8004.0, "ortschaft": "Zürich", "baujahr": 1911.0, "grundflaeche_m2": 209.927076, "gebaeudealter_2026": 115.0, "gebaeude_nutzung": "Gebäude Wohnen", "qualitaet": "AV93", "bev_pers_n": 81.0, "bev_dichte_pha": 81.0 }, "geometry": { "type": "Point", "coordinates": [ 8.509330998093645, 47.378889829211914 ] } },
{ "type": "Feature", "properties": { "egid_int": 149571, "strasse": "Albisriederplatz", "hausnummer": "5", "plz": 8004.0, "ortschaft": "Zürich", "baujahr": 1909.0, "grundflaeche_m2": 216.974731, "gebaeudealter_2026": 117.0, "gebaeude_nutzung": "Gebäude Wohnen", "qualitaet": "AV93", "bev_pers_n": 186.0, "bev_dichte_pha": 186.0 }, "geometry": { "type": "Point", "coordinates": [ 8.510088344176662, 47.378584809373599 ] } },
{ "type": "Feature", "properties": { "egid_int": 149572, "strasse": "Albisriederplatz", "hausnummer": "6", "plz": 8004.0, "ortschaft": "Zürich", "baujahr": 1911.0, "grundflaeche_m2": 116.477338605, "gebaeudealter_2026": 115.0, "gebaeude_nutzung": "Gebäude Wohnen", "qualitaet": "AV93", "bev_pers_n": 70.0, "bev_dichte_pha": 70.0 }, "geometry": { "type": "Point", "coordinates": [ 8.510058069367552, 47.378784987888409 ] } },
{ "type": "Feature", "properties": { "egid_int": 149573, "strasse": "Hardstrasse", "hausnummer": "5", "plz": 8004.0, "ortschaft": "Zürich", "baujahr": 1963.0, "grundflaeche_m2": 257.7880505, "gebaeudealter_2026": 63.0, "gebaeude_nutzung": "Gebäude Wohnen", "qualitaet": "AV93", "bev_pers_n": 70.0, "bev_dichte_pha": 70.0 }, "geometry": { "type": "Point", "coordinates": [ 8.510599295497515, 47.378886603702171 ] } },
{ "type": "Feature", "properties": { "egid_int": 149574, "strasse": "Hardstrasse", "hausnummer": "7", "plz": 8004.0, "ortschaft": "Zürich", "baujahr": 1963.0, "grundflaeche_m2": 274.053097, "gebaeudealter_2026": 63.0, "gebaeude_nutzung": "Gebäude Verwaltung", "qualitaet": "AV93", "bev_pers_n": 70.0, "bev_dichte_pha": 70.0 }, "geometry": { "type": "Point", "coordinates": [ 8.510709289873802, 47.37900111583469 ] } },
{ "type": "Feature", "properties": { "egid_int": 149575, "strasse": "Hardstrasse", "hausnummer": "9", "plz": 8004.0, "ortschaft": "Zürich", "baujahr": 1959.0, "grundflaeche_m2": 169.483825, "gebaeudealter_2026": 67.0, "gebaeude_nutzung": "Gebäude Wohnen", "qualitaet": "AV93", "bev_pers_n": 70.0, "bev_dichte_pha": 70.0 }, "geometry": { "type": "Point", "coordinates": [ 8.510824055262653, 47.379080232906972 ] } },
{ "type": "Feature", "properties": { "egid_int": 149576, "strasse": "Badenerstrasse", "hausnummer": "360", "plz": 8004.0, "ortschaft": "Zürich", "baujahr": 1923.0, "grundflaeche_m2": 365.045462, "gebaeudealter_2026": 103.0, "gebaeude_nutzung": "Gebäude Wohnen", "qualitaet": "AV93", "bev_pers_n": 81.0, "bev_dichte_pha": 81.0 }, "geometry": { "type": "Point", "coordinates": [ 8.509626683832485, 47.378985998264504 ] } },
{ "type": "Feature", "properties": { "egid_int": 149577, "strasse": "Badenerstrasse", "hausnummer": "368", "plz": 8004.0, "ortschaft": "Zürich", "baujahr": 1910.0, "grundflaeche_m2": 152.0078435, "gebaeudealter_2026": 116.0, "gebaeude_nutzung": "Gebäude Wohnen", "qualitaet": "AV93", "bev_pers_n": 81.0, "bev_dichte_pha": 81.0 }, "geometry": { "type": "Point", "coordinates": [ 8.5091624141627, 47.378964881373022 ] } },
{ "type": "Feature", "properties": { "egid_int": 149578, "strasse": "Badenerstrasse", "hausnummer": "370", "plz": 8004.0, "ortschaft": "Zürich", "baujahr": 1910.0, "grundflaeche_m2": 178.2461645, "gebaeudealter_2026": 116.0, "gebaeude_nutzung": "Gebäude Wohnen", "qualitaet": "AV93", "bev_pers_n": 81.0, "bev_dichte_pha": 81.0 }, "geometry": { "type": "Point", "coordinates": [ 8.509007362422601, 47.379026666089274 ] } },
{ "type": "Feature", "properties": { "egid_int": 149579, "strasse": "Bullingerstrasse", "hausnummer": "45", "plz": 8004.0, "ortschaft": "Zürich", "baujahr": 1978.0, "grundflaeche_m2": 210.578933, "gebaeudealter_2026": 48.0, "gebaeude_nutzung": "Gebäude Wohnen", "qualitaet": "AV93", "bev_pers_n": 150.0, "bev_dichte_pha": 150.0 }, "geometry": { "type": "Point", "coordinates": [ 8.510858738855605, 47.380405372180348 ] } },
{ "type": "Feature", "properties": { "egid_int": 149580, "strasse": "Bullingerstrasse", "hausnummer": "47", "plz": 8004.0, "ortschaft": "Zürich", "baujahr": 1978.0, "grundflaeche_m2": 209.6056155, "gebaeudealter_2026": 48.0, "gebaeude_nutzung": "Gebäude Wohnen", "qualitaet": "AV93", "bev_pers_n": 150.0, "bev_dichte_pha": 150.0 }, "geometry": { "type": "Point", "coordinates": [ 8.510715910032062, 47.380259853046184 ] } },
{ "type": "Feature", "properties": { "egid_int": 149581, "strasse": "Bullingerstrasse", "hausnummer": "49", "plz": 8004.0, "ortschaft": "Zürich", "baujahr": 1978.0, "grundflaeche_m2": 213.0026155, "gebaeudealter_2026": 48.0, "gebaeude_nutzung": "Gebäude Wohnen", "qualitaet": "AV93", "bev_pers_n": 150.0, "bev_dichte_pha": 150.0 }, "geometry": { "type": "Point", "coordinates": [ 8.510575567987155, 47.380110856551127 ] } },
{ "type": "Feature", "properties": { "egid_int": 149582, "strasse": "Bullingerstrasse", "hausnummer": "51", "plz": 8004.0, "ortschaft": "Zürich", "baujahr": 1975.0, "grundflaeche_m2": 203.980335, "gebaeudealter_2026": 51.0, "gebaeude_nutzung": "Gebäude Wohnen", "qualitaet": "AV93", "bev_pers_n": 150.0, "bev_dichte_pha": 150.0 }, "geometry": { "type": "Point", "coordinates": [ 8.51031449432829, 47.379906140014739 ] } },
{ "type": "Feature", "properties": { "egid_int": 149583, "strasse": "Bullingerstrasse", "hausnummer": "53", "plz": 8004.0, "ortschaft": "Zürich", "baujahr": 1975.0, "grundflaeche_m2": 202.074731, "gebaeudealter_2026": 51.0, "gebaeude_nutzung": "Gebäude Wohnen", "qualitaet": "AV93", "bev_pers_n": 150.0, "bev_dichte_pha": 150.0 }, "geometry": { "type": "Point", "coordinates": [ 8.510102570427506, 47.379997993575799 ] } },
{ "type": "Feature", "properties": { "egid_int": 149584, "strasse": "Bullingerstrasse", "hausnummer": "55", "plz": 8004.0, "ortschaft": "Zürich", "baujahr": 1975.0, "grundflaeche_m2": 202.616555, "gebaeudealter_2026": 51.0, "gebaeude_nutzung": "Gebäude Wohnen", "qualitaet": "AV93", "bev_pers_n": 275.0, "bev_dichte_pha": 275.0 }, "geometry": { "type": "Point", "coordinates": [ 8.50989311841567, 47.38008636071168 ] } },
{ "type": "Feature", "properties": { "egid_int": 149585, "strasse": "Bullingerstrasse", "hausnummer": "57", "plz": 8004.0, "ortschaft": "Zürich", "baujahr": 1975.0, "grundflaeche_m2": 203.491714, "gebaeudealter_2026": 51.0, "gebaeude_nutzung": "Gebäude Wohnen", "qualitaet": "AV93", "bev_pers_n": 275.0, "bev_dichte_pha": 275.0 }, "geometry": { "type": "Point", "coordinates": [ 8.50969391758545, 47.380178104519054 ] } },
{ "type": "Feature", "properties": { "egid_int": 149586, "strasse": "Bullingerstrasse", "hausnummer": "59", "plz": 8004.0, "ortschaft": "Zürich", "baujahr": 1975.0, "grundflaeche_m2": 204.1622625, "gebaeudealter_2026": 51.0, "gebaeude_nutzung": "Gebäude Wohnen", "qualitaet": "AV93", "bev_pers_n": 275.0, "bev_dichte_pha": 275.0 }, "geometry": { "type": "Point", "coordinates": [ 8.509479588082819, 47.380276887431059 ] } },
{ "type": "Feature", "properties": { "egid_int": 149587, "strasse": null, "hausnummer": null, "plz": null, "ortschaft": null, "baujahr": 1964.0, "grundflaeche_m2": 170.4677685, "gebaeudealter_2026": 62.0, "gebaeude_nutzung": "Gebäude Wohnen", "qualitaet": "AV93", "bev_pers_n": 150.0, "bev_dichte_pha": 150.0 }, "geometry": { "type": "Point", "coordinates": [ 8.511190095414776, 47.380188069489954 ] } },
{ "type": "Feature", "properties": { "egid_int": 149588, "strasse": null, "hausnummer": null, "plz": null, "ortschaft": null, "baujahr": 1964.0, "grundflaeche_m2": 195.342113, "gebaeudealter_2026": 62.0, "gebaeude_nutzung": "Gebäude Wohnen", "qualitaet": "AV93", "bev_pers_n": 150.0, "bev_dichte_pha": 150.0 }, "geometry": { "type": "Point", "coordinates": [ 8.511073153490647, 47.380064771160917 ] } },
{ "type": "Feature", "properties": { "egid_int": 149589, "strasse": null, "hausnummer": null, "plz": null, "ortschaft": null, "baujahr": 1964.0, "grundflaeche_m2": 195.5296925, "gebaeudealter_2026": 62.0, "gebaeude_nutzung": "Gebäude Wohnen", "qualitaet": "AV93", "bev_pers_n": 150.0, "bev_dichte_pha": 150.0 }, "geometry": { "type": "Point", "coordinates": [ 8.51094075024268, 47.379931244898678 ] } },
{ "type": "Feature", "properties": { "egid_int": 149590, "strasse": null, "hausnummer": null, "plz": null, "ortschaft": null, "baujahr": 1964.0, "grundflaeche_m2": 166.0815, "gebaeudealter_2026": 62.0, "gebaeude_nutzung": "Gebäude Wohnen", "qualitaet": "AV93", "bev_pers_n": 150.0, "bev_dichte_pha": 150.0 }, "geometry": { "type": "Point", "coordinates": [ 8.510813592680988, 47.379806314073264 ] } },
{ "type": "Feature", "properties": { "egid_int": 149591, "strasse": null, "hausnummer": null, "plz": null, "ortschaft": null, "baujahr": 1964.0, "grundflaeche_m2": 510.8000085, "gebaeudealter_2026": 62.0, "gebaeude_nutzung": "Gebäude Wohnen", "qualitaet": "AV93", "bev_pers_n": 70.0, "bev_dichte_pha": 70.0 }, "geometry": { "type": "Point", "coordinates": [ 8.511089722914253, 47.379371861139262 ] } },
{ "type": "Feature", "properties": { "egid_int": 149592, "strasse": null, "hausnummer": null, "plz": null, "ortschaft": null, "baujahr": 1964.0, "grundflaeche_m2": 297.117725, "gebaeudealter_2026": 62.0, "gebaeude_nutzung": "Gebäude Wohnen", "qualitaet": "AV93", "bev_pers_n": 196.0, "bev_dichte_pha": 196.0 }, "geometry": { "type": "Point", "coordinates": [ 8.511383158499719, 47.379639519878054 ] } },
{ "type": "Feature", "properties": { "egid_int": 149593, "strasse": "Hardstrasse", "hausnummer": "43", "plz": 8004.0, "ortschaft": "Zürich", "baujahr": 1931.0, "grundflaeche_m2": 145.529718, "gebaeudealter_2026": 95.0, "gebaeude_nutzung": "Gebäude Wohnen", "qualitaet": "AV93", "bev_pers_n": 150.0, "bev_dichte_pha": 150.0 }, "geometry": { "type": "Point", "coordinates": [ 8.511523894128128, 47.379806043181809 ] } },
{ "type": "Feature", "properties": { "egid_int": 149594, "strasse": "Hardstrasse", "hausnummer": "45", "plz": 8004.0, "ortschaft": "Zürich", "baujahr": 1931.0, "grundflaeche_m2": 146.4151225, "gebaeudealter_2026": 95.0, "gebaeude_nutzung": "Gebäude Wohnen", "qualitaet": "AV93", "bev_pers_n": 150.0, "bev_dichte_pha": 150.0 }, "geometry": { "type": "Point", "coordinates": [ 8.511618012817982, 47.37990668755176 ] } },
{ "type": "Feature", "properties": { "egid_int": 149595, "strasse": "Hardstrasse", "hausnummer": "47", "plz": 8004.0, "ortschaft": "Zürich", "baujahr": 1931.0, "grundflaeche_m2": 146.581963, "gebaeudealter_2026": 95.0, "gebaeude_nutzung": "Gebäude Wohnen", "qualitaet": "AV93", "bev_pers_n": 150.0, "bev_dichte_pha": 150.0 }, "geometry": { "type": "Point", "coordinates": [ 8.511723228069933, 47.380007912398611 ] } },
{ "type": "Feature", "properties": { "egid_int": 149596, "strasse": "Hardstrasse", "hausnummer": "55", "plz": 8004.0, "ortschaft": "Zürich", "baujahr": 1932.0, "grundflaeche_m2": 232.573293, "gebaeudealter_2026": 94.0, "gebaeude_nutzung": "Gebäude Wohnen", "qualitaet": "AV93", "bev_pers_n": 150.0, "bev_dichte_pha": 150.0 }, "geometry": { "type": "Point", "coordinates": [ 8.511862625409128, 47.380114450526278 ] } },
{ "type": "Feature", "properties": { "egid_int": 149597, "strasse": "Hardstrasse", "hausnummer": "57", "plz": 8004.0, "ortschaft": "Zürich", "baujahr": 1931.0, "grundflaeche_m2": 152.876055, "gebaeudealter_2026": 95.0, "gebaeude_nutzung": "Gebäude Wohnen", "qualitaet": "AV93", "bev_pers_n": 150.0, "bev_dichte_pha": 150.0 }, "geometry": { "type": "Point", "coordinates": [ 8.511977048583306, 47.380239498528738 ] } },
{ "type": "Feature", "properties": { "egid_int": 149598, "strasse": "Hardstrasse", "hausnummer": "59", "plz": 8004.0, "ortschaft": "Zürich", "baujahr": 1931.0, "grundflaeche_m2": 153.6163605, "gebaeudealter_2026": 95.0, "gebaeude_nutzung": "Gebäude Wohnen", "qualitaet": "AV93", "bev_pers_n": 150.0, "bev_dichte_pha": 150.0 }, "geometry": { "type": "Point", "coordinates": [ 8.512083532432642, 47.380349067693324 ] } },
{ "type": "Feature", "properties": { "egid_int": 149599, "strasse": "Hardstrasse", "hausnummer": "61", "plz": 8004.0, "ortschaft": "Zürich", "baujahr": 1931.0, "grundflaeche_m2": 216.6068045, "gebaeudealter_2026": 95.0, "gebaeude_nutzung": "Gebäude Wohnen", "qualitaet": "AV93", "bev_pers_n": 150.0, "bev_dichte_pha": 150.0 }, "geometry": { "type": "Point", "coordinates": [ 8.51215407768426, 47.380441700166195 ] } },
{ "type": "Feature", "properties": { "egid_int": 149600, "strasse": "Bullingerstrasse", "hausnummer": "63", "plz": 8004.0, "ortschaft": "Zürich", "baujahr": 1976.0, "grundflaeche_m2": 496.003071, "gebaeudealter_2026": 50.0, "gebaeude_nutzung": "Gebäude Wohnen", "qualitaet": "AV93", "bev_pers_n": 275.0, "bev_dichte_pha": 275.0 }, "geometry": { "type": "Point", "coordinates": [ 8.509905047683848, 47.380536885512626 ] } },
{ "type": "Feature", "properties": { "egid_int": 149601, "strasse": "Bullingerstrasse", "hausnummer": "32", "plz": 8004.0, "ortschaft": "Zürich", "baujahr": 1934.0, "grundflaeche_m2": 148.147261, "gebaeudealter_2026": 92.0, "gebaeude_nutzung": "Gebäude Wohnen", "qualitaet": "AV93", "bev_pers_n": 79.0, "bev_dichte_pha": 79.0 }, "geometry": { "type": "Point", "coordinates": [ 8.512292226378422, 47.380860216770856 ] } },
{ "type": "Feature", "properties": { "egid_int": 149602, "strasse": "Bullingerstrasse", "hausnummer": "33", "plz": 8004.0, "ortschaft": "Zürich", "baujahr": 1931.0, "grundflaeche_m2": 173.892385, "gebaeudealter_2026": 95.0, "gebaeude_nutzung": "Gebäude Wohnen", "qualitaet": "AV93", "bev_pers_n": 79.0, "bev_dichte_pha": 79.0 }, "geometry": { "type": "Point", "coordinates": [ 8.511958430800583, 47.380578273337079 ] } },
{ "type": "Feature", "properties": { "egid_int": 149603, "strasse": "Bullingerstrasse", "hausnummer": "34", "plz": 8004.0, "ortschaft": "Zürich", "baujahr": 1934.0, "grundflaeche_m2": 152.3282365, "gebaeudealter_2026": 92.0, "gebaeude_nutzung": "Gebäude Wohnen", "qualitaet": "AV93", "bev_pers_n": 79.0, "bev_dichte_pha": 79.0 }, "geometry": { "type": "Point", "coordinates": [ 8.512140890857719, 47.380923815097219 ] } },
{ "type": "Feature", "properties": { "egid_int": 149604, "strasse": "Bullingerstrasse", "hausnummer": "35", "plz": 8004.0, "ortschaft": "Zürich", "baujahr": 1931.0, "grundflaeche_m2": 194.236079, "gebaeudealter_2026": 95.0, "gebaeude_nutzung": "Gebäude Wohnen", "qualitaet": "AV93", "bev_pers_n": 79.0, "bev_dichte_pha": 79.0 }, "geometry": { "type": "Point", "coordinates": [ 8.511769240228647, 47.380656039321636 ] } },
{ "type": "Feature", "properties": { "egid_int": 149605, "strasse": "Bullingerstrasse", "hausnummer": "36", "plz": 8004.0, "ortschaft": "Zürich", "baujahr": 1934.0, "grundflaeche_m2": 152.113011, "gebaeudealter_2026": 92.0, "gebaeude_nutzung": "Gebäude Wohnen", "qualitaet": "AV93", "bev_pers_n": 79.0, "bev_dichte_pha": 79.0 }, "geometry": { "type": "Point", "coordinates": [ 8.511984531720103, 47.38098918694967 ] } },
{ "type": "Feature", "properties": { "egid_int": 149606, "strasse": "Bullingerstrasse", "hausnummer": "41", "plz": 8004.0, "ortschaft": "Zürich", "baujahr": 1976.0, "grundflaeche_m2": 212.052228, "gebaeudealter_2026": 50.0, "gebaeude_nutzung": "Gebäude Wohnen", "qualitaet": "AV93", "bev_pers_n": 321.0, "bev_dichte_pha": 321.0 }, "geometry": { "type": "Point", "coordinates": [ 8.511139252948757, 47.380694721621175 ] } },
{ "type": "Feature", "properties": { "egid_int": 149607, "strasse": "Bullingerstrasse", "hausnummer": "43", "plz": 8004.0, "ortschaft": "Zürich", "baujahr": 1978.0, "grundflaeche_m2": 209.711732, "gebaeudealter_2026": 48.0, "gebaeude_nutzung": "Gebäude Wohnen", "qualitaet": "AV93", "bev_pers_n": 150.0, "bev_dichte_pha": 150.0 }, "geometry": { "type": "Point", "coordinates": [ 8.511004132197829, 47.380552594388774 ] } },
{ "type": "Feature", "properties": { "egid_int": 149608, "strasse": "Hardstrasse", "hausnummer": "63", "plz": 8004.0, "ortschaft": "Zürich", "baujahr": 1932.0, "grundflaeche_m2": 164.6725055, "gebaeudealter_2026": 94.0, "gebaeude_nutzung": "Gebäude Wohnen", "qualitaet": "AV93", "bev_pers_n": 79.0, "bev_dichte_pha": 79.0 }, "geometry": { "type": "Point", "coordinates": [ 8.512507339702607, 47.38080638775088 ] } },
{ "type": "Feature", "properties": { "egid_int": 149609, "strasse": "Eichbühlstrasse", "hausnummer": "3", "plz": 8004.0, "ortschaft": "Zürich", "baujahr": 1929.0, "grundflaeche_m2": 173.2793035, "gebaeudealter_2026": 97.0, "gebaeude_nutzung": "Gebäude Wohnen", "qualitaet": "AV93", "bev_pers_n": 302.0, "bev_dichte_pha": 302.0 }, "geometry": { "type": "Point", "coordinates": [ 8.513069311185808, 47.381682221756414 ] } },
{ "type": "Feature", "properties": { "egid_int": 149610, "strasse": "Eichbühlstrasse", "hausnummer": "5", "plz": 8004.0, "ortschaft": "Zürich", "baujahr": 1929.0, "grundflaeche_m2": 173.723933, "gebaeudealter_2026": 97.0, "gebaeude_nutzung": "Gebäude Wohnen", "qualitaet": "AV93", "bev_pers_n": 302.0, "bev_dichte_pha": 302.0 }, "geometry": { "type": "Point", "coordinates": [ 8.512871327158061, 47.381757489691843 ] } },
{ "type": "Feature", "properties": { "egid_int": 149611, "strasse": "Eichbühlstrasse", "hausnummer": "7", "plz": 8004.0, "ortschaft": "Zürich", "baujahr": 1929.0, "grundflaeche_m2": 173.605543, "gebaeudealter_2026": 97.0, "gebaeude_nutzung": "Gebäude Wohnen", "qualitaet": "AV93", "bev_pers_n": 302.0, "bev_dichte_pha": 302.0 }, "geometry": { "type": "Point", "coordinates": [ 8.512678538714431, 47.381855331600534 ] } },
{ "type": "Feature", "properties": { "egid_int": 149612, "strasse": "Hardstrasse", "hausnummer": "65", "plz": 8004.0, "ortschaft": "Zürich", "baujahr": 1932.0, "grundflaeche_m2": 156.437151, "gebaeudealter_2026": 94.0, "gebaeude_nutzung": "Gebäude Wohnen", "qualitaet": "AV93", "bev_pers_n": 121.0, "bev_dichte_pha": 121.0 }, "geometry": { "type": "Point", "coordinates": [ 8.512612822096907, 47.380900323292437 ] } },
{ "type": "Feature", "properties": { "egid_int": 149613, "strasse": "Hardstrasse", "hausnummer": "67", "plz": 8004.0, "ortschaft": "Zürich", "baujahr": 1932.0, "grundflaeche_m2": 152.1446795, "gebaeudealter_2026": 94.0, "gebaeude_nutzung": "Gebäude Wohnen", "qualitaet": "AV93", "bev_pers_n": 121.0, "bev_dichte_pha": 121.0 }, "geometry": { "type": "Point", "coordinates": [ 8.512719755685435, 47.380997906244076 ] } },
{ "type": "Feature", "properties": { "egid_int": 149614, "strasse": "Hardstrasse", "hausnummer": "71", "plz": 8004.0, "ortschaft": "Zürich", "baujahr": 1944.0, "grundflaeche_m2": 146.137521, "gebaeudealter_2026": 82.0, "gebaeude_nutzung": "Gebäude Wohnen", "qualitaet": "AV93", "bev_pers_n": 121.0, "bev_dichte_pha": 121.0 }, "geometry": { "type": "Point", "coordinates": [ 8.512816860978015, 47.381116413087923 ] } },
{ "type": "Feature", "properties": { "egid_int": 149615, "strasse": "Hardstrasse", "hausnummer": "73", "plz": 8004.0, "ortschaft": "Zürich", "baujahr": 1931.0, "grundflaeche_m2": 175.121329, "gebaeudealter_2026": 95.0, "gebaeude_nutzung": "Gebäude Wohnen", "qualitaet": "AV93", "bev_pers_n": 121.0, "bev_dichte_pha": 121.0 }, "geometry": { "type": "Point", "coordinates": [ 8.512925219713097, 47.381235381895053 ] } },
{ "type": "Feature", "properties": { "egid_int": 149616, "strasse": "Hardstrasse", "hausnummer": "75", "plz": 8004.0, "ortschaft": "Zürich", "baujahr": 1931.0, "grundflaeche_m2": 175.430266, "gebaeudealter_2026": 95.0, "gebaeude_nutzung": "Gebäude Wohnen", "qualitaet": "AV93", "bev_pers_n": 121.0, "bev_dichte_pha": 121.0 }, "geometry": { "type": "Point", "coordinates": [ 8.513060153088624, 47.381354076471418 ] } },
{ "type": "Feature", "properties": { "egid_int": 149617, "strasse": "Hardstrasse", "hausnummer": "87", "plz": 8004.0, "ortschaft": "Zürich", "baujahr": 1929.0, "grundflaeche_m2": 173.837275, "gebaeudealter_2026": 97.0, "gebaeude_nutzung": "Gebäude Wohnen", "qualitaet": "AV93", "bev_pers_n": 302.0, "bev_dichte_pha": 302.0 }, "geometry": { "type": "Point", "coordinates": [ 8.5131783474163, 47.381484602197972 ] } },
{ "type": "Feature", "properties": { "egid_int": 149618, "strasse": "Hardstrasse", "hausnummer": "89", "plz": 8004.0, "ortschaft": "Zürich", "baujahr": 1929.0, "grundflaeche_m2": 155.020715, "gebaeudealter_2026": 97.0, "gebaeude_nutzung": "Gebäude Wohnen", "qualitaet": "AV93", "bev_pers_n": 302.0, "bev_dichte_pha": 302.0 }, "geometry": { "type": "Point", "coordinates": [ 8.513273548310817, 47.38159395138922 ] } },
{ "type": "Feature", "properties": { "egid_int": 149619, "strasse": "Sihlfeldstrasse", "hausnummer": "81", "plz": 8004.0, "ortschaft": "Zürich", "baujahr": 1893.0, "grundflaeche_m2": 255.843528, "gebaeudealter_2026": 133.0, "gebaeude_nutzung": "Gebäude Wohnen", "qualitaet": "AV93", "bev_pers_n": 97.0, "bev_dichte_pha": 97.0 }, "geometry": { "type": "Point", "coordinates": [ 8.516418570107621, 47.375873998418172 ] } },
{ "type": "Feature", "properties": { "egid_int": 149620, "strasse": "Sihlfeldstrasse", "hausnummer": "83", "plz": 8004.0, "ortschaft": "Zürich", "baujahr": 1893.0, "grundflaeche_m2": 148.5453165, "gebaeudealter_2026": 133.0, "gebaeude_nutzung": "Gebäude Verwaltung", "qualitaet": "AV93", "bev_pers_n": 347.0, "bev_dichte_pha": 347.0 }, "geometry": { "type": "Point", "coordinates": [ 8.516208061077556, 47.375953967819591 ] } },
{ "type": "Feature", "properties": { "egid_int": 149621, "strasse": "Sihlfeldstrasse", "hausnummer": "85", "plz": 8004.0, "ortschaft": "Zürich", "baujahr": 1898.0, "grundflaeche_m2": 209.23344582499999, "gebaeudealter_2026": 128.0, "gebaeude_nutzung": "Gebäude Wohnen", "qualitaet": "AV93", "bev_pers_n": 347.0, "bev_dichte_pha": 347.0 }, "geometry": { "type": "Point", "coordinates": [ 8.516306360635124, 47.376109997308198 ] } },
{ "type": "Feature", "properties": { "egid_int": 149623, "strasse": "Badenerstrasse", "hausnummer": "254", "plz": 8004.0, "ortschaft": "Zürich", "baujahr": 1894.0, "grundflaeche_m2": 392.3018434, "gebaeudealter_2026": 132.0, "gebaeude_nutzung": "Gebäude Wohnen", "qualitaet": "AV93", "bev_pers_n": 347.0, "bev_dichte_pha": 347.0 }, "geometry": { "type": "Point", "coordinates": [ 8.515753466249134, 47.37605987914246 ] } },
{ "type": "Feature", "properties": { "egid_int": 149625, "strasse": "Badenerstrasse", "hausnummer": "260", "plz": 8004.0, "ortschaft": "Zürich", "baujahr": 1898.0, "grundflaeche_m2": 127.103564, "gebaeudealter_2026": 128.0, "gebaeude_nutzung": "Gebäude Wohnen", "qualitaet": "AV93", "bev_pers_n": 347.0, "bev_dichte_pha": 347.0 }, "geometry": { "type": "Point", "coordinates": [ 8.515417625918273, 47.376197918638873 ] } },
{ "type": "Feature", "properties": { "egid_int": 149626, "strasse": "Badenerstrasse", "hausnummer": "262", "plz": 8004.0, "ortschaft": "Zürich", "baujahr": 1899.0, "grundflaeche_m2": 193.989683055, "gebaeudealter_2026": 127.0, "gebaeude_nutzung": "Gebäude Wohnen", "qualitaet": "AV93", "bev_pers_n": 347.0, "bev_dichte_pha": 347.0 }, "geometry": { "type": "Point", "coordinates": [ 8.515319735109653, 47.376243590687622 ] } },
{ "type": "Feature", "properties": { "egid_int": 149627, "strasse": "Hildastrasse", "hausnummer": "1", "plz": 8004.0, "ortschaft": "Zürich", "baujahr": 1898.0, "grundflaeche_m2": 112.2744555, "gebaeudealter_2026": 128.0, "gebaeude_nutzung": "Gebäude Wohnen", "qualitaet": "AV93", "bev_pers_n": 347.0, "bev_dichte_pha": 347.0 }, "geometry": { "type": "Point", "coordinates": [ 8.516153052441165, 47.376200883705309 ] } },
{ "type": "Feature", "properties": { "egid_int": 149628, "strasse": "Hildastrasse", "hausnummer": "3", "plz": 8004.0, "ortschaft": "Zürich", "baujahr": 1898.0, "grundflaeche_m2": 149.5583995, "gebaeudealter_2026": 128.0, "gebaeude_nutzung": "Gebäude Wohnen", "qualitaet": "AV93", "bev_pers_n": 347.0, "bev_dichte_pha": 347.0 }, "geometry": { "type": "Point", "coordinates": [ 8.516023310867341, 47.37625750364694 ] } },
{ "type": "Feature", "properties": { "egid_int": 149629, "strasse": "Hildastrasse", "hausnummer": "4", "plz": 8004.0, "ortschaft": "Zürich", "baujahr": 1902.0, "grundflaeche_m2": 141.961469, "gebaeudealter_2026": 124.0, "gebaeude_nutzung": "Gebäude Wohnen", "qualitaet": "AV93", "bev_pers_n": 347.0, "bev_dichte_pha": 347.0 }, "geometry": { "type": "Point", "coordinates": [ 8.515938802987712, 47.376589221456271 ] } },
{ "type": "Feature", "properties": { "egid_int": 149630, "strasse": "Hildastrasse", "hausnummer": "5", "plz": 8004.0, "ortschaft": "Zürich", "baujahr": 1898.0, "grundflaeche_m2": 149.8859215, "gebaeudealter_2026": 128.0, "gebaeude_nutzung": "Gebäude Wohnen", "qualitaet": "AV93", "bev_pers_n": 347.0, "bev_dichte_pha": 347.0 }, "geometry": { "type": "Point", "coordinates": [ 8.515876755422257, 47.376326117786036 ] } },
{ "type": "Feature", "properties": { "egid_int": 149631, "strasse": "Hildastrasse", "hausnummer": "6", "plz": 8004.0, "ortschaft": "Zürich", "baujahr": 1902.0, "grundflaeche_m2": 183.605893, "gebaeudealter_2026": 124.0, "gebaeude_nutzung": "Gebäude Wohnen", "qualitaet": "AV93", "bev_pers_n": 347.0, "bev_dichte_pha": 347.0 }, "geometry": { "type": "Point", "coordinates": [ 8.515778323234885, 47.37666083474555 ] } },
{ "type": "Feature", "properties": { "egid_int": 149632, "strasse": "Hildastrasse", "hausnummer": "7", "plz": 8004.0, "ortschaft": "Zürich", "baujahr": 1898.0, "grundflaeche_m2": 112.44971148499999, "gebaeudealter_2026": 128.0, "gebaeude_nutzung": "Gebäude Wohnen", "qualitaet": "AV93", "bev_pers_n": 347.0, "bev_dichte_pha": 347.0 }, "geometry": { "type": "Point", "coordinates": [ 8.515740025670627, 47.376385573058997 ] } },
{ "type": "Feature", "properties": { "egid_int": 149633, "strasse": "Hildastrasse", "hausnummer": "9", "plz": 8004.0, "ortschaft": "Zürich", "baujahr": 1898.0, "grundflaeche_m2": 168.036545, "gebaeudealter_2026": 128.0, "gebaeude_nutzung": "Gebäude Wohnen", "qualitaet": "AV93", "bev_pers_n": 347.0, "bev_dichte_pha": 347.0 }, "geometry": { "type": "Point", "coordinates": [ 8.515621502930957, 47.376451541778039 ] } },
{ "type": "Feature", "properties": { "egid_int": 149634, "strasse": "Martastrasse", "hausnummer": "101", "plz": 8004.0, "ortschaft": "Zürich", "baujahr": 1902.0, "grundflaeche_m2": 148.581379, "gebaeudealter_2026": 124.0, "gebaeude_nutzung": "Gebäude Wohnen", "qualitaet": "AV93", "bev_pers_n": 347.0, "bev_dichte_pha": 347.0 }, "geometry": { "type": "Point", "coordinates": [ 8.515897812143447, 47.376801870032864 ] } },
{ "type": "Feature", "properties": { "egid_int": 149635, "strasse": "Martastrasse", "hausnummer": "109", "plz": 8004.0, "ortschaft": "Zürich", "baujahr": 1510.0, "grundflaeche_m2": 146.739413, "gebaeudealter_2026": 516.0, "gebaeude_nutzung": "Gebäude Wohnen", "qualitaet": "AV93", "bev_pers_n": 347.0, "bev_dichte_pha": 347.0 }, "geometry": { "type": "Point", "coordinates": [ 8.515462517432775, 47.376387368700613 ] } },
{ "type": "Feature", "properties": { "egid_int": 149636, "strasse": "Sihlfeldstrasse", "hausnummer": "89", "plz": 8004.0, "ortschaft": "Zürich", "baujahr": 1896.0, "grundflaeche_m2": 249.704286, "gebaeudealter_2026": 130.0, "gebaeude_nutzung": "Gebäude Wohnen", "qualitaet": "AV93", "bev_pers_n": 347.0, "bev_dichte_pha": 347.0 }, "geometry": { "type": "Point", "coordinates": [ 8.516252951699641, 47.3764871113571 ] } },
{ "type": "Feature", "properties": { "egid_int": 149637, "strasse": "Sihlfeldstrasse", "hausnummer": "91", "plz": 8004.0, "ortschaft": "Zürich", "baujahr": 1896.0, "grundflaeche_m2": 105.1343265, "gebaeudealter_2026": 130.0, "gebaeude_nutzung": "Gebäude Wohnen", "qualitaet": "AV93", "bev_pers_n": 347.0, "bev_dichte_pha": 347.0 }, "geometry": { "type": "Point", "coordinates": [ 8.516224983120514, 47.376613483540162 ] } },
{ "type": "Feature", "properties": { "egid_int": 149638, "strasse": "Sihlfeldstrasse", "hausnummer": "93", "plz": 8004.0, "ortschaft": "Zürich", "baujahr": 1897.0, "grundflaeche_m2": 179.53242, "gebaeudealter_2026": 129.0, "gebaeude_nutzung": "Gebäude Wohnen", "qualitaet": "AV93", "bev_pers_n": 347.0, "bev_dichte_pha": 347.0 }, "geometry": { "type": "Point", "coordinates": [ 8.516201727751577, 47.376720814098526 ] } },
{ "type": "Feature", "properties": { "egid_int": 149639, "strasse": "Sihlfeldstrasse", "hausnummer": "95", "plz": 8004.0, "ortschaft": "Zürich", "baujahr": 1897.0, "grundflaeche_m2": 105.035398, "gebaeudealter_2026": 129.0, "gebaeude_nutzung": "Gebäude Wohnen", "qualitaet": "AV93", "bev_pers_n": 347.0, "bev_dichte_pha": 347.0 }, "geometry": { "type": "Point", "coordinates": [ 8.516183787338941, 47.376840175485988 ] } },
{ "type": "Feature", "properties": { "egid_int": 149640, "strasse": "Sihlfeldstrasse", "hausnummer": "97", "plz": 8004.0, "ortschaft": "Zürich", "baujahr": 1901.0, "grundflaeche_m2": 244.3436865, "gebaeudealter_2026": 125.0, "gebaeude_nutzung": "Gebäude Wohnen", "qualitaet": "AV93", "bev_pers_n": 179.0, "bev_dichte_pha": 179.0 }, "geometry": { "type": "Point", "coordinates": [ 8.516181241622069, 47.376952682923594 ] } },
{ "type": "Feature", "properties": { "egid_int": 149641, "strasse": null, "hausnummer": null, "plz": null, "ortschaft": null, "baujahr": 1931.0, "grundflaeche_m2": 95.555257, "gebaeudealter_2026": 95.0, "gebaeude_nutzung": "Gebäude Wohnen", "qualitaet": "AV93", "bev_pers_n": 179.0, "bev_dichte_pha": 179.0 }, "geometry": { "type": "Point", "coordinates": [ 8.516115726330419, 47.377449625451618 ] } },
{ "type": "Feature", "properties": { "egid_int": 149643, "strasse": "Martastrasse", "hausnummer": "100", "plz": 8004.0, "ortschaft": "Zürich", "baujahr": 1901.0, "grundflaeche_m2": 133.218588, "gebaeudealter_2026": 125.0, "gebaeude_nutzung": "Gebäude Wohnen", "qualitaet": "AV93", "bev_pers_n": 179.0, "bev_dichte_pha": 179.0 }, "geometry": { "type": "Point", "coordinates": [ 8.515689268621784, 47.377014713648364 ] } },
{ "type": "Feature", "properties": { "egid_int": 149644, "strasse": "Martastrasse", "hausnummer": "102", "plz": 8004.0, "ortschaft": "Zürich", "baujahr": 1901.0, "grundflaeche_m2": 142.5614715, "gebaeudealter_2026": 125.0, "gebaeude_nutzung": "Gebäude Wohnen", "qualitaet": "AV93", "bev_pers_n": 347.0, "bev_dichte_pha": 347.0 }, "geometry": { "type": "Point", "coordinates": [ 8.515581563216186, 47.37691419915113 ] } },
{ "type": "Feature", "properties": { "egid_int": 149645, "strasse": "Badenerstrasse", "hausnummer": "266", "plz": 8004.0, "ortschaft": "Zürich", "baujahr": 1908.0, "grundflaeche_m2": 204.74335, "gebaeudealter_2026": 118.0, "gebaeude_nutzung": "Gebäude Wohnen", "qualitaet": "AV93", "bev_pers_n": 334.0, "bev_dichte_pha": 334.0 }, "geometry": { "type": "Point", "coordinates": [ 8.51499414374309, 47.376383026582509 ] } },
{ "type": "Feature", "properties": { "egid_int": 149646, "strasse": "Badenerstrasse", "hausnummer": "274", "plz": 8004.0, "ortschaft": "Zürich", "baujahr": 1924.0, "grundflaeche_m2": 173.9932015, "gebaeudealter_2026": 102.0, "gebaeude_nutzung": "Gebäude Wohnen", "qualitaet": "AV93", "bev_pers_n": 334.0, "bev_dichte_pha": 334.0 }, "geometry": { "type": "Point", "coordinates": [ 8.514782448408001, 47.376462815489724 ] } },
{ "type": "Feature", "properties": { "egid_int": 149647, "strasse": "Badenerstrasse", "hausnummer": "276", "plz": 8004.0, "ortschaft": "Zürich", "baujahr": 1920.0, "grundflaeche_m2": 97.87194, "gebaeudealter_2026": 106.0, "gebaeude_nutzung": "Gebäude Wohnen", "qualitaet": "AV93", "bev_pers_n": 334.0, "bev_dichte_pha": 334.0 }, "geometry": { "type": "Point", "coordinates": [ 8.514620873001382, 47.376537936460963 ] } },
{ "type": "Feature", "properties": { "egid_int": 149648, "strasse": "Badenerstrasse", "hausnummer": "278", "plz": 8004.0, "ortschaft": "Zürich", "baujahr": 1924.0, "grundflaeche_m2": 171.722911, "gebaeudealter_2026": 102.0, "gebaeude_nutzung": "Gebäude Wohnen", "qualitaet": "AV93", "bev_pers_n": 334.0, "bev_dichte_pha": 334.0 }, "geometry": { "type": "Point", "coordinates": [ 8.514481739327335, 47.376600416974668 ] } },
{ "type": "Feature", "properties": { "egid_int": 149649, "strasse": "Badenerstrasse", "hausnummer": "280", "plz": 8004.0, "ortschaft": "Zürich", "baujahr": 1915.0, "grundflaeche_m2": 214.40848, "gebaeudealter_2026": 111.0, "gebaeude_nutzung": "Gebäude Wohnen", "qualitaet": "AV93", "bev_pers_n": 334.0, "bev_dichte_pha": 334.0 }, "geometry": { "type": "Point", "coordinates": [ 8.514311569257963, 47.376695244843049 ] } },
{ "type": "Feature", "properties": { "egid_int": 149650, "strasse": "Martastrasse", "hausnummer": "106", "plz": 8004.0, "ortschaft": "Zürich", "baujahr": 1909.0, "grundflaeche_m2": 100.21579385, "gebaeudealter_2026": 117.0, "gebaeude_nutzung": "Gebäude Wohnen", "qualitaet": "AV93", "bev_pers_n": 347.0, "bev_dichte_pha": 347.0 }, "geometry": { "type": "Point", "coordinates": [ 8.515184049045541, 47.376542251181647 ] } },
{ "type": "Feature", "properties": { "egid_int": 149651, "strasse": "Martastrasse", "hausnummer": "108", "plz": 8004.0, "ortschaft": "Zürich", "baujahr": 1909.0, "grundflaeche_m2": 99.82134883000001, "gebaeudealter_2026": 117.0, "gebaeude_nutzung": "Gebäude Wohnen", "qualitaet": "AV93", "bev_pers_n": 334.0, "bev_dichte_pha": 334.0 }, "geometry": { "type": "Point", "coordinates": [ 8.515106188619503, 47.376474272216562 ] } },
{ "type": "Feature", "properties": { "egid_int": 149652, "strasse": "Hildastrasse", "hausnummer": "11", "plz": 8004.0, "ortschaft": "Zürich", "baujahr": 1910.0, "grundflaeche_m2": 172.4320955, "gebaeudealter_2026": 116.0, "gebaeude_nutzung": "Gebäude Wohnen", "qualitaet": "AV93", "bev_pers_n": 347.0, "bev_dichte_pha": 347.0 }, "geometry": { "type": "Point", "coordinates": [ 8.515229208103634, 47.376635487265226 ] } },
{ "type": "Feature", "properties": { "egid_int": 149653, "strasse": "Hildastrasse", "hausnummer": "15", "plz": 8004.0, "ortschaft": "Zürich", "baujahr": 1916.0, "grundflaeche_m2": 156.54947, "gebaeudealter_2026": 110.0, "gebaeude_nutzung": "Gebäude Wohnen", "qualitaet": "AV93", "bev_pers_n": 334.0, "bev_dichte_pha": 334.0 }, "geometry": { "type": "Point", "coordinates": [ 8.515060219328213, 47.376714653771188 ] } },
{ "type": "Feature", "properties": { "egid_int": 149654, "strasse": "Elsastrasse", "hausnummer": "15", "plz": 8004.0, "ortschaft": "Zürich", "baujahr": 1923.0, "grundflaeche_m2": 212.7628105, "gebaeudealter_2026": 103.0, "gebaeude_nutzung": "Gebäude Wohnen", "qualitaet": "AV93", "bev_pers_n": 334.0, "bev_dichte_pha": 334.0 }, "geometry": { "type": "Point", "coordinates": [ 8.514504022250676, 47.376905943730748 ] } },
{ "type": "Feature", "properties": { "egid_int": 149655, "strasse": "Elsastrasse", "hausnummer": "17", "plz": 8004.0, "ortschaft": "Zürich", "baujahr": 1923.0, "grundflaeche_m2": 91.3790385, "gebaeudealter_2026": 103.0, "gebaeude_nutzung": "Gebäude Wohnen", "qualitaet": "AV93", "bev_pers_n": 334.0, "bev_dichte_pha": 334.0 }, "geometry": { "type": "Point", "coordinates": [ 8.514403132615547, 47.376818884302381 ] } },
{ "type": "Feature", "properties": { "egid_int": 149656, "strasse": "Hildastrasse", "hausnummer": "10", "plz": 8004.0, "ortschaft": "Zürich", "baujahr": 1901.0, "grundflaeche_m2": 147.766497, "gebaeudealter_2026": 125.0, "gebaeude_nutzung": "Gebäude Wohnen", "qualitaet": "AV93", "bev_pers_n": 347.0, "bev_dichte_pha": 347.0 }, "geometry": { "type": "Point", "coordinates": [ 8.515462279664558, 47.376813450669296 ] } },
{ "type": "Feature", "properties": { "egid_int": 149657, "strasse": "Hildastrasse", "hausnummer": "12", "plz": 8004.0, "ortschaft": "Zürich", "baujahr": 1902.0, "grundflaeche_m2": 142.3261365, "gebaeudealter_2026": 124.0, "gebaeude_nutzung": "Gebäude Wohnen", "qualitaet": "AV93", "bev_pers_n": 347.0, "bev_dichte_pha": 347.0 }, "geometry": { "type": "Point", "coordinates": [ 8.515280685160619, 47.376891367743347 ] } },
{ "type": "Feature", "properties": { "egid_int": 149658, "strasse": "Hildastrasse", "hausnummer": "14", "plz": 8004.0, "ortschaft": "Zürich", "baujahr": 1902.0, "grundflaeche_m2": 142.6481395, "gebaeudealter_2026": 124.0, "gebaeude_nutzung": "Gebäude Wohnen", "qualitaet": "AV93", "bev_pers_n": 278.0, "bev_dichte_pha": 278.0 }, "geometry": { "type": "Point", "coordinates": [ 8.515134094319604, 47.376958362113918 ] } },
{ "type": "Feature", "properties": { "egid_int": 149659, "strasse": "Hildastrasse", "hausnummer": "17", "plz": 8004.0, "ortschaft": "Zürich", "baujahr": 1916.0, "grundflaeche_m2": 158.6489265, "gebaeudealter_2026": 110.0, "gebaeude_nutzung": "Gebäude Wohnen", "qualitaet": "AV93", "bev_pers_n": 334.0, "bev_dichte_pha": 334.0 }, "geometry": { "type": "Point", "coordinates": [ 8.514911160865728, 47.376783379926216 ] } },
{ "type": "Feature", "properties": { "egid_int": 149660, "strasse": "Hildastrasse", "hausnummer": "21", "plz": 8004.0, "ortschaft": "Zürich", "baujahr": 1924.0, "grundflaeche_m2": 171.937032, "gebaeudealter_2026": 102.0, "gebaeude_nutzung": "Gebäude Wohnen", "qualitaet": "AV93", "bev_pers_n": 334.0, "bev_dichte_pha": 334.0 }, "geometry": { "type": "Point", "coordinates": [ 8.514733645962266, 47.376864001628419 ] } },
{ "type": "Feature", "properties": { "egid_int": 149661, "strasse": "Hildastrasse", "hausnummer": "16", "plz": 8004.0, "ortschaft": "Zürich", "baujahr": 1902.0, "grundflaeche_m2": 141.866031, "gebaeudealter_2026": 124.0, "gebaeude_nutzung": "Gebäude Wohnen", "qualitaet": "AV93", "bev_pers_n": 278.0, "bev_dichte_pha": 278.0 }, "geometry": { "type": "Point", "coordinates": [ 8.514962609677033, 47.377038586152864 ] } },
{ "type": "Feature", "properties": { "egid_int": 149662, "strasse": "Hildastrasse", "hausnummer": "18", "plz": 8004.0, "ortschaft": "Zürich", "baujahr": 1903.0, "grundflaeche_m2": 162.570417, "gebaeudealter_2026": 123.0, "gebaeude_nutzung": "Gebäude Wohnen", "qualitaet": "AV93", "bev_pers_n": 278.0, "bev_dichte_pha": 278.0 }, "geometry": { "type": "Point", "coordinates": [ 8.514793695127526, 47.377121511501251 ] } },
{ "type": "Feature", "properties": { "egid_int": 149663, "strasse": "Elsastrasse", "hausnummer": "9", "plz": 8004.0, "ortschaft": "Zürich", "baujahr": 1924.0, "grundflaeche_m2": 124.9299355, "gebaeudealter_2026": 102.0, "gebaeude_nutzung": "Gebäude Wohnen", "qualitaet": "AV93", "bev_pers_n": 278.0, "bev_dichte_pha": 278.0 }, "geometry": { "type": "Point", "coordinates": [ 8.515025896139303, 47.377308793798797 ] } },
{ "type": "Feature", "properties": { "egid_int": 149664, "strasse": "Elsastrasse", "hausnummer": "10", "plz": 8004.0, "ortschaft": "Zürich", "baujahr": 1927.0, "grundflaeche_m2": 193.640416, "gebaeudealter_2026": 99.0, "gebaeude_nutzung": "Gebäude Wohnen", "qualitaet": "AV93", "bev_pers_n": 278.0, "bev_dichte_pha": 278.0 }, "geometry": { "type": "Point", "coordinates": [ 8.514756861220018, 47.37746159033869 ] } },
{ "type": "Feature", "properties": { "egid_int": 149665, "strasse": "Elsastrasse", "hausnummer": "11", "plz": 8004.0, "ortschaft": "Zürich", "baujahr": 1923.0, "grundflaeche_m2": 156.1038725, "gebaeudealter_2026": 103.0, "gebaeude_nutzung": "Gebäude Wohnen", "qualitaet": "AV93", "bev_pers_n": 278.0, "bev_dichte_pha": 278.0 }, "geometry": { "type": "Point", "coordinates": [ 8.514904613147463, 47.377221816884202 ] } },
{ "type": "Feature", "properties": { "egid_int": 149666, "strasse": "Elsastrasse", "hausnummer": "14", "plz": 8004.0, "ortschaft": "Zürich", "baujahr": 1928.0, "grundflaeche_m2": 160.33857, "gebaeudealter_2026": 98.0, "gebaeude_nutzung": "Gebäude Wohnen", "qualitaet": "AV93", "bev_pers_n": 278.0, "bev_dichte_pha": 278.0 }, "geometry": { "type": "Point", "coordinates": [ 8.514490309973773, 47.377234311418086 ] } },
{ "type": "Feature", "properties": { "egid_int": 149667, "strasse": "Elsastrasse", "hausnummer": "12", "plz": 8004.0, "ortschaft": "Zürich", "baujahr": 1928.0, "grundflaeche_m2": 159.218455, "gebaeudealter_2026": 98.0, "gebaeude_nutzung": "Gebäude Wohnen", "qualitaet": "AV93", "bev_pers_n": 278.0, "bev_dichte_pha": 278.0 }, "geometry": { "type": "Point", "coordinates": [ 8.514627415954509, 47.377348783303781 ] } },
{ "type": "Feature", "properties": { "egid_int": 149668, "strasse": "Elsastrasse", "hausnummer": "16", "plz": 8004.0, "ortschaft": "Zürich", "baujahr": 1932.0, "grundflaeche_m2": 197.2513125, "gebaeudealter_2026": 94.0, "gebaeude_nutzung": "Gebäude Verwaltung", "qualitaet": "AV93", "bev_pers_n": 278.0, "bev_dichte_pha": 278.0 }, "geometry": { "type": "Point", "coordinates": [ 8.514316332562386, 47.377130742953987 ] } },
{ "type": "Feature", "properties": { "egid_int": 149669, "strasse": "Agnesstrasse", "hausnummer": "1", "plz": 8004.0, "ortschaft": "Zürich", "baujahr": 1901.0, "grundflaeche_m2": 151.2603335, "gebaeudealter_2026": 125.0, "gebaeude_nutzung": "Gebäude Wohnen", "qualitaet": "AV93", "bev_pers_n": 179.0, "bev_dichte_pha": 179.0 }, "geometry": { "type": "Point", "coordinates": [ 8.515775295120946, 47.377139402121038 ] } },
{ "type": "Feature", "properties": { "egid_int": 149670, "strasse": "Agnesstrasse", "hausnummer": "2", "plz": 8004.0, "ortschaft": "Zürich", "baujahr": 1910.0, "grundflaeche_m2": 217.280037, "gebaeudealter_2026": 116.0, "gebaeude_nutzung": "Gebäude Wohnen", "qualitaet": "AV93", "bev_pers_n": 179.0, "bev_dichte_pha": 179.0 }, "geometry": { "type": "Point", "coordinates": [ 8.515990333534432, 47.377334353443786 ] } },
{ "type": "Feature", "properties": { "egid_int": 149671, "strasse": "Agnesstrasse", "hausnummer": "3", "plz": 8004.0, "ortschaft": "Zürich", "baujahr": 1901.0, "grundflaeche_m2": 130.5285335, "gebaeudealter_2026": 125.0, "gebaeude_nutzung": "Gebäude Wohnen", "qualitaet": "AV93", "bev_pers_n": 179.0, "bev_dichte_pha": 179.0 }, "geometry": { "type": "Point", "coordinates": [ 8.515642231132583, 47.377202124262077 ] } },
{ "type": "Feature", "properties": { "egid_int": 149672, "strasse": "Agnesstrasse", "hausnummer": "4", "plz": 8004.0, "ortschaft": "Zürich", "baujahr": 1910.0, "grundflaeche_m2": 184.093529, "gebaeudealter_2026": 116.0, "gebaeude_nutzung": "Gebäude Wohnen", "qualitaet": "AV93", "bev_pers_n": 179.0, "bev_dichte_pha": 179.0 }, "geometry": { "type": "Point", "coordinates": [ 8.515806048400961, 47.377401718183968 ] } },
{ "type": "Feature", "properties": { "egid_int": 149673, "strasse": "Agnesstrasse", "hausnummer": "5", "plz": 8004.0, "ortschaft": "Zürich", "baujahr": 1901.0, "grundflaeche_m2": 131.407357, "gebaeudealter_2026": 125.0, "gebaeude_nutzung": "Gebäude Wohnen", "qualitaet": "AV93", "bev_pers_n": 179.0, "bev_dichte_pha": 179.0 }, "geometry": { "type": "Point", "coordinates": [ 8.515480187995372, 47.377261356437252 ] } },
{ "type": "Feature", "properties": { "egid_int": 149674, "strasse": "Agnesstrasse", "hausnummer": "6", "plz": 8004.0, "ortschaft": "Zürich", "baujahr": 1910.0, "grundflaeche_m2": 107.997484, "gebaeudealter_2026": 116.0, "gebaeude_nutzung": "Gebäude Wohnen", "qualitaet": "AV93", "bev_pers_n": 179.0, "bev_dichte_pha": 179.0 }, "geometry": { "type": "Point", "coordinates": [ 8.515657150892785, 47.377460108414141 ] } },
{ "type": "Feature", "properties": { "egid_int": 149675, "strasse": "Agnesstrasse", "hausnummer": "7", "plz": 8004.0, "ortschaft": "Zürich", "baujahr": 1901.0, "grundflaeche_m2": 130.2861615, "gebaeudealter_2026": 125.0, "gebaeude_nutzung": "Gebäude Wohnen", "qualitaet": "AV93", "bev_pers_n": 179.0, "bev_dichte_pha": 179.0 }, "geometry": { "type": "Point", "coordinates": [ 8.515340267600825, 47.377324924708844 ] } },
{ "type": "Feature", "properties": { "egid_int": 149676, "strasse": "Agnesstrasse", "hausnummer": "9", "plz": 8004.0, "ortschaft": "Zürich", "baujahr": 1901.0, "grundflaeche_m2": 155.181403, "gebaeudealter_2026": 125.0, "gebaeude_nutzung": "Gebäude Wohnen", "qualitaet": "AV93", "bev_pers_n": 179.0, "bev_dichte_pha": 179.0 }, "geometry": { "type": "Point", "coordinates": [ 8.515190316612369, 47.377390178416348 ] } },
{ "type": "Feature", "properties": { "egid_int": 149677, "strasse": null, "hausnummer": null, "plz": null, "ortschaft": null, "baujahr": 1931.0, "grundflaeche_m2": 199.2562905, "gebaeudealter_2026": 95.0, "gebaeude_nutzung": "Gebäude Wohnen", "qualitaet": "AV93", "bev_pers_n": 179.0, "bev_dichte_pha": 179.0 }, "geometry": { "type": "Point", "coordinates": [ 8.516031172762778, 47.377593094276584 ] } },
{ "type": "Feature", "properties": { "egid_int": 149678, "strasse": null, "hausnummer": null, "plz": null, "ortschaft": null, "baujahr": 1931.0, "grundflaeche_m2": 168.731385, "gebaeudealter_2026": 95.0, "gebaeude_nutzung": "Gebäude Wohnen", "qualitaet": "AV93", "bev_pers_n": 179.0, "bev_dichte_pha": 179.0 }, "geometry": { "type": "Point", "coordinates": [ 8.515874727370996, 47.377675760976167 ] } },
{ "type": "Feature", "properties": { "egid_int": 149679, "strasse": null, "hausnummer": null, "plz": null, "ortschaft": null, "baujahr": 1931.0, "grundflaeche_m2": 167.6683205, "gebaeudealter_2026": 95.0, "gebaeude_nutzung": "Gebäude Wohnen", "qualitaet": "AV93", "bev_pers_n": 179.0, "bev_dichte_pha": 179.0 }, "geometry": { "type": "Point", "coordinates": [ 8.515699602264185, 47.377750209198261 ] } },
{ "type": "Feature", "properties": { "egid_int": 149680, "strasse": null, "hausnummer": null, "plz": null, "ortschaft": null, "baujahr": 1931.0, "grundflaeche_m2": 180.1309285, "gebaeudealter_2026": 95.0, "gebaeude_nutzung": "Gebäude Wohnen", "qualitaet": "AV93", "bev_pers_n": 179.0, "bev_dichte_pha": 179.0 }, "geometry": { "type": "Point", "coordinates": [ 8.515544606866793, 47.377799166297152 ] } },
{ "type": "Feature", "properties": { "egid_int": 149681, "strasse": "Kochstrasse", "hausnummer": "17", "plz": 8004.0, "ortschaft": "Zürich", "baujahr": 1926.0, "grundflaeche_m2": 219.329947, "gebaeudealter_2026": 100.0, "gebaeude_nutzung": "Gebäude Wohnen", "qualitaet": "AV93", "bev_pers_n": 278.0, "bev_dichte_pha": 278.0 }, "geometry": { "type": "Point", "coordinates": [ 8.515283848340609, 47.377944133108265 ] } },
{ "type": "Feature", "properties": { "egid_int": 149682, "strasse": "Kochstrasse", "hausnummer": "19", "plz": 8004.0, "ortschaft": "Zürich", "baujahr": 1896.0, "grundflaeche_m2": 219.774182, "gebaeudealter_2026": 130.0, "gebaeude_nutzung": "Gebäude Wohnen", "qualitaet": "AV93", "bev_pers_n": 239.0, "bev_dichte_pha": 239.0 }, "geometry": { "type": "Point", "coordinates": [ 8.514943124350729, 47.378041648673182 ] } },
{ "type": "Feature", "properties": { "egid_int": 149683, "strasse": "Kochstrasse", "hausnummer": "21", "plz": 8004.0, "ortschaft": "Zürich", "baujahr": 1930.0, "grundflaeche_m2": 180.2698625, "gebaeudealter_2026": 96.0, "gebaeude_nutzung": "Gebäude Wohnen", "qualitaet": "AV93", "bev_pers_n": 239.0, "bev_dichte_pha": 239.0 }, "geometry": { "type": "Point", "coordinates": [ 8.514738629428594, 47.378132083465516 ] } },
{ "type": "Feature", "properties": { "egid_int": 149685, "strasse": "Kochstrasse", "hausnummer": "10", "plz": 8004.0, "ortschaft": "Zürich", "baujahr": 1895.0, "grundflaeche_m2": 165.481956, "gebaeudealter_2026": 131.0, "gebaeude_nutzung": "Gebäude Wohnen", "qualitaet": "AV93", "bev_pers_n": 278.0, "bev_dichte_pha": 278.0 }, "geometry": { "type": "Point", "coordinates": [ 8.515660103590896, 47.378059729836238 ] } },
{ "type": "Feature", "properties": { "egid_int": 149686, "strasse": "Kochstrasse", "hausnummer": "2", "plz": 8004.0, "ortschaft": "Zürich", "baujahr": 1934.0, "grundflaeche_m2": 435.11845115, "gebaeudealter_2026": 92.0, "gebaeude_nutzung": "Gebäude Wohnen", "qualitaet": "AV93", "bev_pers_n": 278.0, "bev_dichte_pha": 278.0 }, "geometry": { "type": "Point", "coordinates": [ 8.51589314608742, 47.377936446952404 ] } },
{ "type": "Feature", "properties": { "egid_int": 149687, "strasse": "Sihlfeldstrasse", "hausnummer": "127", "plz": 8004.0, "ortschaft": "Zürich", "baujahr": 1946.0, "grundflaeche_m2": 222.4487925, "gebaeudealter_2026": 80.0, "gebaeude_nutzung": "Gebäude Wohnen", "qualitaet": "AV93", "bev_pers_n": 278.0, "bev_dichte_pha": 278.0 }, "geometry": { "type": "Point", "coordinates": [ 8.515953923326833, 47.378300397343693 ] } },
{ "type": "Feature", "properties": { "egid_int": 149688, "strasse": "Elsastrasse", "hausnummer": "18", "plz": 8004.0, "ortschaft": "Zürich", "baujahr": 1932.0, "grundflaeche_m2": 198.158573, "gebaeudealter_2026": 94.0, "gebaeude_nutzung": "Gebäude Wohnen", "qualitaet": "AV93", "bev_pers_n": 278.0, "bev_dichte_pha": 278.0 }, "geometry": { "type": "Point", "coordinates": [ 8.514165747013779, 47.376999863221783 ] } },
{ "type": "Feature", "properties": { "egid_int": 149689, "strasse": "Elsastrasse", "hausnummer": "20", "plz": 8004.0, "ortschaft": "Zürich", "baujahr": 1933.0, "grundflaeche_m2": 192.6270055, "gebaeudealter_2026": 93.0, "gebaeude_nutzung": "Gebäude Wohnen", "qualitaet": "AV93", "bev_pers_n": 334.0, "bev_dichte_pha": 334.0 }, "geometry": { "type": "Point", "coordinates": [ 8.514020434692178, 47.376880897680159 ] } },
{ "type": "Feature", "properties": { "egid_int": 149690, "strasse": "Badenerstrasse", "hausnummer": "286", "plz": 8004.0, "ortschaft": "Zürich", "baujahr": 1933.0, "grundflaeche_m2": 151.5219035, "gebaeudealter_2026": 93.0, "gebaeude_nutzung": "Gebäude Wohnen", "qualitaet": "AV93", "bev_pers_n": 334.0, "bev_dichte_pha": 334.0 }, "geometry": { "type": "Point", "coordinates": [ 8.513860730402724, 47.37691366023224 ] } },
{ "type": "Feature", "properties": { "egid_int": 149691, "strasse": "Badenerstrasse", "hausnummer": "288", "plz": 8004.0, "ortschaft": "Zürich", "baujahr": 1954.0, "grundflaeche_m2": 669.426317, "gebaeudealter_2026": 72.0, "gebaeude_nutzung": "Gebäude Wohnen", "qualitaet": "AV93", "bev_pers_n": 196.0, "bev_dichte_pha": 196.0 }, "geometry": { "type": "Point", "coordinates": [ 8.513691961980854, 47.376994702624799 ] } },
{ "type": "Feature", "properties": { "egid_int": 149692, "strasse": "Badenerstrasse", "hausnummer": "290", "plz": 8004.0, "ortschaft": "Zürich", "baujahr": 1954.0, "grundflaeche_m2": 439.4690315, "gebaeudealter_2026": 72.0, "gebaeude_nutzung": "Gebäude Wohnen", "qualitaet": "AV93", "bev_pers_n": 278.0, "bev_dichte_pha": 278.0 }, "geometry": { "type": "Point", "coordinates": [ 8.514060650901943, 47.377297616778201 ] } },
{ "type": "Feature", "properties": { "egid_int": 149694, "strasse": "Badenerstrasse", "hausnummer": "300", "plz": 8004.0, "ortschaft": "Zürich", "baujahr": 1906.0, "grundflaeche_m2": 96.8073135, "gebaeudealter_2026": 120.0, "gebaeude_nutzung": "Gebäude Wohnen", "qualitaet": "AV93", "bev_pers_n": 196.0, "bev_dichte_pha": 196.0 }, "geometry": { "type": "Point", "coordinates": [ 8.513183355237766, 47.37724993909265 ] } },
{ "type": "Feature", "properties": { "egid_int": 149695, "strasse": "Agnesstrasse", "hausnummer": "8", "plz": 8004.0, "ortschaft": "Zürich", "baujahr": 1910.0, "grundflaeche_m2": 165.0866055, "gebaeudealter_2026": 116.0, "gebaeude_nutzung": "Gebäude Wohnen", "qualitaet": "AV93", "bev_pers_n": 179.0, "bev_dichte_pha": 179.0 }, "geometry": { "type": "Point", "coordinates": [ 8.515514051645436, 47.3775328365478 ] } },
{ "type": "Feature", "properties": { "egid_int": 149696, "strasse": "Agnesstrasse", "hausnummer": "10", "plz": 8004.0, "ortschaft": "Zürich", "baujahr": 1910.0, "grundflaeche_m2": 195.1381805, "gebaeudealter_2026": 116.0, "gebaeude_nutzung": "Gebäude Wohnen", "qualitaet": "AV93", "bev_pers_n": 179.0, "bev_dichte_pha": 179.0 }, "geometry": { "type": "Point", "coordinates": [ 8.515375164960869, 47.377607621091265 ] } },
{ "type": "Feature", "properties": { "egid_int": 149697, "strasse": "Agnesstrasse", "hausnummer": "11", "plz": 8004.0, "ortschaft": "Zürich", "baujahr": 1927.0, "grundflaeche_m2": 178.6118935, "gebaeudealter_2026": 99.0, "gebaeude_nutzung": "Gebäude Wohnen", "qualitaet": "AV93", "bev_pers_n": 278.0, "bev_dichte_pha": 278.0 }, "geometry": { "type": "Point", "coordinates": [ 8.514601548494856, 47.377578794902021 ] } },
{ "type": "Feature", "properties": { "egid_int": 149698, "strasse": "Agnesstrasse", "hausnummer": "12", "plz": 8004.0, "ortschaft": "Zürich", "baujahr": 1926.0, "grundflaeche_m2": 161.899053, "gebaeudealter_2026": 100.0, "gebaeude_nutzung": "Gebäude Wohnen", "qualitaet": "AV93", "bev_pers_n": 278.0, "bev_dichte_pha": 278.0 }, "geometry": { "type": "Point", "coordinates": [ 8.515068379772403, 47.377715416935139 ] } },
{ "type": "Feature", "properties": { "egid_int": 149699, "strasse": "Agnesstrasse", "hausnummer": "14", "plz": 8004.0, "ortschaft": "Zürich", "baujahr": 1926.0, "grundflaeche_m2": 158.431329, "gebaeudealter_2026": 100.0, "gebaeude_nutzung": "Gebäude Wohnen", "qualitaet": "AV93", "bev_pers_n": 278.0, "bev_dichte_pha": 278.0 }, "geometry": { "type": "Point", "coordinates": [ 8.514873804073495, 47.377798590471599 ] } },
{ "type": "Feature", "properties": { "egid_int": 149700, "strasse": "Agnesstrasse", "hausnummer": "15", "plz": 8004.0, "ortschaft": "Zürich", "baujahr": 1927.0, "grundflaeche_m2": 176.562363, "gebaeudealter_2026": 99.0, "gebaeude_nutzung": "Gebäude Wohnen", "qualitaet": "AV93", "bev_pers_n": 278.0, "bev_dichte_pha": 278.0 }, "geometry": { "type": "Point", "coordinates": [ 8.514399753452025, 47.377661872970627 ] } },
{ "type": "Feature", "properties": { "egid_int": 149701, "strasse": "Agnesstrasse", "hausnummer": "16", "plz": 8004.0, "ortschaft": "Zürich", "baujahr": 1926.0, "grundflaeche_m2": 158.4398, "gebaeudealter_2026": 100.0, "gebaeude_nutzung": "Gebäude Wohnen", "qualitaet": "AV93", "bev_pers_n": 239.0, "bev_dichte_pha": 239.0 }, "geometry": { "type": "Point", "coordinates": [ 8.514693239198408, 47.377877864220494 ] } },
{ "type": "Feature", "properties": { "egid_int": 149702, "strasse": "Agnesstrasse", "hausnummer": "19", "plz": 8004.0, "ortschaft": "Zürich", "baujahr": 1927.0, "grundflaeche_m2": 214.2785445, "gebaeudealter_2026": 99.0, "gebaeude_nutzung": "Gebäude Wohnen", "qualitaet": "AV93", "bev_pers_n": 278.0, "bev_dichte_pha": 278.0 }, "geometry": { "type": "Point", "coordinates": [ 8.514195672832356, 47.37775706136199 ] } },
{ "type": "Feature", "properties": { "egid_int": 149703, "strasse": "Kochstrasse", "hausnummer": "24", "plz": 8004.0, "ortschaft": "Zürich", "baujahr": 1891.0, "grundflaeche_m2": 162.072308, "gebaeudealter_2026": 135.0, "gebaeude_nutzung": "Gebäude Wohnen", "qualitaet": "AV93", "bev_pers_n": 239.0, "bev_dichte_pha": 239.0 }, "geometry": { "type": "Point", "coordinates": [ 8.514966401417315, 47.378396243191105 ] } },
{ "type": "Feature", "properties": { "egid_int": 149704, "strasse": "Zypressenstrasse", "hausnummer": "78", "plz": 8004.0, "ortschaft": "Zürich", "baujahr": 1912.0, "grundflaeche_m2": 123.0732585, "gebaeudealter_2026": 114.0, "gebaeude_nutzung": "Gebäude Wohnen", "qualitaet": "AV93", "bev_pers_n": 239.0, "bev_dichte_pha": 239.0 }, "geometry": { "type": "Point", "coordinates": [ 8.51471832579295, 47.378472376991155 ] } },
{ "type": "Feature", "properties": { "egid_int": 149705, "strasse": "Zypressenstrasse", "hausnummer": "80", "plz": 8004.0, "ortschaft": "Zürich", "baujahr": 1911.0, "grundflaeche_m2": 120.3000925, "gebaeudealter_2026": 115.0, "gebaeude_nutzung": "Gebäude Wohnen", "qualitaet": "AV93", "bev_pers_n": 239.0, "bev_dichte_pha": 239.0 }, "geometry": { "type": "Point", "coordinates": [ 8.51481723796439, 47.378561010706157 ] } },
{ "type": "Feature", "properties": { "egid_int": 149706, "strasse": "Zypressenstrasse", "hausnummer": "82", "plz": 8004.0, "ortschaft": "Zürich", "baujahr": 1911.0, "grundflaeche_m2": 121.88201, "gebaeudealter_2026": 115.0, "gebaeude_nutzung": "Gebäude Wohnen", "qualitaet": "AV93", "bev_pers_n": 239.0, "bev_dichte_pha": 239.0 }, "geometry": { "type": "Point", "coordinates": [ 8.514928486675286, 47.378636882303724 ] } },
{ "type": "Feature", "properties": { "egid_int": 149707, "strasse": "Zypressenstrasse", "hausnummer": "84", "plz": 8004.0, "ortschaft": "Zürich", "baujahr": 1911.0, "grundflaeche_m2": 114.248156, "gebaeudealter_2026": 115.0, "gebaeude_nutzung": "Gebäude Wohnen", "qualitaet": "AV93", "bev_pers_n": 46.0, "bev_dichte_pha": 46.0 }, "geometry": { "type": "Point", "coordinates": [ 8.515049006623412, 47.378723947251494 ] } },
{ "type": "Feature", "properties": { "egid_int": 149708, "strasse": "Kanzleistrasse", "hausnummer": "231", "plz": 8004.0, "ortschaft": "Zürich", "baujahr": 1909.0, "grundflaeche_m2": 190.605081, "gebaeudealter_2026": 117.0, "gebaeude_nutzung": "Gebäude Wohnen", "qualitaet": "AV93", "bev_pers_n": 257.0, "bev_dichte_pha": 257.0 }, "geometry": { "type": "Point", "coordinates": [ 8.515205842354508, 47.378815117223006 ] } },
{ "type": "Feature", "properties": { "egid_int": 149709, "strasse": "Kanzleistrasse", "hausnummer": "229", "plz": 8004.0, "ortschaft": "Zürich", "baujahr": 1909.0, "grundflaeche_m2": 108.6548205, "gebaeudealter_2026": 117.0, "gebaeude_nutzung": "Gebäude Wohnen", "qualitaet": "AV93", "bev_pers_n": 257.0, "bev_dichte_pha": 257.0 }, "geometry": { "type": "Point", "coordinates": [ 8.515365755278362, 47.378784572716953 ] } },
{ "type": "Feature", "properties": { "egid_int": 149710, "strasse": "Kanzleistrasse", "hausnummer": "227", "plz": 8004.0, "ortschaft": "Zürich", "baujahr": 1911.0, "grundflaeche_m2": 217.4059905, "gebaeudealter_2026": 115.0, "gebaeude_nutzung": "Gebäude Wohnen", "qualitaet": "AV93", "bev_pers_n": 257.0, "bev_dichte_pha": 257.0 }, "geometry": { "type": "Point", "coordinates": [ 8.515533241704553, 47.378730372258431 ] } },
{ "type": "Feature", "properties": { "egid_int": 149711, "strasse": "Kanzleistrasse", "hausnummer": "228", "plz": 8004.0, "ortschaft": "Zürich", "baujahr": 1910.0, "grundflaeche_m2": 93.4287545, "gebaeudealter_2026": 116.0, "gebaeude_nutzung": "Gebäude Wohnen", "qualitaet": "AV93", "bev_pers_n": 257.0, "bev_dichte_pha": 257.0 }, "geometry": { "type": "Point", "coordinates": [ 8.515653244132547, 47.378990992692223 ] } },
{ "type": "Feature", "properties": { "egid_int": 149712, "strasse": "Sihlfeldstrasse", "hausnummer": "139", "plz": 8004.0, "ortschaft": "Zürich", "baujahr": 1909.0, "grundflaeche_m2": 215.4034785, "gebaeudealter_2026": 117.0, "gebaeude_nutzung": "Gebäude Wohnen", "qualitaet": "AV93", "bev_pers_n": 257.0, "bev_dichte_pha": 257.0 }, "geometry": { "type": "Point", "coordinates": [ 8.515840395709345, 47.378963611718248 ] } },
{ "type": "Feature", "properties": { "egid_int": 149713, "strasse": "Sihlfeldstrasse", "hausnummer": "141", "plz": 8004.0, "ortschaft": "Zürich", "baujahr": 1909.0, "grundflaeche_m2": 195.9520635, "gebaeudealter_2026": 117.0, "gebaeude_nutzung": "Gebäude Wohnen", "qualitaet": "AV93", "bev_pers_n": 257.0, "bev_dichte_pha": 257.0 }, "geometry": { "type": "Point", "coordinates": [ 8.515819333819184, 47.37919135691962 ] } },
{ "type": "Feature", "properties": { "egid_int": 149714, "strasse": "Sihlfeldstrasse", "hausnummer": "143", "plz": 8004.0, "ortschaft": "Zürich", "baujahr": 1909.0, "grundflaeche_m2": 87.1053675, "gebaeudealter_2026": 117.0, "gebaeude_nutzung": "Gebäude Wohnen", "qualitaet": "AV93", "bev_pers_n": 257.0, "bev_dichte_pha": 257.0 }, "geometry": { "type": "Point", "coordinates": [ 8.515832457281054, 47.379085848069728 ] } },
{ "type": "Feature", "properties": { "egid_int": 149715, "strasse": "Zypressenstrasse", "hausnummer": "94", "plz": 8004.0, "ortschaft": "Zürich", "baujahr": 1910.0, "grundflaeche_m2": 219.9496915, "gebaeudealter_2026": 116.0, "gebaeude_nutzung": "Gebäude Wohnen", "qualitaet": "AV93", "bev_pers_n": 257.0, "bev_dichte_pha": 257.0 }, "geometry": { "type": "Point", "coordinates": [ 8.51562206784866, 47.379120632744822 ] } },
{ "type": "Feature", "properties": { "egid_int": 149716, "strasse": "Zypressenstrasse", "hausnummer": "50", "plz": 8004.0, "ortschaft": "Zürich", "baujahr": 1906.0, "grundflaeche_m2": 202.6336745, "gebaeudealter_2026": 120.0, "gebaeude_nutzung": "Gebäude Wohnen", "qualitaet": "AV93", "bev_pers_n": 196.0, "bev_dichte_pha": 196.0 }, "geometry": { "type": "Point", "coordinates": [ 8.513075864805421, 47.377342499942145 ] } },
{ "type": "Feature", "properties": { "egid_int": 149717, "strasse": "Zypressenstrasse", "hausnummer": "52", "plz": 8004.0, "ortschaft": "Zürich", "baujahr": 1907.0, "grundflaeche_m2": 107.8853405, "gebaeudealter_2026": 119.0, "gebaeude_nutzung": "Gebäude Wohnen", "qualitaet": "AV93", "bev_pers_n": 196.0, "bev_dichte_pha": 196.0 }, "geometry": { "type": "Point", "coordinates": [ 8.513204728198597, 47.377425954121883 ] } },
{ "type": "Feature", "properties": { "egid_int": 149718, "strasse": "Zypressenstrasse", "hausnummer": "54", "plz": 8004.0, "ortschaft": "Zürich", "baujahr": 1909.0, "grundflaeche_m2": 83.182737, "gebaeudealter_2026": 117.0, "gebaeude_nutzung": "Gebäude Wohnen", "qualitaet": "AV93", "bev_pers_n": 196.0, "bev_dichte_pha": 196.0 }, "geometry": { "type": "Point", "coordinates": [ 8.513282842820114, 47.37748491889419 ] } },
{ "type": "Feature", "properties": { "egid_int": 149719, "strasse": "Zypressenstrasse", "hausnummer": "56", "plz": 8004.0, "ortschaft": "Zürich", "baujahr": 1953.0, "grundflaeche_m2": 110.859022, "gebaeudealter_2026": 73.0, "gebaeude_nutzung": "Gebäude Wohnen", "qualitaet": "AV93", "bev_pers_n": 196.0, "bev_dichte_pha": 196.0 }, "geometry": { "type": "Point", "coordinates": [ 8.513369760093664, 47.377538440645054 ] } },
{ "type": "Feature", "properties": { "egid_int": 149720, "strasse": "Agnesstrasse", "hausnummer": "18", "plz": 8004.0, "ortschaft": "Zürich", "baujahr": 1926.0, "grundflaeche_m2": 159.2556465, "gebaeudealter_2026": 100.0, "gebaeude_nutzung": "Gebäude Wohnen", "qualitaet": "AV93", "bev_pers_n": 239.0, "bev_dichte_pha": 239.0 }, "geometry": { "type": "Point", "coordinates": [ 8.514519586479413, 47.377950578848669 ] } },
{ "type": "Feature", "properties": { "egid_int": 149721, "strasse": "Agnesstrasse", "hausnummer": "22", "plz": 8004.0, "ortschaft": "Zürich", "baujahr": 1909.0, "grundflaeche_m2": 381.1094455, "gebaeudealter_2026": 117.0, "gebaeude_nutzung": "Gebäude Wohnen", "qualitaet": "AV93", "bev_pers_n": 239.0, "bev_dichte_pha": 239.0 }, "geometry": { "type": "Point", "coordinates": [ 8.514218160760523, 47.378100365527665 ] } },
{ "type": "Feature", "properties": { "egid_int": 149722, "strasse": "Zypressenstrasse", "hausnummer": "49", "plz": 8004.0, "ortschaft": "Zürich", "baujahr": 1928.0, "grundflaeche_m2": 251.94717980499999, "gebaeudealter_2026": 98.0, "gebaeude_nutzung": "Gebäude Wohnen", "qualitaet": "AV93", "bev_pers_n": 196.0, "bev_dichte_pha": 196.0 }, "geometry": { "type": "Point", "coordinates": [ 8.512786572865718, 47.377493150513793 ] } },
{ "type": "Feature", "properties": { "egid_int": 149723, "strasse": "Zypressenstrasse", "hausnummer": "53", "plz": 8004.0, "ortschaft": "Zürich", "baujahr": 1895.0, "grundflaeche_m2": 126.675838, "gebaeudealter_2026": 131.0, "gebaeude_nutzung": "Gebäude Wohnen", "qualitaet": "AV93", "bev_pers_n": 196.0, "bev_dichte_pha": 196.0 }, "geometry": { "type": "Point", "coordinates": [ 8.513010940177898, 47.377654064068409 ] } },
{ "type": "Feature", "properties": { "egid_int": 149724, "strasse": "Zypressenstrasse", "hausnummer": "55", "plz": 8004.0, "ortschaft": "Zürich", "baujahr": 1895.0, "grundflaeche_m2": 123.169562, "gebaeudealter_2026": 131.0, "gebaeude_nutzung": "Gebäude Wohnen", "qualitaet": "AV93", "bev_pers_n": 196.0, "bev_dichte_pha": 196.0 }, "geometry": { "type": "Point", "coordinates": [ 8.51311680764862, 47.377732551039578 ] } },
{ "type": "Feature", "properties": { "egid_int": 149725, "strasse": "Zypressenstrasse", "hausnummer": "57", "plz": 8004.0, "ortschaft": "Zürich", "baujahr": 1895.0, "grundflaeche_m2": 224.277295, "gebaeudealter_2026": 131.0, "gebaeude_nutzung": "Gebäude Wohnen", "qualitaet": "AV93", "bev_pers_n": 196.0, "bev_dichte_pha": 196.0 }, "geometry": { "type": "Point", "coordinates": [ 8.513266142297001, 47.377830971467489 ] } },
{ "type": "Feature", "properties": { "egid_int": 149726, "strasse": "Zypressenstrasse", "hausnummer": "59", "plz": 8004.0, "ortschaft": "Zürich", "baujahr": 1898.0, "grundflaeche_m2": 186.633066, "gebaeudealter_2026": 128.0, "gebaeude_nutzung": "Gebäude Wohnen", "qualitaet": "AV93", "bev_pers_n": 235.0, "bev_dichte_pha": 235.0 }, "geometry": { "type": "Point", "coordinates": [ 8.513421960787062, 47.377944874895491 ] } },
{ "type": "Feature", "properties": { "egid_int": 149727, "strasse": "Badenerstrasse", "hausnummer": "310", "plz": 8004.0, "ortschaft": "Zürich", "baujahr": 1884.0, "grundflaeche_m2": 144.647589, "gebaeudealter_2026": 142.0, "gebaeude_nutzung": "Gebäude Wohnen", "qualitaet": "AV93", "bev_pers_n": 196.0, "bev_dichte_pha": 196.0 }, "geometry": { "type": "Point", "coordinates": [ 8.512615304365958, 47.377513380739416 ] } },
{ "type": "Feature", "properties": { "egid_int": 149728, "strasse": "Badenerstrasse", "hausnummer": "316", "plz": 8004.0, "ortschaft": "Zürich", "baujahr": 1923.0, "grundflaeche_m2": 194.3376095, "gebaeudealter_2026": 103.0, "gebaeude_nutzung": "Gebäude Wohnen", "qualitaet": "AV93", "bev_pers_n": 196.0, "bev_dichte_pha": 196.0 }, "geometry": { "type": "Point", "coordinates": [ 8.512307318071278, 47.37764922705621 ] } },
{ "type": "Feature", "properties": { "egid_int": 149729, "strasse": "Agnesstrasse", "hausnummer": "25", "plz": 8004.0, "ortschaft": "Zürich", "baujahr": 1904.0, "grundflaeche_m2": 186.9413945, "gebaeudealter_2026": 122.0, "gebaeude_nutzung": "Gebäude Wohnen", "qualitaet": "AV93", "bev_pers_n": 235.0, "bev_dichte_pha": 235.0 }, "geometry": { "type": "Point", "coordinates": [ 8.513570115513124, 47.378066153440827 ] } },
{ "type": "Feature", "properties": { "egid_int": 149730, "strasse": "Agnesstrasse", "hausnummer": "27", "plz": 8004.0, "ortschaft": "Zürich", "baujahr": 1906.0, "grundflaeche_m2": 111.667655, "gebaeudealter_2026": 120.0, "gebaeude_nutzung": "Gebäude Wohnen", "qualitaet": "AV93", "bev_pers_n": 235.0, "bev_dichte_pha": 235.0 }, "geometry": { "type": "Point", "coordinates": [ 8.513410408917393, 47.378144961207411 ] } },
{ "type": "Feature", "properties": { "egid_int": 149731, "strasse": "Agnesstrasse", "hausnummer": "33", "plz": 8004.0, "ortschaft": "Zürich", "baujahr": 1923.0, "grundflaeche_m2": 203.967628, "gebaeudealter_2026": 103.0, "gebaeude_nutzung": "Gebäude Wohnen", "qualitaet": "AV93", "bev_pers_n": 235.0, "bev_dichte_pha": 235.0 }, "geometry": { "type": "Point", "coordinates": [ 8.513165211572765, 47.3782417356013 ] } },
{ "type": "Feature", "properties": { "egid_int": 149732, "strasse": "Denzlerstrasse", "hausnummer": "31", "plz": 8004.0, "ortschaft": "Zürich", "baujahr": 1924.0, "grundflaeche_m2": 146.802283, "gebaeudealter_2026": 102.0, "gebaeude_nutzung": "Gebäude Wohnen", "qualitaet": "AV93", "bev_pers_n": 235.0, "bev_dichte_pha": 235.0 }, "geometry": { "type": "Point", "coordinates": [ 8.512966386334078, 47.378117608599126 ] } },
{ "type": "Feature", "properties": { "egid_int": 149733, "strasse": "Denzlerstrasse", "hausnummer": "33", "plz": 8004.0, "ortschaft": "Zürich", "baujahr": 1924.0, "grundflaeche_m2": 150.0181755, "gebaeudealter_2026": 102.0, "gebaeude_nutzung": "Gebäude Wohnen", "qualitaet": "AV93", "bev_pers_n": 235.0, "bev_dichte_pha": 235.0 }, "geometry": { "type": "Point", "coordinates": [ 8.512828924456224, 47.378030735024318 ] } },
{ "type": "Feature", "properties": { "egid_int": 149734, "strasse": "Denzlerstrasse", "hausnummer": "35", "plz": 8004.0, "ortschaft": "Zürich", "baujahr": 1924.0, "grundflaeche_m2": 146.9348815, "gebaeudealter_2026": 102.0, "gebaeude_nutzung": "Gebäude Wohnen", "qualitaet": "AV93", "bev_pers_n": 235.0, "bev_dichte_pha": 235.0 }, "geometry": { "type": "Point", "coordinates": [ 8.51269532279469, 47.377932995310097 ] } },
{ "type": "Feature", "properties": { "egid_int": 149735, "strasse": "Denzlerstrasse", "hausnummer": "37", "plz": 8004.0, "ortschaft": "Zürich", "baujahr": 1923.0, "grundflaeche_m2": 146.989528, "gebaeudealter_2026": 103.0, "gebaeude_nutzung": "Gebäude Wohnen", "qualitaet": "AV93", "bev_pers_n": 235.0, "bev_dichte_pha": 235.0 }, "geometry": { "type": "Point", "coordinates": [ 8.512573503268904, 47.377849502072785 ] } },
{ "type": "Feature", "properties": { "egid_int": 149736, "strasse": "Denzlerstrasse", "hausnummer": "39", "plz": 8004.0, "ortschaft": "Zürich", "baujahr": 1923.0, "grundflaeche_m2": 146.2097065, "gebaeudealter_2026": 103.0, "gebaeude_nutzung": "Gebäude Wohnen", "qualitaet": "AV93", "bev_pers_n": 196.0, "bev_dichte_pha": 196.0 }, "geometry": { "type": "Point", "coordinates": [ 8.512427831390308, 47.3777415479003 ] } },
{ "type": "Feature", "properties": { "egid_int": 149737, "strasse": "Agnesstrasse", "hausnummer": "24", "plz": 8004.0, "ortschaft": "Zürich", "baujahr": 1906.0, "grundflaeche_m2": 186.8283205, "gebaeudealter_2026": 120.0, "gebaeude_nutzung": "Gebäude Wohnen", "qualitaet": "AV93", "bev_pers_n": 235.0, "bev_dichte_pha": 235.0 }, "geometry": { "type": "Point", "coordinates": [ 8.513826663469862, 47.378247877453923 ] } },
{ "type": "Feature", "properties": { "egid_int": 149738, "strasse": "Agnesstrasse", "hausnummer": "26", "plz": 8004.0, "ortschaft": "Zürich", "baujahr": 1907.0, "grundflaeche_m2": 147.9458195, "gebaeudealter_2026": 119.0, "gebaeude_nutzung": "Gebäude Wohnen", "qualitaet": "AV93", "bev_pers_n": 235.0, "bev_dichte_pha": 235.0 }, "geometry": { "type": "Point", "coordinates": [ 8.513652470576789, 47.378314937863593 ] } },
{ "type": "Feature", "properties": { "egid_int": 149739, "strasse": "Agnesstrasse", "hausnummer": "28", "plz": 8004.0, "ortschaft": "Zürich", "baujahr": 1931.0, "grundflaeche_m2": 139.619843, "gebaeudealter_2026": 95.0, "gebaeude_nutzung": "Gebäude Wohnen", "qualitaet": "AV93", "bev_pers_n": 235.0, "bev_dichte_pha": 235.0 }, "geometry": { "type": "Point", "coordinates": [ 8.513494886525873, 47.378380170384311 ] } },
{ "type": "Feature", "properties": { "egid_int": 149740, "strasse": "Zypressenstrasse", "hausnummer": "65", "plz": 8004.0, "ortschaft": "Zürich", "baujahr": 1904.0, "grundflaeche_m2": 176.0646635, "gebaeudealter_2026": 122.0, "gebaeude_nutzung": "Gebäude Wohnen", "qualitaet": "AV93", "bev_pers_n": 239.0, "bev_dichte_pha": 239.0 }, "geometry": { "type": "Point", "coordinates": [ 8.513959455269944, 47.378323711375494 ] } },
{ "type": "Feature", "properties": { "egid_int": 149741, "strasse": "Zypressenstrasse", "hausnummer": "67", "plz": 8004.0, "ortschaft": "Zürich", "baujahr": 1904.0, "grundflaeche_m2": 175.1178965, "gebaeudealter_2026": 122.0, "gebaeude_nutzung": "Gebäude Wohnen", "qualitaet": "AV93", "bev_pers_n": 239.0, "bev_dichte_pha": 239.0 }, "geometry": { "type": "Point", "coordinates": [ 8.51409240515477, 47.378425737375927 ] } },
{ "type": "Feature", "properties": { "egid_int": 149742, "strasse": "Zypressenstrasse", "hausnummer": "69", "plz": 8004.0, "ortschaft": "Zürich", "baujahr": 1903.0, "grundflaeche_m2": 172.991918, "gebaeudealter_2026": 123.0, "gebaeude_nutzung": "Gebäude Wohnen", "qualitaet": "AV93", "bev_pers_n": 239.0, "bev_dichte_pha": 239.0 }, "geometry": { "type": "Point", "coordinates": [ 8.514229675241221, 47.378520670850222 ] } },
{ "type": "Feature", "properties": { "egid_int": 149743, "strasse": "Zypressenstrasse", "hausnummer": "89", "plz": 8004.0, "ortschaft": "Zürich", "baujahr": 1931.0, "grundflaeche_m2": 167.0231095, "gebaeudealter_2026": 95.0, "gebaeude_nutzung": "Gebäude Wohnen", "qualitaet": "AV93", "bev_pers_n": 46.0, "bev_dichte_pha": 46.0 }, "geometry": { "type": "Point", "coordinates": [ 8.514961146309419, 47.379012779667505 ] } },
{ "type": "Feature", "properties": { "egid_int": 149744, "strasse": "Zypressenstrasse", "hausnummer": "91", "plz": 8004.0, "ortschaft": "Zürich", "baujahr": 1931.0, "grundflaeche_m2": 165.160006, "gebaeudealter_2026": 95.0, "gebaeude_nutzung": "Gebäude Wohnen", "qualitaet": "AV93", "bev_pers_n": 46.0, "bev_dichte_pha": 46.0 }, "geometry": { "type": "Point", "coordinates": [ 8.515113441126509, 47.379123655336066 ] } },
{ "type": "Feature", "properties": { "egid_int": 149745, "strasse": "Bullingerstrasse", "hausnummer": "1", "plz": 8004.0, "ortschaft": "Zürich", "baujahr": 1931.0, "grundflaeche_m2": 205.655612, "gebaeudealter_2026": 95.0, "gebaeude_nutzung": "Gebäude Wohnen", "qualitaet": "AV93", "bev_pers_n": 257.0, "bev_dichte_pha": 257.0 }, "geometry": { "type": "Point", "coordinates": [ 8.51531887949573, 47.379472441360065 ] } },
{ "type": "Feature", "properties": { "egid_int": 149746, "strasse": "Bullingerstrasse", "hausnummer": "5", "plz": 8004.0, "ortschaft": "Zürich", "baujahr": 1936.0, "grundflaeche_m2": 343.00362592499999, "gebaeudealter_2026": 90.0, "gebaeude_nutzung": "Gebäude Verwaltung", "qualitaet": "AV93", "bev_pers_n": 46.0, "bev_dichte_pha": 46.0 }, "geometry": { "type": "Point", "coordinates": [ 8.514676469726114, 47.379272844099759 ] } },
{ "type": "Feature", "properties": { "egid_int": 149747, "strasse": "Bullingerstrasse", "hausnummer": "11", "plz": 8004.0, "ortschaft": "Zürich", "baujahr": 1931.0, "grundflaeche_m2": 164.9793085, "gebaeudealter_2026": 95.0, "gebaeude_nutzung": "Gebäude Wohnen", "qualitaet": "AV93", "bev_pers_n": 51.0, "bev_dichte_pha": 51.0 }, "geometry": { "type": "Point", "coordinates": [ 8.514438968700588, 47.379729406911451 ] } },
{ "type": "Feature", "properties": { "egid_int": 149748, "strasse": "Bullingerstrasse", "hausnummer": "13", "plz": 8004.0, "ortschaft": "Zürich", "baujahr": 1931.0, "grundflaeche_m2": 161.3433665, "gebaeudealter_2026": 95.0, "gebaeude_nutzung": "Gebäude Wohnen", "qualitaet": "AV93", "bev_pers_n": 51.0, "bev_dichte_pha": 51.0 }, "geometry": { "type": "Point", "coordinates": [ 8.514239232648805, 47.379788277606117 ] } },
{ "type": "Feature", "properties": { "egid_int": 149749, "strasse": "Bullingerstrasse", "hausnummer": "15", "plz": 8004.0, "ortschaft": "Zürich", "baujahr": 1931.0, "grundflaeche_m2": 161.5759615, "gebaeudealter_2026": 95.0, "gebaeude_nutzung": "Gebäude Wohnen", "qualitaet": "AV93", "bev_pers_n": 51.0, "bev_dichte_pha": 51.0 }, "geometry": { "type": "Point", "coordinates": [ 8.514029349133429, 47.379848978462434 ] } },
{ "type": "Feature", "properties": { "egid_int": 149750, "strasse": "Bullingerstrasse", "hausnummer": "17", "plz": 8004.0, "ortschaft": "Zürich", "baujahr": 1931.0, "grundflaeche_m2": 164.6701805, "gebaeudealter_2026": 95.0, "gebaeude_nutzung": "Gebäude Wohnen", "qualitaet": "AV93", "bev_pers_n": 117.0, "bev_dichte_pha": 117.0 }, "geometry": { "type": "Point", "coordinates": [ 8.513822111664219, 47.379914826478974 ] } },
{ "type": "Feature", "properties": { "egid_int": 149751, "strasse": "Bullingerstrasse", "hausnummer": "21", "plz": 8004.0, "ortschaft": "Zürich", "baujahr": 1931.0, "grundflaeche_m2": 164.2875035, "gebaeudealter_2026": 95.0, "gebaeude_nutzung": "Gebäude Wohnen", "qualitaet": "AV93", "bev_pers_n": 117.0, "bev_dichte_pha": 117.0 }, "geometry": { "type": "Point", "coordinates": [ 8.513463032962784, 47.380018364099556 ] } },
{ "type": "Feature", "properties": { "egid_int": 149752, "strasse": "Zypressenstrasse", "hausnummer": "93", "plz": 8004.0, "ortschaft": "Zürich", "baujahr": 1931.0, "grundflaeche_m2": 165.141576, "gebaeudealter_2026": 95.0, "gebaeude_nutzung": "Gebäude Wohnen", "qualitaet": "AV93", "bev_pers_n": 257.0, "bev_dichte_pha": 257.0 }, "geometry": { "type": "Point", "coordinates": [ 8.515275918502526, 47.379234435908074 ] } },
{ "type": "Feature", "properties": { "egid_int": 149753, "strasse": "Zypressenstrasse", "hausnummer": "95", "plz": 8004.0, "ortschaft": "Zürich", "baujahr": 1931.0, "grundflaeche_m2": 154.9089332, "gebaeudealter_2026": 95.0, "gebaeude_nutzung": "Gebäude Wohnen", "qualitaet": "AV93", "bev_pers_n": 257.0, "bev_dichte_pha": 257.0 }, "geometry": { "type": "Point", "coordinates": [ 8.515402897500461, 47.379350728302683 ] } },
{ "type": "Feature", "properties": { "egid_int": 149754, "strasse": "Denzlerstrasse", "hausnummer": "32", "plz": 8004.0, "ortschaft": "Zürich", "baujahr": 1926.0, "grundflaeche_m2": 197.203209, "gebaeudealter_2026": 100.0, "gebaeude_nutzung": "Gebäude Wohnen", "qualitaet": "AV93", "bev_pers_n": 235.0, "bev_dichte_pha": 235.0 }, "geometry": { "type": "Point", "coordinates": [ 8.51278655004579, 47.378381730601639 ] } },
{ "type": "Feature", "properties": { "egid_int": 149755, "strasse": "Denzlerstrasse", "hausnummer": "34", "plz": 8004.0, "ortschaft": "Zürich", "baujahr": 1926.0, "grundflaeche_m2": 178.445084, "gebaeudealter_2026": 100.0, "gebaeude_nutzung": "Gebäude Wohnen", "qualitaet": "AV93", "bev_pers_n": 235.0, "bev_dichte_pha": 235.0 }, "geometry": { "type": "Point", "coordinates": [ 8.512614481954202, 47.37826318302033 ] } },
{ "type": "Feature", "properties": { "egid_int": 149756, "strasse": "Denzlerstrasse", "hausnummer": "36", "plz": 8004.0, "ortschaft": "Zürich", "baujahr": 1923.0, "grundflaeche_m2": 178.8380625, "gebaeudealter_2026": 103.0, "gebaeude_nutzung": "Gebäude Wohnen", "qualitaet": "AV93", "bev_pers_n": 168.0, "bev_dichte_pha": 168.0 }, "geometry": { "type": "Point", "coordinates": [ 8.51243925986191, 47.378143171318079 ] } },
{ "type": "Feature", "properties": { "egid_int": 149757, "strasse": "Denzlerstrasse", "hausnummer": "38", "plz": 8004.0, "ortschaft": "Zürich", "baujahr": 1923.0, "grundflaeche_m2": 181.414786, "gebaeudealter_2026": 103.0, "gebaeude_nutzung": "Gebäude Wohnen", "qualitaet": "AV93", "bev_pers_n": 168.0, "bev_dichte_pha": 168.0 }, "geometry": { "type": "Point", "coordinates": [ 8.512265123214094, 47.378021125369976 ] } },
{ "type": "Feature", "properties": { "egid_int": 149758, "strasse": "Denzlerstrasse", "hausnummer": "40", "plz": 8004.0, "ortschaft": "Zürich", "baujahr": 1923.0, "grundflaeche_m2": 178.360769, "gebaeudealter_2026": 103.0, "gebaeude_nutzung": "Gebäude Wohnen", "qualitaet": "AV93", "bev_pers_n": 168.0, "bev_dichte_pha": 168.0 }, "geometry": { "type": "Point", "coordinates": [ 8.51209665473116, 47.377904315603331 ] } },
{ "type": "Feature", "properties": { "egid_int": 149759, "strasse": "Badenerstrasse", "hausnummer": "324", "plz": 8004.0, "ortschaft": "Zürich", "baujahr": 1923.0, "grundflaeche_m2": 209.62387895000001, "gebaeudealter_2026": 103.0, "gebaeude_nutzung": "Gebäude Wohnen", "qualitaet": "AV93", "bev_pers_n": 168.0, "bev_dichte_pha": 168.0 }, "geometry": { "type": "Point", "coordinates": [ 8.511869378541016, 47.377799439738148 ] } },
{ "type": "Feature", "properties": { "egid_int": 149760, "strasse": "Badenerstrasse", "hausnummer": "332", "plz": 8004.0, "ortschaft": "Zürich", "baujahr": 1931.0, "grundflaeche_m2": 291.4553115, "gebaeudealter_2026": 95.0, "gebaeude_nutzung": "Gebäude Wohnen", "qualitaet": "AV93", "bev_pers_n": 168.0, "bev_dichte_pha": 168.0 }, "geometry": { "type": "Point", "coordinates": [ 8.511675343776695, 47.3778893491221 ] } },
{ "type": "Feature", "properties": { "egid_int": 149761, "strasse": "Badenerstrasse", "hausnummer": "342", "plz": 8004.0, "ortschaft": "Zürich", "baujahr": 1907.0, "grundflaeche_m2": 163.090717, "gebaeudealter_2026": 119.0, "gebaeude_nutzung": "Gebäude Wohnen", "qualitaet": "AV93", "bev_pers_n": 186.0, "bev_dichte_pha": 186.0 }, "geometry": { "type": "Point", "coordinates": [ 8.511110318613714, 47.378120903475072 ] } },
{ "type": "Feature", "properties": { "egid_int": 149762, "strasse": "Badenerstrasse", "hausnummer": "334", "plz": 8004.0, "ortschaft": "Zürich", "baujahr": 1933.0, "grundflaeche_m2": 309.030322, "gebaeudealter_2026": 93.0, "gebaeude_nutzung": "Gebäude Wohnen", "qualitaet": "AV93", "bev_pers_n": 168.0, "bev_dichte_pha": 168.0 }, "geometry": { "type": "Point", "coordinates": [ 8.511460949757222, 47.377977711194603 ] } },
{ "type": "Feature", "properties": { "egid_int": 149763, "strasse": "Badenerstrasse", "hausnummer": "338", "plz": 8004.0, "ortschaft": "Zürich", "baujahr": 1927.0, "grundflaeche_m2": 727.0101025, "gebaeudealter_2026": 99.0, "gebaeude_nutzung": "Gebäude Handel", "qualitaet": "AV93", "bev_pers_n": 168.0, "bev_dichte_pha": 168.0 }, "geometry": { "type": "Point", "coordinates": [ 8.511447040445027, 47.378423555887416 ] } },
{ "type": "Feature", "properties": { "egid_int": 149764, "strasse": "Badenerstrasse", "hausnummer": "344", "plz": 8004.0, "ortschaft": "Zürich", "baujahr": 1907.0, "grundflaeche_m2": 195.57525, "gebaeudealter_2026": 119.0, "gebaeude_nutzung": "Gebäude Wohnen", "qualitaet": "AV93", "bev_pers_n": 186.0, "bev_dichte_pha": 186.0 }, "geometry": { "type": "Point", "coordinates": [ 8.510953800999475, 47.378179367297349 ] } },
{ "type": "Feature", "properties": { "egid_int": 149765, "strasse": "Albisriederplatz", "hausnummer": "10", "plz": 8004.0, "ortschaft": "Zürich", "baujahr": 1907.0, "grundflaeche_m2": 204.056519, "gebaeudealter_2026": 119.0, "gebaeude_nutzung": "Gebäude Wohnen", "qualitaet": "AV93", "bev_pers_n": 186.0, "bev_dichte_pha": 186.0 }, "geometry": { "type": "Point", "coordinates": [ 8.510887513338247, 47.378297458402052 ] } },
{ "type": "Feature", "properties": { "egid_int": 149766, "strasse": "Hardstrasse", "hausnummer": "4", "plz": 8004.0, "ortschaft": "Zürich", "baujahr": 1908.0, "grundflaeche_m2": 155.547183, "gebaeudealter_2026": 118.0, "gebaeude_nutzung": "Gebäude Wohnen", "qualitaet": "AV93", "bev_pers_n": 186.0, "bev_dichte_pha": 186.0 }, "geometry": { "type": "Point", "coordinates": [ 8.510929558730464, 47.378501499431543 ] } },
{ "type": "Feature", "properties": { "egid_int": 149767, "strasse": "Hardstrasse", "hausnummer": "6", "plz": 8004.0, "ortschaft": "Zürich", "baujahr": 1909.0, "grundflaeche_m2": 159.955952, "gebaeudealter_2026": 117.0, "gebaeude_nutzung": "Gebäude Wohnen", "qualitaet": "AV93", "bev_pers_n": 186.0, "bev_dichte_pha": 186.0 }, "geometry": { "type": "Point", "coordinates": [ 8.511034767541197, 47.37860655687755 ] } },
{ "type": "Feature", "properties": { "egid_int": 149768, "strasse": "Hardstrasse", "hausnummer": "8", "plz": 8004.0, "ortschaft": "Zürich", "baujahr": 1910.0, "grundflaeche_m2": 112.5715585, "gebaeudealter_2026": 116.0, "gebaeude_nutzung": "Gebäude Wohnen", "qualitaet": "AV93", "bev_pers_n": 186.0, "bev_dichte_pha": 186.0 }, "geometry": { "type": "Point", "coordinates": [ 8.511123405084042, 47.378700182404863 ] } },
{ "type": "Feature", "properties": { "egid_int": 149769, "strasse": "Hardstrasse", "hausnummer": "10", "plz": 8004.0, "ortschaft": "Zürich", "baujahr": 1910.0, "grundflaeche_m2": 110.791093, "gebaeudealter_2026": 116.0, "gebaeude_nutzung": "Gebäude Wohnen", "qualitaet": "AV93", "bev_pers_n": 70.0, "bev_dichte_pha": 70.0 }, "geometry": { "type": "Point", "coordinates": [ 8.511197557957408, 47.378773541495839 ] } },
{ "type": "Feature", "properties": { "egid_int": 149770, "strasse": "Hardstrasse", "hausnummer": "12", "plz": 8004.0, "ortschaft": "Zürich", "baujahr": 1929.0, "grundflaeche_m2": 161.2411605, "gebaeudealter_2026": 97.0, "gebaeude_nutzung": "Gebäude Wohnen", "qualitaet": "AV93", "bev_pers_n": 196.0, "bev_dichte_pha": 196.0 }, "geometry": { "type": "Point", "coordinates": [ 8.511287443126832, 47.378873200010688 ] } },
{ "type": "Feature", "properties": { "egid_int": 149771, "strasse": "Agnesstrasse", "hausnummer": "49", "plz": 8004.0, "ortschaft": "Zürich", "baujahr": 1931.0, "grundflaeche_m2": 163.090787, "gebaeudealter_2026": 95.0, "gebaeude_nutzung": "Gebäude Wohnen", "qualitaet": "AV93", "bev_pers_n": 196.0, "bev_dichte_pha": 196.0 }, "geometry": { "type": "Point", "coordinates": [ 8.511715440151736, 47.378841007603704 ] } },
{ "type": "Feature", "properties": { "egid_int": 149772, "strasse": "Agnesstrasse", "hausnummer": "51", "plz": 8004.0, "ortschaft": "Zürich", "baujahr": 1929.0, "grundflaeche_m2": 86.451589, "gebaeudealter_2026": 97.0, "gebaeude_nutzung": "Gebäude Wohnen", "qualitaet": "AV93", "bev_pers_n": 196.0, "bev_dichte_pha": 196.0 }, "geometry": { "type": "Point", "coordinates": [ 8.511586830037679, 47.378899123074198 ] } },
{ "type": "Feature", "properties": { "egid_int": 149773, "strasse": "Agnesstrasse", "hausnummer": "53", "plz": 8004.0, "ortschaft": "Zürich", "baujahr": 1929.0, "grundflaeche_m2": 198.896354, "gebaeudealter_2026": 97.0, "gebaeude_nutzung": "Gebäude Wohnen", "qualitaet": "AV93", "bev_pers_n": 196.0, "bev_dichte_pha": 196.0 }, "geometry": { "type": "Point", "coordinates": [ 8.511418764238742, 47.37896818302108 ] } },
{ "type": "Feature", "properties": { "egid_int": 149774, "strasse": "Agnesstrasse", "hausnummer": "36", "plz": 8004.0, "ortschaft": "Zürich", "baujahr": 1931.0, "grundflaeche_m2": 166.767265, "gebaeudealter_2026": 95.0, "gebaeude_nutzung": "Gebäude Wohnen", "qualitaet": "AV93", "bev_pers_n": 235.0, "bev_dichte_pha": 235.0 }, "geometry": { "type": "Point", "coordinates": [ 8.513085729901869, 47.378587985212434 ] } },
{ "type": "Feature", "properties": { "egid_int": 149775, "strasse": "Agnesstrasse", "hausnummer": "38", "plz": 8004.0, "ortschaft": "Zürich", "baujahr": 1931.0, "grundflaeche_m2": 164.4389735, "gebaeudealter_2026": 95.0, "gebaeude_nutzung": "Gebäude Wohnen", "qualitaet": "AV93", "bev_pers_n": 235.0, "bev_dichte_pha": 235.0 }, "geometry": { "type": "Point", "coordinates": [ 8.512901632517414, 47.378665714805116 ] } },
{ "type": "Feature", "properties": { "egid_int": 149776, "strasse": "Agnesstrasse", "hausnummer": "39", "plz": 8004.0, "ortschaft": "Zürich", "baujahr": 1931.0, "grundflaeche_m2": 161.342556, "gebaeudealter_2026": 95.0, "gebaeude_nutzung": "Gebäude Wohnen", "qualitaet": "AV93", "bev_pers_n": 235.0, "bev_dichte_pha": 235.0 }, "geometry": { "type": "Point", "coordinates": [ 8.51259047772051, 47.378470446111493 ] } },
{ "type": "Feature", "properties": { "egid_int": 149777, "strasse": "Agnesstrasse", "hausnummer": "41", "plz": 8004.0, "ortschaft": "Zürich", "baujahr": 1931.0, "grundflaeche_m2": 168.6670425, "gebaeudealter_2026": 95.0, "gebaeude_nutzung": "Gebäude Wohnen", "qualitaet": "AV93", "bev_pers_n": 168.0, "bev_dichte_pha": 168.0 }, "geometry": { "type": "Point", "coordinates": [ 8.512412511439422, 47.378544888689639 ] } },
{ "type": "Feature", "properties": { "egid_int": 149778, "strasse": "Agnesstrasse", "hausnummer": "43", "plz": 8004.0, "ortschaft": "Zürich", "baujahr": 1931.0, "grundflaeche_m2": 169.2406725, "gebaeudealter_2026": 95.0, "gebaeude_nutzung": "Gebäude Wohnen", "qualitaet": "AV93", "bev_pers_n": 168.0, "bev_dichte_pha": 168.0 }, "geometry": { "type": "Point", "coordinates": [ 8.512235352059577, 47.378622597699639 ] } },
{ "type": "Feature", "properties": { "egid_int": 149779, "strasse": "Agnesstrasse", "hausnummer": "45", "plz": 8004.0, "ortschaft": "Zürich", "baujahr": 1953.0, "grundflaeche_m2": 167.279878, "gebaeudealter_2026": 73.0, "gebaeude_nutzung": "Gebäude Wohnen", "qualitaet": "AV93", "bev_pers_n": 168.0, "bev_dichte_pha": 168.0 }, "geometry": { "type": "Point", "coordinates": [ 8.512065048381421, 47.378690923819519 ] } },
{ "type": "Feature", "properties": { "egid_int": 149780, "strasse": "Agnesstrasse", "hausnummer": "47", "plz": 8004.0, "ortschaft": "Zürich", "baujahr": 1931.0, "grundflaeche_m2": 164.018564, "gebaeudealter_2026": 95.0, "gebaeude_nutzung": "Gebäude Wohnen", "qualitaet": "AV93", "bev_pers_n": 196.0, "bev_dichte_pha": 196.0 }, "geometry": { "type": "Point", "coordinates": [ 8.5118906453837, 47.378776666272181 ] } },
{ "type": "Feature", "properties": { "egid_int": 149781, "strasse": "Agnesstrasse", "hausnummer": "40", "plz": 8004.0, "ortschaft": "Zürich", "baujahr": 1931.0, "grundflaeche_m2": 164.900756, "gebaeudealter_2026": 95.0, "gebaeude_nutzung": "Gebäude Wohnen", "qualitaet": "AV93", "bev_pers_n": 17.0, "bev_dichte_pha": 17.0 }, "geometry": { "type": "Point", "coordinates": [ 8.512710012540845, 47.378748695209154 ] } },
{ "type": "Feature", "properties": { "egid_int": 149782, "strasse": "Agnesstrasse", "hausnummer": "42", "plz": 8004.0, "ortschaft": "Zürich", "baujahr": 1931.0, "grundflaeche_m2": 165.4654275, "gebaeudealter_2026": 95.0, "gebaeude_nutzung": "Gebäude Wohnen", "qualitaet": "AV93", "bev_pers_n": 196.0, "bev_dichte_pha": 196.0 }, "geometry": { "type": "Point", "coordinates": [ 8.512513272870059, 47.378829995822784 ] } },
{ "type": "Feature", "properties": { "egid_int": 149783, "strasse": "Agnesstrasse", "hausnummer": "44", "plz": 8004.0, "ortschaft": "Zürich", "baujahr": 1931.0, "grundflaeche_m2": 167.962265, "gebaeudealter_2026": 95.0, "gebaeude_nutzung": "Gebäude Wohnen", "qualitaet": "AV93", "bev_pers_n": 196.0, "bev_dichte_pha": 196.0 }, "geometry": { "type": "Point", "coordinates": [ 8.512334292731023, 47.37890939498179 ] } },
{ "type": "Feature", "properties": { "egid_int": 149784, "strasse": "Agnesstrasse", "hausnummer": "48", "plz": 8004.0, "ortschaft": "Zürich", "baujahr": 1931.0, "grundflaeche_m2": 168.088973, "gebaeudealter_2026": 95.0, "gebaeude_nutzung": "Gebäude Wohnen", "qualitaet": "AV93", "bev_pers_n": 196.0, "bev_dichte_pha": 196.0 }, "geometry": { "type": "Point", "coordinates": [ 8.51196990818368, 47.379030059005309 ] } },
{ "type": "Feature", "properties": { "egid_int": 149785, "strasse": "Agnesstrasse", "hausnummer": "50", "plz": 8004.0, "ortschaft": "Zürich", "baujahr": 1931.0, "grundflaeche_m2": 168.064312, "gebaeudealter_2026": 95.0, "gebaeude_nutzung": "Gebäude Wohnen", "qualitaet": "AV93", "bev_pers_n": 196.0, "bev_dichte_pha": 196.0 }, "geometry": { "type": "Point", "coordinates": [ 8.511783838798966, 47.379108002989412 ] } },
{ "type": "Feature", "properties": { "egid_int": 149786, "strasse": "Hardstrasse", "hausnummer": "40", "plz": 8004.0, "ortschaft": "Zürich", "baujahr": 1931.0, "grundflaeche_m2": 164.7152005, "gebaeudealter_2026": 95.0, "gebaeude_nutzung": "Gebäude Wohnen", "qualitaet": "AV93", "bev_pers_n": 196.0, "bev_dichte_pha": 196.0 }, "geometry": { "type": "Point", "coordinates": [ 8.511763112093519, 47.379341420063767 ] } },
{ "type": "Feature", "properties": { "egid_int": 149787, "strasse": "Hardstrasse", "hausnummer": "42", "plz": 8004.0, "ortschaft": "Zürich", "baujahr": 1931.0, "grundflaeche_m2": 162.805468, "gebaeudealter_2026": 95.0, "gebaeude_nutzung": "Gebäude Wohnen", "qualitaet": "AV93", "bev_pers_n": 196.0, "bev_dichte_pha": 196.0 }, "geometry": { "type": "Point", "coordinates": [ 8.511892904210164, 47.379471515558627 ] } },
{ "type": "Feature", "properties": { "egid_int": 149788, "strasse": "Hardstrasse", "hausnummer": "44", "plz": 8004.0, "ortschaft": "Zürich", "baujahr": 1931.0, "grundflaeche_m2": 162.357959, "gebaeudealter_2026": 95.0, "gebaeude_nutzung": "Gebäude Wohnen", "qualitaet": "AV93", "bev_pers_n": 196.0, "bev_dichte_pha": 196.0 }, "geometry": { "type": "Point", "coordinates": [ 8.5120098682637, 47.379596539935477 ] } },
{ "type": "Feature", "properties": { "egid_int": 149789, "strasse": "Hardstrasse", "hausnummer": "46", "plz": 8004.0, "ortschaft": "Zürich", "baujahr": 1931.0, "grundflaeche_m2": 162.751385, "gebaeudealter_2026": 95.0, "gebaeude_nutzung": "Gebäude Wohnen", "qualitaet": "AV93", "bev_pers_n": 150.0, "bev_dichte_pha": 150.0 }, "geometry": { "type": "Point", "coordinates": [ 8.512137154007101, 47.37972837650522 ] } },
{ "type": "Feature", "properties": { "egid_int": 149790, "strasse": "Hardstrasse", "hausnummer": "48", "plz": 8004.0, "ortschaft": "Zürich", "baujahr": 1931.0, "grundflaeche_m2": 162.782729, "gebaeudealter_2026": 95.0, "gebaeude_nutzung": "Gebäude Wohnen", "qualitaet": "AV93", "bev_pers_n": 150.0, "bev_dichte_pha": 150.0 }, "geometry": { "type": "Point", "coordinates": [ 8.512251472647003, 47.379848244052276 ] } },
{ "type": "Feature", "properties": { "egid_int": 149791, "strasse": "Hardstrasse", "hausnummer": "50", "plz": 8004.0, "ortschaft": "Zürich", "baujahr": 1931.0, "grundflaeche_m2": 161.6274285, "gebaeudealter_2026": 95.0, "gebaeude_nutzung": "Gebäude Wohnen", "qualitaet": "AV93", "bev_pers_n": 150.0, "bev_dichte_pha": 150.0 }, "geometry": { "type": "Point", "coordinates": [ 8.512378794377423, 47.379981807077904 ] } },
{ "type": "Feature", "properties": { "egid_int": 149792, "strasse": "Hardstrasse", "hausnummer": "52", "plz": 8004.0, "ortschaft": "Zürich", "baujahr": 1931.0, "grundflaeche_m2": 164.8261345, "gebaeudealter_2026": 95.0, "gebaeude_nutzung": "Gebäude Wohnen", "qualitaet": "AV93", "bev_pers_n": 150.0, "bev_dichte_pha": 150.0 }, "geometry": { "type": "Point", "coordinates": [ 8.512500976156991, 47.380111972625301 ] } },
{ "type": "Feature", "properties": { "egid_int": 149793, "strasse": "Bullingerstrasse", "hausnummer": "23", "plz": 8004.0, "ortschaft": "Zürich", "baujahr": 1931.0, "grundflaeche_m2": 162.110601, "gebaeudealter_2026": 95.0, "gebaeude_nutzung": "Gebäude Wohnen", "qualitaet": "AV93", "bev_pers_n": 117.0, "bev_dichte_pha": 117.0 }, "geometry": { "type": "Point", "coordinates": [ 8.513255737743233, 47.380080757508395 ] } },
{ "type": "Feature", "properties": { "egid_int": 149794, "strasse": "Bullingerstrasse", "hausnummer": "25", "plz": 8004.0, "ortschaft": "Zürich", "baujahr": 1931.0, "grundflaeche_m2": 162.303278, "gebaeudealter_2026": 95.0, "gebaeude_nutzung": "Gebäude Wohnen", "qualitaet": "AV93", "bev_pers_n": 117.0, "bev_dichte_pha": 117.0 }, "geometry": { "type": "Point", "coordinates": [ 8.513048428797221, 47.380143150666953 ] } },
{ "type": "Feature", "properties": { "egid_int": 149795, "strasse": "Bullingerstrasse", "hausnummer": "27", "plz": 8004.0, "ortschaft": "Zürich", "baujahr": 1931.0, "grundflaeche_m2": 164.0691805, "gebaeudealter_2026": 95.0, "gebaeude_nutzung": "Gebäude Wohnen", "qualitaet": "AV93", "bev_pers_n": 117.0, "bev_dichte_pha": 117.0 }, "geometry": { "type": "Point", "coordinates": [ 8.512838485980589, 47.380200386770525 ] } },
{ "type": "Feature", "properties": { "egid_int": 149796, "strasse": "Kochstrasse", "hausnummer": "14", "plz": 8004.0, "ortschaft": "Zürich", "baujahr": 1894.0, "grundflaeche_m2": 186.258914, "gebaeudealter_2026": 132.0, "gebaeude_nutzung": "Gebäude Wohnen", "qualitaet": "AV93", "bev_pers_n": 278.0, "bev_dichte_pha": 278.0 }, "geometry": { "type": "Point", "coordinates": [ 8.51546007640324, 47.378152975707486 ] } },
{ "type": "Feature", "properties": { "egid_int": 149797, "strasse": "Kochstrasse", "hausnummer": "16", "plz": 8004.0, "ortschaft": "Zürich", "baujahr": 1894.0, "grundflaeche_m2": 106.3728425, "gebaeudealter_2026": 132.0, "gebaeude_nutzung": "Gebäude Wohnen", "qualitaet": "AV93", "bev_pers_n": 278.0, "bev_dichte_pha": 278.0 }, "geometry": { "type": "Point", "coordinates": [ 8.515267137573094, 47.378237906661802 ] } },
{ "type": "Feature", "properties": { "egid_int": 149798, "strasse": "Kochstrasse", "hausnummer": "18", "plz": 8004.0, "ortschaft": "Zürich", "baujahr": 1894.0, "grundflaeche_m2": 176.1693965, "gebaeudealter_2026": 132.0, "gebaeude_nutzung": "Gebäude Wohnen", "qualitaet": "AV93", "bev_pers_n": 278.0, "bev_dichte_pha": 278.0 }, "geometry": { "type": "Point", "coordinates": [ 8.515392785123625, 47.378329708858864 ] } },
{ "type": "Feature", "properties": { "egid_int": 149799, "strasse": "Kochstrasse", "hausnummer": "20", "plz": 8004.0, "ortschaft": "Zürich", "baujahr": 1894.0, "grundflaeche_m2": 164.265622, "gebaeudealter_2026": 132.0, "gebaeude_nutzung": "Gebäude Wohnen", "qualitaet": "AV93", "bev_pers_n": 239.0, "bev_dichte_pha": 239.0 }, "geometry": { "type": "Point", "coordinates": [ 8.515104845792749, 47.378320410877777 ] } },
{ "type": "Feature", "properties": { "egid_int": 149800, "strasse": "Kanzleistrasse", "hausnummer": "217", "plz": 8004.0, "ortschaft": "Zürich", "baujahr": 1892.0, "grundflaeche_m2": 208.7580095, "gebaeudealter_2026": 134.0, "gebaeude_nutzung": "Gebäude Wohnen", "qualitaet": "AV93", "bev_pers_n": 278.0, "bev_dichte_pha": 278.0 }, "geometry": { "type": "Point", "coordinates": [ 8.515928641400333, 47.378559772737063 ] } },
{ "type": "Feature", "properties": { "egid_int": 149801, "strasse": "Kanzleistrasse", "hausnummer": "225", "plz": 8004.0, "ortschaft": "Zürich", "baujahr": 1895.0, "grundflaeche_m2": 159.0677935, "gebaeudealter_2026": 131.0, "gebaeude_nutzung": "Gebäude Wohnen", "qualitaet": "AV93", "bev_pers_n": 278.0, "bev_dichte_pha": 278.0 }, "geometry": { "type": "Point", "coordinates": [ 8.515746195352671, 47.378660033206849 ] } },
{ "type": "Feature", "properties": { "egid_int": 149802, "strasse": "Kanzleistrasse", "hausnummer": "221", "plz": 8004.0, "ortschaft": "Zürich", "baujahr": 1893.0, "grundflaeche_m2": 187.4137095, "gebaeudealter_2026": 133.0, "gebaeude_nutzung": "Gebäude Wohnen", "qualitaet": "AV93", "bev_pers_n": 278.0, "bev_dichte_pha": 278.0 }, "geometry": { "type": "Point", "coordinates": [ 8.515729060773028, 47.378375057541746 ] } },
{ "type": "Feature", "properties": { "egid_int": 149803, "strasse": "Kanzleistrasse", "hausnummer": "223", "plz": 8004.0, "ortschaft": "Zürich", "baujahr": 1894.0, "grundflaeche_m2": 189.8146435, "gebaeudealter_2026": 132.0, "gebaeude_nutzung": "Gebäude Wohnen", "qualitaet": "AV93", "bev_pers_n": 278.0, "bev_dichte_pha": 278.0 }, "geometry": { "type": "Point", "coordinates": [ 8.515578726761309, 47.378487017798832 ] } },
{ "type": "Feature", "properties": { "egid_int": 149804, "strasse": "Seebahnstrasse", "hausnummer": "175", "plz": 8004.0, "ortschaft": "Zürich", "baujahr": 1966.0, "grundflaeche_m2": 277.0815615, "gebaeudealter_2026": 60.0, "gebaeude_nutzung": "Gebäude Wohnen", "qualitaet": "AV93", "bev_pers_n": 323.0, "bev_dichte_pha": 323.0 }, "geometry": { "type": "Point", "coordinates": [ 8.517818637653841, 47.375686440041143 ] } },
{ "type": "Feature", "properties": { "egid_int": 149805, "strasse": "Seebahnstrasse", "hausnummer": "177", "plz": 8004.0, "ortschaft": "Zürich", "baujahr": 1966.0, "grundflaeche_m2": 429.7730265, "gebaeudealter_2026": 60.0, "gebaeude_nutzung": "Gebäude Wohnen", "qualitaet": "AV93", "bev_pers_n": 323.0, "bev_dichte_pha": 323.0 }, "geometry": { "type": "Point", "coordinates": [ 8.517882308331615, 47.375815410655136 ] } },
{ "type": "Feature", "properties": { "egid_int": 149806, "strasse": "Seebahnstrasse", "hausnummer": "181", "plz": 8004.0, "ortschaft": "Zürich", "baujahr": 1966.0, "grundflaeche_m2": 429.672055, "gebaeudealter_2026": 60.0, "gebaeude_nutzung": "Gebäude Wohnen", "qualitaet": "AV93", "bev_pers_n": 273.0, "bev_dichte_pha": 273.0 }, "geometry": { "type": "Point", "coordinates": [ 8.517916181155833, 47.376107057219336 ] } },
{ "type": "Feature", "properties": { "egid_int": 149807, "strasse": "Erismannstrasse", "hausnummer": "61", "plz": 8004.0, "ortschaft": "Zürich", "baujahr": 1966.0, "grundflaeche_m2": 374.631693, "gebaeudealter_2026": 60.0, "gebaeude_nutzung": "Gebäude Wohnen", "qualitaet": "AV93", "bev_pers_n": 85.0, "bev_dichte_pha": 85.0 }, "geometry": { "type": "Point", "coordinates": [ 8.516784007727884, 47.376713653977092 ] } },
{ "type": "Feature", "properties": { "egid_int": 149808, "strasse": "Sihlfeldstrasse", "hausnummer": "86", "plz": 8004.0, "ortschaft": "Zürich", "baujahr": 1966.0, "grundflaeche_m2": 346.273725, "gebaeudealter_2026": 60.0, "gebaeude_nutzung": "Gebäude Wohnen", "qualitaet": "AV93", "bev_pers_n": 85.0, "bev_dichte_pha": 85.0 }, "geometry": { "type": "Point", "coordinates": [ 8.516916596330836, 47.376102584642702 ] } },
{ "type": "Feature", "properties": { "egid_int": 149809, "strasse": "Seebahnstrasse", "hausnummer": "185", "plz": 8004.0, "ortschaft": "Zürich", "baujahr": 1966.0, "grundflaeche_m2": 426.665448, "gebaeudealter_2026": 60.0, "gebaeude_nutzung": "Gebäude Wohnen", "qualitaet": "AV93", "bev_pers_n": 273.0, "bev_dichte_pha": 273.0 }, "geometry": { "type": "Point", "coordinates": [ 8.517960165615166, 47.376395146160007 ] } },
{ "type": "Feature", "properties": { "egid_int": 149810, "strasse": "Karl-Bürkli-Strasse", "hausnummer": "4", "plz": 8004.0, "ortschaft": "Zürich", "baujahr": 1930.0, "grundflaeche_m2": 156.995594, "gebaeudealter_2026": 96.0, "gebaeude_nutzung": "Gebäude Wohnen", "qualitaet": "AV93", "bev_pers_n": 111.0, "bev_dichte_pha": 111.0 }, "geometry": { "type": "Point", "coordinates": [ 8.517838060440118, 47.376895560033759 ] } },
{ "type": "Feature", "properties": { "egid_int": 149811, "strasse": "Karl-Bürkli-Strasse", "hausnummer": "6", "plz": 8004.0, "ortschaft": "Zürich", "baujahr": 1930.0, "grundflaeche_m2": 154.256775, "gebaeudealter_2026": 96.0, "gebaeude_nutzung": "Gebäude Wohnen", "qualitaet": "AV93", "bev_pers_n": 321.0, "bev_dichte_pha": 321.0 }, "geometry": { "type": "Point", "coordinates": [ 8.517655818594514, 47.376938729855681 ] } },
{ "type": "Feature", "properties": { "egid_int": 149812, "strasse": "Karl-Bürkli-Strasse", "hausnummer": "8", "plz": 8004.0, "ortschaft": "Zürich", "baujahr": 1930.0, "grundflaeche_m2": 154.635402, "gebaeudealter_2026": 96.0, "gebaeude_nutzung": "Gebäude Wohnen", "qualitaet": "AV93", "bev_pers_n": 321.0, "bev_dichte_pha": 321.0 }, "geometry": { "type": "Point", "coordinates": [ 8.517468562228963, 47.37698540033562 ] } },
{ "type": "Feature", "properties": { "egid_int": 149813, "strasse": "Karl-Bürkli-Strasse", "hausnummer": "10", "plz": 8004.0, "ortschaft": "Zürich", "baujahr": 1930.0, "grundflaeche_m2": 156.598398, "gebaeudealter_2026": 96.0, "gebaeude_nutzung": "Gebäude Wohnen", "qualitaet": "AV93", "bev_pers_n": 321.0, "bev_dichte_pha": 321.0 }, "geometry": { "type": "Point", "coordinates": [ 8.517278868120812, 47.377037265452074 ] } },
{ "type": "Feature", "properties": { "egid_int": 149814, "strasse": "Kanzleistrasse", "hausnummer": "151", "plz": 8004.0, "ortschaft": "Zürich", "baujahr": 1930.0, "grundflaeche_m2": 155.811563, "gebaeudealter_2026": 96.0, "gebaeude_nutzung": "Gebäude Wohnen", "qualitaet": "AV93", "bev_pers_n": 111.0, "bev_dichte_pha": 111.0 }, "geometry": { "type": "Point", "coordinates": [ 8.517950530845415, 47.377300494067157 ] } },
{ "type": "Feature", "properties": { "egid_int": 149815, "strasse": "Kanzleistrasse", "hausnummer": "153", "plz": 8004.0, "ortschaft": "Zürich", "baujahr": 1930.0, "grundflaeche_m2": 155.5449545, "gebaeudealter_2026": 96.0, "gebaeude_nutzung": "Gebäude Wohnen", "qualitaet": "AV93", "bev_pers_n": 321.0, "bev_dichte_pha": 321.0 }, "geometry": { "type": "Point", "coordinates": [ 8.517762416250168, 47.377362383739417 ] } },
{ "type": "Feature", "properties": { "egid_int": 149816, "strasse": "Kanzleistrasse", "hausnummer": "155", "plz": 8004.0, "ortschaft": "Zürich", "baujahr": 1930.0, "grundflaeche_m2": 157.174536, "gebaeudealter_2026": 96.0, "gebaeude_nutzung": "Gebäude Wohnen", "qualitaet": "AV93", "bev_pers_n": 321.0, "bev_dichte_pha": 321.0 }, "geometry": { "type": "Point", "coordinates": [ 8.517596994842267, 47.377424726782401 ] } },
{ "type": "Feature", "properties": { "egid_int": 149817, "strasse": "Karl-Bürkli-Strasse", "hausnummer": "2", "plz": 8004.0, "ortschaft": "Zürich", "baujahr": 1930.0, "grundflaeche_m2": 194.2753535, "gebaeudealter_2026": 96.0, "gebaeude_nutzung": "Gebäude Wohnen", "qualitaet": "AV93", "bev_pers_n": 273.0, "bev_dichte_pha": 273.0 }, "geometry": { "type": "Point", "coordinates": [ 8.518114419699181, 47.376853246514848 ] } },
{ "type": "Feature", "properties": { "egid_int": 149818, "strasse": "Seebahnstrasse", "hausnummer": "193", "plz": 8004.0, "ortschaft": "Zürich", "baujahr": 1930.0, "grundflaeche_m2": 191.3091445, "gebaeudealter_2026": 96.0, "gebaeude_nutzung": "Gebäude Wohnen", "qualitaet": "AV93", "bev_pers_n": 111.0, "bev_dichte_pha": 111.0 }, "geometry": { "type": "Point", "coordinates": [ 8.518158849001642, 47.377037680637564 ] } },
{ "type": "Feature", "properties": { "egid_int": 149819, "strasse": "Seebahnstrasse", "hausnummer": "195", "plz": 8004.0, "ortschaft": "Zürich", "baujahr": 1930.0, "grundflaeche_m2": 108.2342885, "gebaeudealter_2026": 96.0, "gebaeude_nutzung": "Gebäude Wohnen", "qualitaet": "AV93", "bev_pers_n": 111.0, "bev_dichte_pha": 111.0 }, "geometry": { "type": "Point", "coordinates": [ 8.518202438864636, 47.377180655171387 ] } },
{ "type": "Feature", "properties": { "egid_int": 149820, "strasse": "Seebahnstrasse", "hausnummer": "197", "plz": 8004.0, "ortschaft": "Zürich", "baujahr": 1930.0, "grundflaeche_m2": 108.6974305, "gebaeudealter_2026": 96.0, "gebaeude_nutzung": "Gebäude Wohnen", "qualitaet": "AV93", "bev_pers_n": 111.0, "bev_dichte_pha": 111.0 }, "geometry": { "type": "Point", "coordinates": [ 8.5182272199501, 47.37727371175707 ] } },
{ "type": "Feature", "properties": { "egid_int": 149821, "strasse": "Seebahnstrasse", "hausnummer": "199", "plz": 8004.0, "ortschaft": "Zürich", "baujahr": 1930.0, "grundflaeche_m2": 190.7806625, "gebaeudealter_2026": 96.0, "gebaeude_nutzung": "Gebäude Wohnen", "qualitaet": "AV93", "bev_pers_n": 111.0, "bev_dichte_pha": 111.0 }, "geometry": { "type": "Point", "coordinates": [ 8.51828334608385, 47.377407951789252 ] } },
{ "type": "Feature", "properties": { "egid_int": 149822, "strasse": "Seebahnstrasse", "hausnummer": "201", "plz": 8004.0, "ortschaft": "Zürich", "baujahr": 1930.0, "grundflaeche_m2": 317.074896975, "gebaeudealter_2026": 96.0, "gebaeude_nutzung": "Gebäude Wohnen", "qualitaet": "AV93", "bev_pers_n": 111.0, "bev_dichte_pha": 111.0 }, "geometry": { "type": "Point", "coordinates": [ 8.518363133912313, 47.377579956936657 ] } },
{ "type": "Feature", "properties": { "egid_int": 149823, "strasse": "Erismannstrasse", "hausnummer": "45", "plz": 8004.0, "ortschaft": "Zürich", "baujahr": 1930.0, "grundflaeche_m2": 240.784928, "gebaeudealter_2026": 96.0, "gebaeude_nutzung": "Gebäude Wohnen", "qualitaet": "AV93", "bev_pers_n": 197.0, "bev_dichte_pha": 197.0 }, "geometry": { "type": "Point", "coordinates": [ 8.517614319879861, 47.377903104144735 ] } },
{ "type": "Feature", "properties": { "egid_int": 149824, "strasse": "Erismannstrasse", "hausnummer": "47", "plz": 8004.0, "ortschaft": "Zürich", "baujahr": 1930.0, "grundflaeche_m2": 187.452271, "gebaeudealter_2026": 96.0, "gebaeude_nutzung": "Gebäude Wohnen", "qualitaet": "AV93", "bev_pers_n": 321.0, "bev_dichte_pha": 321.0 }, "geometry": { "type": "Point", "coordinates": [ 8.517496738788019, 47.37774872206559 ] } },
{ "type": "Feature", "properties": { "egid_int": 149825, "strasse": "Erismannstrasse", "hausnummer": "49", "plz": 8004.0, "ortschaft": "Zürich", "baujahr": 1930.0, "grundflaeche_m2": 188.3779865, "gebaeudealter_2026": 96.0, "gebaeude_nutzung": "Gebäude Wohnen", "qualitaet": "AV93", "bev_pers_n": 321.0, "bev_dichte_pha": 321.0 }, "geometry": { "type": "Point", "coordinates": [ 8.517374060954126, 47.377594387459908 ] } },
{ "type": "Feature", "properties": { "egid_int": 149826, "strasse": "Erismannstrasse", "hausnummer": "51", "plz": 8004.0, "ortschaft": "Zürich", "baujahr": 1930.0, "grundflaeche_m2": 188.399448, "gebaeudealter_2026": 96.0, "gebaeude_nutzung": "Gebäude Wohnen", "qualitaet": "AV93", "bev_pers_n": 321.0, "bev_dichte_pha": 321.0 }, "geometry": { "type": "Point", "coordinates": [ 8.517264295454076, 47.37744856745207 ] } },
{ "type": "Feature", "properties": { "egid_int": 149827, "strasse": "Erismannstrasse", "hausnummer": "53", "plz": 8004.0, "ortschaft": "Zürich", "baujahr": 1930.0, "grundflaeche_m2": 188.8896875, "gebaeudealter_2026": 96.0, "gebaeude_nutzung": "Gebäude Wohnen", "qualitaet": "AV93", "bev_pers_n": 321.0, "bev_dichte_pha": 321.0 }, "geometry": { "type": "Point", "coordinates": [ 8.517146939261149, 47.377304545266433 ] } },
{ "type": "Feature", "properties": { "egid_int": 149828, "strasse": "Erismannstrasse", "hausnummer": "55", "plz": 8004.0, "ortschaft": "Zürich", "baujahr": 1930.0, "grundflaeche_m2": 191.0012945, "gebaeudealter_2026": 96.0, "gebaeude_nutzung": "Gebäude Wohnen", "qualitaet": "AV93", "bev_pers_n": 321.0, "bev_dichte_pha": 321.0 }, "geometry": { "type": "Point", "coordinates": [ 8.517029465654348, 47.377155342880741 ] } },
{ "type": "Feature", "properties": { "egid_int": 149829, "strasse": "Kanzleistrasse", "hausnummer": "161", "plz": 8004.0, "ortschaft": "Zürich", "baujahr": 1930.0, "grundflaeche_m2": 192.186118, "gebaeudealter_2026": 96.0, "gebaeude_nutzung": "Nebengebäude", "qualitaet": "AV93", "bev_pers_n": 111.0, "bev_dichte_pha": 111.0 }, "geometry": { "type": "Point", "coordinates": [ 8.518109255055032, 47.377727447511973 ] } },
{ "type": "Feature", "properties": { "egid_int": 149830, "strasse": "Kanzleistrasse", "hausnummer": "163", "plz": 8004.0, "ortschaft": "Zürich", "baujahr": 1930.0, "grundflaeche_m2": 191.4217825, "gebaeudealter_2026": 96.0, "gebaeude_nutzung": "Nebengebäude", "qualitaet": "AV93", "bev_pers_n": 231.0, "bev_dichte_pha": 231.0 }, "geometry": { "type": "Point", "coordinates": [ 8.517895034129658, 47.377824464315111 ] } },
{ "type": "Feature", "properties": { "egid_int": 149831, "strasse": "Kanzleistrasse", "hausnummer": "201", "plz": 8004.0, "ortschaft": "Zürich", "baujahr": 1931.0, "grundflaeche_m2": 139.831967, "gebaeudealter_2026": 95.0, "gebaeude_nutzung": "Gebäude Wohnen", "qualitaet": "AV93", "bev_pers_n": 197.0, "bev_dichte_pha": 197.0 }, "geometry": { "type": "Point", "coordinates": [ 8.517171879592908, 47.378159458250359 ] } },
{ "type": "Feature", "properties": { "egid_int": 149832, "strasse": "Erismannstrasse", "hausnummer": "44", "plz": 8004.0, "ortschaft": "Zürich", "baujahr": 1931.0, "grundflaeche_m2": 203.3931215, "gebaeudealter_2026": 95.0, "gebaeude_nutzung": "Gebäude Wohnen", "qualitaet": "AV93", "bev_pers_n": 197.0, "bev_dichte_pha": 197.0 }, "geometry": { "type": "Point", "coordinates": [ 8.517280349002901, 47.378055991357115 ] } },
{ "type": "Feature", "properties": { "egid_int": 149833, "strasse": "Erismannstrasse", "hausnummer": "46", "plz": 8004.0, "ortschaft": "Zürich", "baujahr": 1931.0, "grundflaeche_m2": 179.3971325, "gebaeudealter_2026": 95.0, "gebaeude_nutzung": "Gebäude Wohnen", "qualitaet": "AV93", "bev_pers_n": 197.0, "bev_dichte_pha": 197.0 }, "geometry": { "type": "Point", "coordinates": [ 8.517157549283176, 47.377905453603724 ] } },
{ "type": "Feature", "properties": { "egid_int": 149834, "strasse": "Erismannstrasse", "hausnummer": "48", "plz": 8004.0, "ortschaft": "Zürich", "baujahr": 1931.0, "grundflaeche_m2": 179.267661, "gebaeudealter_2026": 95.0, "gebaeude_nutzung": "Gebäude Wohnen", "qualitaet": "AV93", "bev_pers_n": 321.0, "bev_dichte_pha": 321.0 }, "geometry": { "type": "Point", "coordinates": [ 8.517041269248832, 47.377757058655199 ] } },
{ "type": "Feature", "properties": { "egid_int": 149835, "strasse": "Erismannstrasse", "hausnummer": "50", "plz": 8004.0, "ortschaft": "Zürich", "baujahr": 1931.0, "grundflaeche_m2": 179.328254, "gebaeudealter_2026": 95.0, "gebaeude_nutzung": "Gebäude Wohnen", "qualitaet": "AV93", "bev_pers_n": 321.0, "bev_dichte_pha": 321.0 }, "geometry": { "type": "Point", "coordinates": [ 8.516931641832768, 47.377617380705445 ] } },
{ "type": "Feature", "properties": { "egid_int": 149836, "strasse": "Erismannstrasse", "hausnummer": "52", "plz": 8004.0, "ortschaft": "Zürich", "baujahr": 1931.0, "grundflaeche_m2": 194.039081, "gebaeudealter_2026": 95.0, "gebaeude_nutzung": "Gebäude Wohnen", "qualitaet": "AV93", "bev_pers_n": 321.0, "bev_dichte_pha": 321.0 }, "geometry": { "type": "Point", "coordinates": [ 8.51682521459205, 47.377475486973999 ] } },
{ "type": "Feature", "properties": { "egid_int": 149837, "strasse": "Erismannstrasse", "hausnummer": "54", "plz": 8004.0, "ortschaft": "Zürich", "baujahr": 1931.0, "grundflaeche_m2": 398.092888555, "gebaeudealter_2026": 95.0, "gebaeude_nutzung": "Gebäude Wohnen", "qualitaet": "AV93", "bev_pers_n": 321.0, "bev_dichte_pha": 321.0 }, "geometry": { "type": "Point", "coordinates": [ 8.516691796526883, 47.377310520746448 ] } },
{ "type": "Feature", "properties": { "egid_int": 149838, "strasse": "Sihlfeldstrasse", "hausnummer": "118", "plz": 8004.0, "ortschaft": "Zürich", "baujahr": 1930.0, "grundflaeche_m2": 210.9116585, "gebaeudealter_2026": 96.0, "gebaeude_nutzung": "Gebäude Wohnen", "qualitaet": "AV93", "bev_pers_n": 321.0, "bev_dichte_pha": 321.0 }, "geometry": { "type": "Point", "coordinates": [ 8.516544272203099, 47.377514673850122 ] } },
{ "type": "Feature", "properties": { "egid_int": 149839, "strasse": "Sihlfeldstrasse", "hausnummer": "120", "plz": 8004.0, "ortschaft": "Zürich", "baujahr": 1930.0, "grundflaeche_m2": 214.722065, "gebaeudealter_2026": 96.0, "gebaeude_nutzung": "Gebäude Wohnen", "qualitaet": "AV93", "bev_pers_n": 321.0, "bev_dichte_pha": 321.0 }, "geometry": { "type": "Point", "coordinates": [ 8.516533329448265, 47.377670301164201 ] } },
{ "type": "Feature", "properties": { "egid_int": 149840, "strasse": "Sihlfeldstrasse", "hausnummer": "122", "plz": 8004.0, "ortschaft": "Zürich", "baujahr": 1930.0, "grundflaeche_m2": 214.543192, "gebaeudealter_2026": 96.0, "gebaeude_nutzung": "Gebäude Wohnen", "qualitaet": "AV93", "bev_pers_n": 278.0, "bev_dichte_pha": 278.0 }, "geometry": { "type": "Point", "coordinates": [ 8.516498575294104, 47.377842899511784 ] } },
{ "type": "Feature", "properties": { "egid_int": 149841, "strasse": "Sihlfeldstrasse", "hausnummer": "124", "plz": 8004.0, "ortschaft": "Zürich", "baujahr": 1930.0, "grundflaeche_m2": 215.4384305, "gebaeudealter_2026": 96.0, "gebaeude_nutzung": "Gebäude Wohnen", "qualitaet": "AV93", "bev_pers_n": 278.0, "bev_dichte_pha": 278.0 }, "geometry": { "type": "Point", "coordinates": [ 8.516479096584458, 47.377949043475489 ] } },
{ "type": "Feature", "properties": { "egid_int": 149842, "strasse": "Sihlfeldstrasse", "hausnummer": "126", "plz": 8004.0, "ortschaft": "Zürich", "baujahr": 1930.0, "grundflaeche_m2": 214.711701, "gebaeudealter_2026": 96.0, "gebaeude_nutzung": "Gebäude Wohnen", "qualitaet": "AV93", "bev_pers_n": 278.0, "bev_dichte_pha": 278.0 }, "geometry": { "type": "Point", "coordinates": [ 8.516452060389021, 47.378105162727771 ] } },
{ "type": "Feature", "properties": { "egid_int": 149843, "strasse": "Sihlfeldstrasse", "hausnummer": "128", "plz": 8004.0, "ortschaft": "Zürich", "baujahr": 1930.0, "grundflaeche_m2": 218.1828905, "gebaeudealter_2026": 96.0, "gebaeude_nutzung": "Gebäude Wohnen", "qualitaet": "AV93", "bev_pers_n": 278.0, "bev_dichte_pha": 278.0 }, "geometry": { "type": "Point", "coordinates": [ 8.516430957918439, 47.378256099400616 ] } },
{ "type": "Feature", "properties": { "egid_int": 149844, "strasse": "Sihlfeldstrasse", "hausnummer": "130", "plz": 8004.0, "ortschaft": "Zürich", "baujahr": 1930.0, "grundflaeche_m2": 250.20399, "gebaeudealter_2026": 96.0, "gebaeude_nutzung": "Gebäude Wohnen", "qualitaet": "AV93", "bev_pers_n": 278.0, "bev_dichte_pha": 278.0 }, "geometry": { "type": "Point", "coordinates": [ 8.516423012910987, 47.378410682250369 ] } },
{ "type": "Feature", "properties": { "egid_int": 149845, "strasse": "Kanzleistrasse", "hausnummer": "200", "plz": 8004.0, "ortschaft": "Zürich", "baujahr": 1931.0, "grundflaeche_m2": 258.0709825, "gebaeudealter_2026": 95.0, "gebaeude_nutzung": "Gebäude Wohnen", "qualitaet": "AV93", "bev_pers_n": 197.0, "bev_dichte_pha": 197.0 }, "geometry": { "type": "Point", "coordinates": [ 8.51739940855089, 47.378350809255387 ] } },
{ "type": "Feature", "properties": { "egid_int": 149846, "strasse": "Kanzleistrasse", "hausnummer": "202", "plz": 8004.0, "ortschaft": "Zürich", "baujahr": 1982.0, "grundflaeche_m2": 339.1567955, "gebaeudealter_2026": 44.0, "gebaeude_nutzung": "Gebäude Wohnen", "qualitaet": "AV93", "bev_pers_n": 197.0, "bev_dichte_pha": 197.0 }, "geometry": { "type": "Point", "coordinates": [ 8.517137553601414, 47.378474202263412 ] } },
{ "type": "Feature", "properties": { "egid_int": 149847, "strasse": "Kanzleistrasse", "hausnummer": "209", "plz": 8004.0, "ortschaft": "Zürich", "baujahr": 1930.0, "grundflaeche_m2": 196.58440849499999, "gebaeudealter_2026": 96.0, "gebaeude_nutzung": "Gebäude Wohnen", "qualitaet": "AV93", "bev_pers_n": 197.0, "bev_dichte_pha": 197.0 }, "geometry": { "type": "Point", "coordinates": [ 8.516939336164388, 47.378230729429724 ] } },
{ "type": "Feature", "properties": { "egid_int": 149848, "strasse": "Kanzleistrasse", "hausnummer": "211", "plz": 8004.0, "ortschaft": "Zürich", "baujahr": 1930.0, "grundflaeche_m2": 164.23323441, "gebaeudealter_2026": 96.0, "gebaeude_nutzung": "Gebäude Wohnen", "qualitaet": "AV93", "bev_pers_n": 197.0, "bev_dichte_pha": 197.0 }, "geometry": { "type": "Point", "coordinates": [ 8.516804005912139, 47.378288850551861 ] } },
{ "type": "Feature", "properties": { "egid_int": 149849, "strasse": "Kanzleistrasse", "hausnummer": "215", "plz": 8004.0, "ortschaft": "Zürich", "baujahr": 1930.0, "grundflaeche_m2": 216.8209785, "gebaeudealter_2026": 96.0, "gebaeude_nutzung": "Gebäude Wohnen", "qualitaet": "AV93", "bev_pers_n": 197.0, "bev_dichte_pha": 197.0 }, "geometry": { "type": "Point", "coordinates": [ 8.516644155808834, 47.378349233217115 ] } },
{ "type": "Feature", "properties": { "egid_int": 149850, "strasse": "Sihlfeldstrasse", "hausnummer": "138", "plz": 8004.0, "ortschaft": "Zürich", "baujahr": 1981.0, "grundflaeche_m2": 281.1620345, "gebaeudealter_2026": 45.0, "gebaeude_nutzung": "Gebäude Wohnen", "qualitaet": "AV93", "bev_pers_n": 257.0, "bev_dichte_pha": 257.0 }, "geometry": { "type": "Point", "coordinates": [ 8.516320676046393, 47.379026487534077 ] } },
{ "type": "Feature", "properties": { "egid_int": 149851, "strasse": "Bullingerplatz", "hausnummer": "1", "plz": 8004.0, "ortschaft": "Zürich", "baujahr": 1948.0, "grundflaeche_m2": 125.7190055, "gebaeudealter_2026": 78.0, "gebaeude_nutzung": "Gebäude Wohnen", "qualitaet": "AV93", "bev_pers_n": 257.0, "bev_dichte_pha": 257.0 }, "geometry": { "type": "Point", "coordinates": [ 8.516459802554508, 47.37942446368308 ] } },
{ "type": "Feature", "properties": { "egid_int": 149852, "strasse": "Bullingerplatz", "hausnummer": "3", "plz": 8004.0, "ortschaft": "Zürich", "baujahr": 1948.0, "grundflaeche_m2": 124.7831625, "gebaeudealter_2026": 78.0, "gebaeude_nutzung": "Gebäude Wohnen", "qualitaet": "AV93", "bev_pers_n": 257.0, "bev_dichte_pha": 257.0 }, "geometry": { "type": "Point", "coordinates": [ 8.51639411336142, 47.379315561307983 ] } },
{ "type": "Feature", "properties": { "egid_int": 149853, "strasse": "Kanzleistrasse", "hausnummer": "216", "plz": 8004.0, "ortschaft": "Zürich", "baujahr": 1980.0, "grundflaeche_m2": 342.7105535, "gebaeudealter_2026": 46.0, "gebaeude_nutzung": "Gebäude Wohnen", "qualitaet": "AV93", "bev_pers_n": 268.0, "bev_dichte_pha": 268.0 }, "geometry": { "type": "Point", "coordinates": [ 8.517084462634829, 47.378866857009605 ] } },
{ "type": "Feature", "properties": { "egid_int": 149854, "strasse": "Kanzleistrasse", "hausnummer": "218", "plz": 8004.0, "ortschaft": "Zürich", "baujahr": 1981.0, "grundflaeche_m2": 321.8995165, "gebaeudealter_2026": 45.0, "gebaeude_nutzung": "Gebäude Wohnen", "qualitaet": "AV93", "bev_pers_n": 268.0, "bev_dichte_pha": 268.0 }, "geometry": { "type": "Point", "coordinates": [ 8.516827429411908, 47.378858893888413 ] } },
{ "type": "Feature", "properties": { "egid_int": 149855, "strasse": "Kanzleistrasse", "hausnummer": "222", "plz": 8004.0, "ortschaft": "Zürich", "baujahr": 1982.0, "grundflaeche_m2": 342.716983, "gebaeudealter_2026": 44.0, "gebaeude_nutzung": "Gebäude Wohnen", "qualitaet": "AV93", "bev_pers_n": 268.0, "bev_dichte_pha": 268.0 }, "geometry": { "type": "Point", "coordinates": [ 8.516604763707658, 47.378790144495717 ] } },
{ "type": "Feature", "properties": { "egid_int": 149856, "strasse": "Kanzleistrasse", "hausnummer": "224", "plz": 8004.0, "ortschaft": "Zürich", "baujahr": 1982.0, "grundflaeche_m2": 395.946153, "gebaeudealter_2026": 44.0, "gebaeude_nutzung": "Gebäude Wohnen", "qualitaet": "AV93", "bev_pers_n": 257.0, "bev_dichte_pha": 257.0 }, "geometry": { "type": "Point", "coordinates": [ 8.516355588541309, 47.378794196405927 ] } },
{ "type": "Feature", "properties": { "egid_int": 149857, "strasse": "Erismannstrasse", "hausnummer": "34", "plz": 8004.0, "ortschaft": "Zürich", "baujahr": 1932.0, "grundflaeche_m2": 209.504558, "gebaeudealter_2026": 94.0, "gebaeude_nutzung": "Gebäude Wohnen", "qualitaet": "AV93", "bev_pers_n": 268.0, "bev_dichte_pha": 268.0 }, "geometry": { "type": "Point", "coordinates": [ 8.517824715949757, 47.378753846922031 ] } },
{ "type": "Feature", "properties": { "egid_int": 149858, "strasse": "Erismannstrasse", "hausnummer": "30", "plz": 8004.0, "ortschaft": "Zürich", "baujahr": 1931.0, "grundflaeche_m2": 207.5487065, "gebaeudealter_2026": 95.0, "gebaeude_nutzung": "Gebäude Wohnen", "qualitaet": "AV93", "bev_pers_n": 244.0, "bev_dichte_pha": 244.0 }, "geometry": { "type": "Point", "coordinates": [ 8.517980252679331, 47.378908800524052 ] } },
{ "type": "Feature", "properties": { "egid_int": 149859, "strasse": "Stauffacherstrasse", "hausnummer": "209", "plz": 8004.0, "ortschaft": "Zürich", "baujahr": 1931.0, "grundflaeche_m2": 197.539466, "gebaeudealter_2026": 95.0, "gebaeude_nutzung": "Gebäude Wohnen", "qualitaet": "AV93", "bev_pers_n": 244.0, "bev_dichte_pha": 244.0 }, "geometry": { "type": "Point", "coordinates": [ 8.517858514048696, 47.37901294970338 ] } },
{ "type": "Feature", "properties": { "egid_int": 149860, "strasse": "Stauffacherstrasse", "hausnummer": "219", "plz": 8004.0, "ortschaft": "Zürich", "baujahr": 1934.0, "grundflaeche_m2": 136.3506035, "gebaeudealter_2026": 92.0, "gebaeude_nutzung": "Gebäude Wohnen", "qualitaet": "AV93", "bev_pers_n": 268.0, "bev_dichte_pha": 268.0 }, "geometry": { "type": "Point", "coordinates": [ 8.517683231626746, 47.379072515479074 ] } },
{ "type": "Feature", "properties": { "egid_int": 149861, "strasse": "Stauffacherstrasse", "hausnummer": "221", "plz": 8004.0, "ortschaft": "Zürich", "baujahr": 1934.0, "grundflaeche_m2": 136.1012805, "gebaeudealter_2026": 92.0, "gebaeude_nutzung": "Gebäude Wohnen", "qualitaet": "AV93", "bev_pers_n": 268.0, "bev_dichte_pha": 268.0 }, "geometry": { "type": "Point", "coordinates": [ 8.5175231973069, 47.379125174270115 ] } },
{ "type": "Feature", "properties": { "egid_int": 149862, "strasse": "Stauffacherstrasse", "hausnummer": "223", "plz": 8004.0, "ortschaft": "Zürich", "baujahr": 1935.0, "grundflaeche_m2": 136.391097, "gebaeudealter_2026": 91.0, "gebaeude_nutzung": "Gebäude Wohnen", "qualitaet": "AV93", "bev_pers_n": 268.0, "bev_dichte_pha": 268.0 }, "geometry": { "type": "Point", "coordinates": [ 8.517349918803774, 47.379178442241042 ] } },
{ "type": "Feature", "properties": { "egid_int": 149863, "strasse": "Stauffacherstrasse", "hausnummer": "225", "plz": 8004.0, "ortschaft": "Zürich", "baujahr": 1935.0, "grundflaeche_m2": 136.3678285, "gebaeudealter_2026": 91.0, "gebaeude_nutzung": "Gebäude Wohnen", "qualitaet": "AV93", "bev_pers_n": 268.0, "bev_dichte_pha": 268.0 }, "geometry": { "type": "Point", "coordinates": [ 8.517182320389322, 47.379230361624138 ] } },
{ "type": "Feature", "properties": { "egid_int": 149864, "strasse": "Kanzleistrasse", "hausnummer": "214", "plz": 8004.0, "ortschaft": "Zürich", "baujahr": 1980.0, "grundflaeche_m2": 350.8368655, "gebaeudealter_2026": 46.0, "gebaeude_nutzung": "Gebäude Wohnen", "qualitaet": "AV93", "bev_pers_n": 268.0, "bev_dichte_pha": 268.0 }, "geometry": { "type": "Point", "coordinates": [ 8.517349930035783, 47.378788369913188 ] } },
{ "type": "Feature", "properties": { "egid_int": 149865, "strasse": "Erismannstrasse", "hausnummer": "36", "plz": 8004.0, "ortschaft": "Zürich", "baujahr": 1932.0, "grundflaeche_m2": 217.731382, "gebaeudealter_2026": 94.0, "gebaeude_nutzung": "Gebäude Wohnen", "qualitaet": "AV93", "bev_pers_n": 197.0, "bev_dichte_pha": 197.0 }, "geometry": { "type": "Point", "coordinates": [ 8.517691758889029, 47.378596919164615 ] } },
{ "type": "Feature", "properties": { "egid_int": 149866, "strasse": "Erismannstrasse", "hausnummer": "37", "plz": 8004.0, "ortschaft": "Zürich", "baujahr": 1930.0, "grundflaeche_m2": 164.099397, "gebaeudealter_2026": 96.0, "gebaeude_nutzung": "Gebäude Wohnen", "qualitaet": "AV93", "bev_pers_n": 231.0, "bev_dichte_pha": 231.0 }, "geometry": { "type": "Point", "coordinates": [ 8.518188761957669, 47.378388365893258 ] } },
{ "type": "Feature", "properties": { "egid_int": 149867, "strasse": "Erismannstrasse", "hausnummer": "38", "plz": 8004.0, "ortschaft": "Zürich", "baujahr": 1931.0, "grundflaeche_m2": 196.237617, "gebaeudealter_2026": 95.0, "gebaeude_nutzung": "Gebäude Wohnen", "qualitaet": "AV93", "bev_pers_n": 197.0, "bev_dichte_pha": 197.0 }, "geometry": { "type": "Point", "coordinates": [ 8.517563673045846, 47.378442464385131 ] } },
{ "type": "Feature", "properties": { "egid_int": 149868, "strasse": "Erismannstrasse", "hausnummer": "39", "plz": 8004.0, "ortschaft": "Zürich", "baujahr": 1930.0, "grundflaeche_m2": 164.555552, "gebaeudealter_2026": 96.0, "gebaeude_nutzung": "Gebäude Wohnen", "qualitaet": "AV93", "bev_pers_n": 231.0, "bev_dichte_pha": 231.0 }, "geometry": { "type": "Point", "coordinates": [ 8.518079237387182, 47.378254633818067 ] } },
{ "type": "Feature", "properties": { "egid_int": 149869, "strasse": "Erismannstrasse", "hausnummer": "41", "plz": 8004.0, "ortschaft": "Zürich", "baujahr": 1930.0, "grundflaeche_m2": 166.1666505, "gebaeudealter_2026": 96.0, "gebaeude_nutzung": "Gebäude Wohnen", "qualitaet": "AV93", "bev_pers_n": 231.0, "bev_dichte_pha": 231.0 }, "geometry": { "type": "Point", "coordinates": [ 8.517977361626416, 47.378122566227596 ] } },
{ "type": "Feature", "properties": { "egid_int": 149870, "strasse": "Erismannstrasse", "hausnummer": "35", "plz": 8004.0, "ortschaft": "Zürich", "baujahr": 1930.0, "grundflaeche_m2": 163.469733, "gebaeudealter_2026": 96.0, "gebaeude_nutzung": "Gebäude Wohnen", "qualitaet": "AV93", "bev_pers_n": 231.0, "bev_dichte_pha": 231.0 }, "geometry": { "type": "Point", "coordinates": [ 8.518290415642877, 47.378510073020827 ] } },
{ "type": "Feature", "properties": { "egid_int": 149871, "strasse": "Erismannstrasse", "hausnummer": "33", "plz": 8004.0, "ortschaft": "Zürich", "baujahr": 1930.0, "grundflaeche_m2": 162.633133, "gebaeudealter_2026": 96.0, "gebaeude_nutzung": "Gebäude Wohnen", "qualitaet": "AV93", "bev_pers_n": 231.0, "bev_dichte_pha": 231.0 }, "geometry": { "type": "Point", "coordinates": [ 8.518404968646509, 47.378640294782876 ] } },
{ "type": "Feature", "properties": { "egid_int": 149872, "strasse": "Erismannstrasse", "hausnummer": "31", "plz": 8004.0, "ortschaft": "Zürich", "baujahr": 1930.0, "grundflaeche_m2": 165.5815195, "gebaeudealter_2026": 96.0, "gebaeude_nutzung": "Gebäude Wohnen", "qualitaet": "AV93", "bev_pers_n": 244.0, "bev_dichte_pha": 244.0 }, "geometry": { "type": "Point", "coordinates": [ 8.51852181945816, 47.378758405542882 ] } },
{ "type": "Feature", "properties": { "egid_int": 149873, "strasse": "Stauffacherstrasse", "hausnummer": "197", "plz": 8004.0, "ortschaft": "Zürich", "baujahr": 1930.0, "grundflaeche_m2": 173.6317335, "gebaeudealter_2026": 96.0, "gebaeude_nutzung": "Gebäude Wohnen", "qualitaet": "AV93", "bev_pers_n": 244.0, "bev_dichte_pha": 244.0 }, "geometry": { "type": "Point", "coordinates": [ 8.518780134263871, 47.378704151815612 ] } },
{ "type": "Feature", "properties": { "egid_int": 149874, "strasse": "Stauffacherstrasse", "hausnummer": "195", "plz": 8004.0, "ortschaft": "Zürich", "baujahr": 1930.0, "grundflaeche_m2": 157.262427, "gebaeudealter_2026": 96.0, "gebaeude_nutzung": "Gebäude Wohnen", "qualitaet": "AV93", "bev_pers_n": 231.0, "bev_dichte_pha": 231.0 }, "geometry": { "type": "Point", "coordinates": [ 8.518934102867748, 47.378645710157663 ] } },
{ "type": "Feature", "properties": { "egid_int": 149875, "strasse": "Seebahnstrasse", "hausnummer": "231", "plz": 8004.0, "ortschaft": "Zürich", "baujahr": 1930.0, "grundflaeche_m2": 193.937662, "gebaeudealter_2026": 96.0, "gebaeude_nutzung": "Gebäude Wohnen", "qualitaet": "AV93", "bev_pers_n": 231.0, "bev_dichte_pha": 231.0 }, "geometry": { "type": "Point", "coordinates": [ 8.519117421088005, 47.378529973862804 ] } },
{ "type": "Feature", "properties": { "egid_int": 149876, "strasse": "Seebahnstrasse", "hausnummer": "229", "plz": 8004.0, "ortschaft": "Zürich", "baujahr": 1930.0, "grundflaeche_m2": 168.703412, "gebaeudealter_2026": 96.0, "gebaeude_nutzung": "Gebäude Wohnen", "qualitaet": "AV93", "bev_pers_n": 231.0, "bev_dichte_pha": 231.0 }, "geometry": { "type": "Point", "coordinates": [ 8.518987613802343, 47.378399895448283 ] } },
{ "type": "Feature", "properties": { "egid_int": 149877, "strasse": "Seebahnstrasse", "hausnummer": "227", "plz": 8004.0, "ortschaft": "Zürich", "baujahr": 1930.0, "grundflaeche_m2": 178.012536, "gebaeudealter_2026": 96.0, "gebaeude_nutzung": "Gebäude Wohnen", "qualitaet": "AV93", "bev_pers_n": 231.0, "bev_dichte_pha": 231.0 }, "geometry": { "type": "Point", "coordinates": [ 8.518860300855408, 47.378268057510368 ] } },
{ "type": "Feature", "properties": { "egid_int": 149878, "strasse": "Seebahnstrasse", "hausnummer": "225", "plz": 8004.0, "ortschaft": "Zürich", "baujahr": 1930.0, "grundflaeche_m2": 178.624868, "gebaeudealter_2026": 96.0, "gebaeude_nutzung": "Gebäude Wohnen", "qualitaet": "AV93", "bev_pers_n": 231.0, "bev_dichte_pha": 231.0 }, "geometry": { "type": "Point", "coordinates": [ 8.518748232911449, 47.378134358829655 ] } },
{ "type": "Feature", "properties": { "egid_int": 149879, "strasse": "Seebahnstrasse", "hausnummer": "221", "plz": 8004.0, "ortschaft": "Zürich", "baujahr": 1930.0, "grundflaeche_m2": 157.798857, "gebaeudealter_2026": 96.0, "gebaeude_nutzung": "Gebäude Wohnen", "qualitaet": "AV93", "bev_pers_n": 231.0, "bev_dichte_pha": 231.0 }, "geometry": { "type": "Point", "coordinates": [ 8.51855711089949, 47.377864916466478 ] } },
{ "type": "Feature", "properties": { "egid_int": 149880, "strasse": "Seebahnstrasse", "hausnummer": "223", "plz": 8004.0, "ortschaft": "Zürich", "baujahr": 1930.0, "grundflaeche_m2": 161.6312795, "gebaeudealter_2026": 96.0, "gebaeude_nutzung": "Gebäude Wohnen", "qualitaet": "AV93", "bev_pers_n": 231.0, "bev_dichte_pha": 231.0 }, "geometry": { "type": "Point", "coordinates": [ 8.518651383022615, 47.377998781711135 ] } },
{ "type": "Feature", "properties": { "egid_int": 149881, "strasse": "Kanzleistrasse", "hausnummer": "160", "plz": 8004.0, "ortschaft": "Zürich", "baujahr": 1930.0, "grundflaeche_m2": 155.9021915, "gebaeudealter_2026": 96.0, "gebaeude_nutzung": "Gebäude Wohnen", "qualitaet": "AV93", "bev_pers_n": 231.0, "bev_dichte_pha": 231.0 }, "geometry": { "type": "Point", "coordinates": [ 8.518324465674954, 47.377931010247188 ] } },
{ "type": "Feature", "properties": { "egid_int": 149882, "strasse": "Kanzleistrasse", "hausnummer": "162", "plz": 8004.0, "ortschaft": "Zürich", "baujahr": 1930.0, "grundflaeche_m2": 172.353106, "gebaeudealter_2026": 96.0, "gebaeude_nutzung": "Gebäude Wohnen", "qualitaet": "AV93", "bev_pers_n": 231.0, "bev_dichte_pha": 231.0 }, "geometry": { "type": "Point", "coordinates": [ 8.518170708492862, 47.377999820489258 ] } },
{ "type": "Feature", "properties": { "egid_int": 149883, "strasse": "Hardstrasse", "hausnummer": "70", "plz": 8004.0, "ortschaft": "Zürich", "baujahr": 1930.0, "grundflaeche_m2": 214.5935295, "gebaeudealter_2026": 96.0, "gebaeude_nutzung": "Gebäude Wohnen", "qualitaet": "AV93", "bev_pers_n": 121.0, "bev_dichte_pha": 121.0 }, "geometry": { "type": "Point", "coordinates": [ 8.51302850724827, 47.380668522836416 ] } },
{ "type": "Feature", "properties": { "egid_int": 149884, "strasse": "Hardstrasse", "hausnummer": "72", "plz": 8004.0, "ortschaft": "Zürich", "baujahr": 1930.0, "grundflaeche_m2": 162.9630965, "gebaeudealter_2026": 96.0, "gebaeude_nutzung": "Gebäude Wohnen", "qualitaet": "AV93", "bev_pers_n": 121.0, "bev_dichte_pha": 121.0 }, "geometry": { "type": "Point", "coordinates": [ 8.51310375613218, 47.380742113382546 ] } },
{ "type": "Feature", "properties": { "egid_int": 149885, "strasse": "Hardstrasse", "hausnummer": "76", "plz": 8004.0, "ortschaft": "Zürich", "baujahr": 1951.0, "grundflaeche_m2": 147.280325, "gebaeudealter_2026": 75.0, "gebaeude_nutzung": "Gebäude Verwaltung", "qualitaet": "AV93", "bev_pers_n": 121.0, "bev_dichte_pha": 121.0 }, "geometry": { "type": "Point", "coordinates": [ 8.513262529550245, 47.380922031406911 ] } },
{ "type": "Feature", "properties": { "egid_int": 149886, "strasse": "Hardstrasse", "hausnummer": "90", "plz": 8004.0, "ortschaft": "Zürich", "baujahr": 1927.0, "grundflaeche_m2": 165.902078, "gebaeudealter_2026": 99.0, "gebaeude_nutzung": "Gebäude Wohnen", "qualitaet": "AV93", "bev_pers_n": 302.0, "bev_dichte_pha": 302.0 }, "geometry": { "type": "Point", "coordinates": [ 8.513850103464062, 47.381502566924425 ] } },
{ "type": "Feature", "properties": { "egid_int": 149887, "strasse": "Bullingerstrasse", "hausnummer": "22", "plz": 8004.0, "ortschaft": "Zürich", "baujahr": 1930.0, "grundflaeche_m2": 148.8203665, "gebaeudealter_2026": 96.0, "gebaeude_nutzung": "Gebäude Wohnen", "qualitaet": "AV93", "bev_pers_n": 117.0, "bev_dichte_pha": 117.0 }, "geometry": { "type": "Point", "coordinates": [ 8.51353018255025, 47.380446175178847 ] } },
{ "type": "Feature", "properties": { "egid_int": 149888, "strasse": "Bullingerstrasse", "hausnummer": "24", "plz": 8004.0, "ortschaft": "Zürich", "baujahr": 1930.0, "grundflaeche_m2": 148.291888, "gebaeudealter_2026": 96.0, "gebaeude_nutzung": "Gebäude Wohnen", "qualitaet": "AV93", "bev_pers_n": 117.0, "bev_dichte_pha": 117.0 }, "geometry": { "type": "Point", "coordinates": [ 8.513386058358128, 47.380488974407172 ] } },
{ "type": "Feature", "properties": { "egid_int": 149889, "strasse": "Bullingerstrasse", "hausnummer": "26", "plz": 8004.0, "ortschaft": "Zürich", "baujahr": 1930.0, "grundflaeche_m2": 147.9330135, "gebaeudealter_2026": 96.0, "gebaeude_nutzung": "Gebäude Wohnen", "qualitaet": "AV93", "bev_pers_n": 121.0, "bev_dichte_pha": 121.0 }, "geometry": { "type": "Point", "coordinates": [ 8.513204009493165, 47.38054249754564 ] } },
{ "type": "Feature", "properties": { "egid_int": 149890, "strasse": "Hirzelstrasse", "hausnummer": "20", "plz": 8004.0, "ortschaft": "Zürich", "baujahr": 1968.0, "grundflaeche_m2": 508.61155294500003, "gebaeudealter_2026": 58.0, "gebaeude_nutzung": "Gebäude Verwaltung", "qualitaet": "AV93", "bev_pers_n": 121.0, "bev_dichte_pha": 121.0 }, "geometry": { "type": "Point", "coordinates": [ 8.513858957565212, 47.380731614987489 ] } },
{ "type": "Feature", "properties": { "egid_int": 149891, "strasse": "Hirzelstrasse", "hausnummer": "30", "plz": 8004.0, "ortschaft": "Zürich", "baujahr": 1929.0, "grundflaeche_m2": 210.4999935, "gebaeudealter_2026": 97.0, "gebaeude_nutzung": "Gebäude Wohnen", "qualitaet": "AV93", "bev_pers_n": 117.0, "bev_dichte_pha": 117.0 }, "geometry": { "type": "Point", "coordinates": [ 8.513786177763288, 47.380402334686934 ] } },
{ "type": "Feature", "properties": { "egid_int": 149892, "strasse": "Hardstrasse", "hausnummer": "92", "plz": 8004.0, "ortschaft": "Zürich", "baujahr": 1927.0, "grundflaeche_m2": 174.309469, "gebaeudealter_2026": 99.0, "gebaeude_nutzung": "Gebäude Wohnen", "qualitaet": "AV93", "bev_pers_n": 288.0, "bev_dichte_pha": 288.0 }, "geometry": { "type": "Point", "coordinates": [ 8.513951237700343, 47.381626297452605 ] } },
{ "type": "Feature", "properties": { "egid_int": 149893, "strasse": "Sihlfeldstrasse", "hausnummer": "165", "plz": 8004.0, "ortschaft": "Zürich", "baujahr": 1919.0, "grundflaeche_m2": 1242.1425665500001, "gebaeudealter_2026": 107.0, "gebaeude_nutzung": "Gebäude Verwaltung", "qualitaet": "AV93", "bev_pers_n": 18.0, "bev_dichte_pha": 18.0 }, "geometry": { "type": "Point", "coordinates": [ 8.515044479624136, 47.380870873950052 ] } },
{ "type": "Feature", "properties": { "egid_int": 149894, "strasse": "Sihlfeldstrasse", "hausnummer": "173", "plz": 8004.0, "ortschaft": "Zürich", "baujahr": 1920.0, "grundflaeche_m2": 227.3958805, "gebaeudealter_2026": 106.0, "gebaeude_nutzung": "Gebäude Wohnen", "qualitaet": "AV93", "bev_pers_n": 288.0, "bev_dichte_pha": 288.0 }, "geometry": { "type": "Point", "coordinates": [ 8.515125833212149, 47.381749448291004 ] } },
{ "type": "Feature", "properties": { "egid_int": 149895, "strasse": "Sihlfeldstrasse", "hausnummer": "175", "plz": 8004.0, "ortschaft": "Zürich", "baujahr": 1920.0, "grundflaeche_m2": 138.8017545, "gebaeudealter_2026": 106.0, "gebaeude_nutzung": "Gebäude Wohnen", "qualitaet": "AV93", "bev_pers_n": 288.0, "bev_dichte_pha": 288.0 }, "geometry": { "type": "Point", "coordinates": [ 8.515085845599415, 47.381910491039768 ] } },
{ "type": "Feature", "properties": { "egid_int": 149896, "strasse": "Hirzelstrasse", "hausnummer": "2", "plz": 8004.0, "ortschaft": "Zürich", "baujahr": 1920.0, "grundflaeche_m2": 187.548714, "gebaeudealter_2026": 106.0, "gebaeude_nutzung": "Gebäude Wohnen", "qualitaet": "AV93", "bev_pers_n": 288.0, "bev_dichte_pha": 288.0 }, "geometry": { "type": "Point", "coordinates": [ 8.514926143004585, 47.381685671705313 ] } },
{ "type": "Feature", "properties": { "egid_int": 149897, "strasse": "Hirzelstrasse", "hausnummer": "4", "plz": 8004.0, "ortschaft": "Zürich", "baujahr": 1920.0, "grundflaeche_m2": 186.5451795, "gebaeudealter_2026": 106.0, "gebaeude_nutzung": "Gebäude Wohnen", "qualitaet": "AV93", "bev_pers_n": 288.0, "bev_dichte_pha": 288.0 }, "geometry": { "type": "Point", "coordinates": [ 8.514683931687269, 47.381656831946671 ] } },
{ "type": "Feature", "properties": { "egid_int": 149898, "strasse": "Hirzelstrasse", "hausnummer": "6", "plz": 8004.0, "ortschaft": "Zürich", "baujahr": 1920.0, "grundflaeche_m2": 214.051936, "gebaeudealter_2026": 106.0, "gebaeude_nutzung": "Gebäude Wohnen", "qualitaet": "AV93", "bev_pers_n": 288.0, "bev_dichte_pha": 288.0 }, "geometry": { "type": "Point", "coordinates": [ 8.514492740630528, 47.381636151846728 ] } },
{ "type": "Feature", "properties": { "egid_int": 149899, "strasse": "Hirzelstrasse", "hausnummer": "8", "plz": 8004.0, "ortschaft": "Zürich", "baujahr": 1920.0, "grundflaeche_m2": 117.9019325, "gebaeudealter_2026": 106.0, "gebaeude_nutzung": "Gebäude Wohnen", "qualitaet": "AV93", "bev_pers_n": 288.0, "bev_dichte_pha": 288.0 }, "geometry": { "type": "Point", "coordinates": [ 8.514415619305774, 47.381469300634734 ] } },
{ "type": "Feature", "properties": { "egid_int": 149900, "strasse": "Hirzelstrasse", "hausnummer": "10", "plz": 8004.0, "ortschaft": "Zürich", "baujahr": 1920.0, "grundflaeche_m2": 169.4177395, "gebaeudealter_2026": 106.0, "gebaeude_nutzung": "Gebäude Wohnen", "qualitaet": "AV93", "bev_pers_n": 288.0, "bev_dichte_pha": 288.0 }, "geometry": { "type": "Point", "coordinates": [ 8.514237049108131, 47.381443321426282 ] } },
{ "type": "Feature", "properties": { "egid_int": 149901, "strasse": "Hirzelstrasse", "hausnummer": "12", "plz": 8004.0, "ortschaft": "Zürich", "baujahr": 1926.0, "grundflaeche_m2": 171.8367845, "gebaeudealter_2026": 100.0, "gebaeude_nutzung": "Gebäude Wohnen", "qualitaet": "AV93", "bev_pers_n": 18.0, "bev_dichte_pha": 18.0 }, "geometry": { "type": "Point", "coordinates": [ 8.514009804053181, 47.381422994191702 ] } },
{ "type": "Feature", "properties": { "egid_int": 149902, "strasse": "Hardstrasse", "hausnummer": "94", "plz": 8004.0, "ortschaft": "Zürich", "baujahr": 1927.0, "grundflaeche_m2": 174.5182935, "gebaeudealter_2026": 99.0, "gebaeude_nutzung": "Gebäude Wohnen", "qualitaet": "AV93", "bev_pers_n": 288.0, "bev_dichte_pha": 288.0 }, "geometry": { "type": "Point", "coordinates": [ 8.51407745153843, 47.381761631958277 ] } },
{ "type": "Feature", "properties": { "egid_int": 149903, "strasse": "Hardstrasse", "hausnummer": "96", "plz": 8004.0, "ortschaft": "Zürich", "baujahr": 1927.0, "grundflaeche_m2": 174.7387385, "gebaeudealter_2026": 99.0, "gebaeude_nutzung": "Gebäude Wohnen", "qualitaet": "AV93", "bev_pers_n": 288.0, "bev_dichte_pha": 288.0 }, "geometry": { "type": "Point", "coordinates": [ 8.514200022329835, 47.381881132920881 ] } },
{ "type": "Feature", "properties": { "egid_int": 149904, "strasse": "Hardplatz", "hausnummer": "5", "plz": 8004.0, "ortschaft": "Zürich", "baujahr": 1920.0, "grundflaeche_m2": 178.8500795, "gebaeudealter_2026": 106.0, "gebaeude_nutzung": "Gebäude Wohnen", "qualitaet": "AV93", "bev_pers_n": 288.0, "bev_dichte_pha": 288.0 }, "geometry": { "type": "Point", "coordinates": [ 8.514978872343482, 47.382028963482966 ] } },
{ "type": "Feature", "properties": { "egid_int": 149905, "strasse": "Hardplatz", "hausnummer": "6", "plz": 8004.0, "ortschaft": "Zürich", "baujahr": 1920.0, "grundflaeche_m2": 181.509892, "gebaeudealter_2026": 106.0, "gebaeude_nutzung": "Gebäude Wohnen", "qualitaet": "AV93", "bev_pers_n": 288.0, "bev_dichte_pha": 288.0 }, "geometry": { "type": "Point", "coordinates": [ 8.514787278369845, 47.382113673980783 ] } },
{ "type": "Feature", "properties": { "egid_int": 149906, "strasse": "Hardplatz", "hausnummer": "7", "plz": 8004.0, "ortschaft": "Zürich", "baujahr": 1899.0, "grundflaeche_m2": 224.903022, "gebaeudealter_2026": 127.0, "gebaeude_nutzung": "Gebäude Wohnen", "qualitaet": "AV93", "bev_pers_n": 288.0, "bev_dichte_pha": 288.0 }, "geometry": { "type": "Point", "coordinates": [ 8.514582958981066, 47.382198502667222 ] } },
{ "type": "Feature", "properties": { "egid_int": 149907, "strasse": "Sihlfeldstrasse", "hausnummer": "200", "plz": 8004.0, "ortschaft": "Zürich", "baujahr": 1922.0, "grundflaeche_m2": 180.0438785, "gebaeudealter_2026": 104.0, "gebaeude_nutzung": "Gebäude Wohnen", "qualitaet": "AV93", "bev_pers_n": 186.0, "bev_dichte_pha": 186.0 }, "geometry": { "type": "Point", "coordinates": [ 8.5155569906187, 47.381869993894398 ] } },
{ "type": "Feature", "properties": { "egid_int": 149908, "strasse": "Sihlfeldstrasse", "hausnummer": "202", "plz": 8004.0, "ortschaft": "Zürich", "baujahr": 1909.0, "grundflaeche_m2": 232.336885, "gebaeudealter_2026": 117.0, "gebaeude_nutzung": "Gebäude Wohnen", "qualitaet": "AV93", "bev_pers_n": 186.0, "bev_dichte_pha": 186.0 }, "geometry": { "type": "Point", "coordinates": [ 8.515507258701479, 47.381996388619662 ] } },
{ "type": "Feature", "properties": { "egid_int": 149909, "strasse": "Bullingerstrasse", "hausnummer": "8", "plz": 8004.0, "ortschaft": "Zürich", "baujahr": 1924.0, "grundflaeche_m2": 123.434473, "gebaeudealter_2026": 102.0, "gebaeude_nutzung": "Gebäude Verwaltung", "qualitaet": "AV93", "bev_pers_n": 51.0, "bev_dichte_pha": 51.0 }, "geometry": { "type": "Point", "coordinates": [ 8.514802026781418, 47.380074989813075 ] } },
{ "type": "Feature", "properties": { "egid_int": 149910, "strasse": "Bullingerstrasse", "hausnummer": "10", "plz": 8004.0, "ortschaft": "Zürich", "baujahr": 1930.0, "grundflaeche_m2": 370.3425255, "gebaeudealter_2026": 96.0, "gebaeude_nutzung": "Gebäude Verwaltung", "qualitaet": "AV93", "bev_pers_n": 51.0, "bev_dichte_pha": 51.0 }, "geometry": { "type": "Point", "coordinates": [ 8.514859886946292, 47.380169465903165 ] } },
{ "type": "Feature", "properties": { "egid_int": 149911, "strasse": "Sihlfeldstrasse", "hausnummer": "150", "plz": 8004.0, "ortschaft": "Zürich", "baujahr": 1927.0, "grundflaeche_m2": 166.5208205, "gebaeudealter_2026": 99.0, "gebaeude_nutzung": "Gebäude Wohnen", "qualitaet": "AV93", "bev_pers_n": 118.0, "bev_dichte_pha": 118.0 }, "geometry": { "type": "Point", "coordinates": [ 8.516099812540032, 47.379946307744966 ] } },
{ "type": "Feature", "properties": { "egid_int": 149912, "strasse": "Sihlfeldstrasse", "hausnummer": "152", "plz": 8004.0, "ortschaft": "Zürich", "baujahr": 1927.0, "grundflaeche_m2": 179.9796845, "gebaeudealter_2026": 99.0, "gebaeude_nutzung": "Gebäude Wohnen", "qualitaet": "AV93", "bev_pers_n": 118.0, "bev_dichte_pha": 118.0 }, "geometry": { "type": "Point", "coordinates": [ 8.516051841249954, 47.380087582253502 ] } },
{ "type": "Feature", "properties": { "egid_int": 149913, "strasse": "Sihlfeldstrasse", "hausnummer": "154", "plz": 8004.0, "ortschaft": "Zürich", "baujahr": 1927.0, "grundflaeche_m2": 211.0862135, "gebaeudealter_2026": 99.0, "gebaeude_nutzung": "Gebäude Wohnen", "qualitaet": "AV93", "bev_pers_n": 118.0, "bev_dichte_pha": 118.0 }, "geometry": { "type": "Point", "coordinates": [ 8.516007328986296, 47.380225064528581 ] } },
{ "type": "Feature", "properties": { "egid_int": 149915, "strasse": "Sihlfeldstrasse", "hausnummer": "158", "plz": 8004.0, "ortschaft": "Zürich", "baujahr": 1927.0, "grundflaeche_m2": 180.5164995, "gebaeudealter_2026": 99.0, "gebaeude_nutzung": "Gebäude Wohnen", "qualitaet": "AV93", "bev_pers_n": 118.0, "bev_dichte_pha": 118.0 }, "geometry": { "type": "Point", "coordinates": [ 8.515953474791738, 47.380448770851174 ] } },
{ "type": "Feature", "properties": { "egid_int": 149916, "strasse": "Sihlfeldstrasse", "hausnummer": "162", "plz": 8004.0, "ortschaft": "Zürich", "baujahr": 1929.0, "grundflaeche_m2": 212.428768, "gebaeudealter_2026": 97.0, "gebaeude_nutzung": "Gebäude Wohnen", "qualitaet": "AV93", "bev_pers_n": 265.0, "bev_dichte_pha": 265.0 }, "geometry": { "type": "Point", "coordinates": [ 8.515908419627561, 47.380577766768624 ] } },
{ "type": "Feature", "properties": { "egid_int": 149918, "strasse": "Sihlfeldstrasse", "hausnummer": "164", "plz": 8004.0, "ortschaft": "Zürich", "baujahr": 1929.0, "grundflaeche_m2": 180.7427825, "gebaeudealter_2026": 97.0, "gebaeude_nutzung": "Gebäude Wohnen", "qualitaet": "AV93", "bev_pers_n": 265.0, "bev_dichte_pha": 265.0 }, "geometry": { "type": "Point", "coordinates": [ 8.515846951631934, 47.380808119415548 ] } },
{ "type": "Feature", "properties": { "egid_int": 149919, "strasse": "Sihlfeldstrasse", "hausnummer": "166", "plz": 8004.0, "ortschaft": "Zürich", "baujahr": 1929.0, "grundflaeche_m2": 102.1595115, "gebaeudealter_2026": 97.0, "gebaeude_nutzung": "Gebäude Wohnen", "qualitaet": "AV93", "bev_pers_n": 265.0, "bev_dichte_pha": 265.0 }, "geometry": { "type": "Point", "coordinates": [ 8.515813720639139, 47.380925896092883 ] } },
{ "type": "Feature", "properties": { "egid_int": 149921, "strasse": "Hohlstrasse", "hausnummer": "212", "plz": 8004.0, "ortschaft": "Zürich", "baujahr": 1909.0, "grundflaeche_m2": 274.889741, "gebaeudealter_2026": 117.0, "gebaeude_nutzung": "Gebäude Wohnen", "qualitaet": "AV93", "bev_pers_n": 137.0, "bev_dichte_pha": 137.0 }, "geometry": { "type": "Point", "coordinates": [ 8.516839267051019, 47.382208545281323 ] } },
{ "type": "Feature", "properties": { "egid_int": 149922, "strasse": "Hohlstrasse", "hausnummer": "206", "plz": 8004.0, "ortschaft": "Zürich", "baujahr": 1908.0, "grundflaeche_m2": 207.3875913, "gebaeudealter_2026": 118.0, "gebaeude_nutzung": "Gebäude Wohnen", "qualitaet": "AV93", "bev_pers_n": 137.0, "bev_dichte_pha": 137.0 }, "geometry": { "type": "Point", "coordinates": [ 8.517092408615712, 47.381917368338058 ] } },
{ "type": "Feature", "properties": { "egid_int": 149923, "strasse": "Hohlstrasse", "hausnummer": "202", "plz": 8004.0, "ortschaft": "Zürich", "baujahr": 1908.0, "grundflaeche_m2": 203.687725035, "gebaeudealter_2026": 118.0, "gebaeude_nutzung": "Gebäude Wohnen", "qualitaet": "AV93", "bev_pers_n": 137.0, "bev_dichte_pha": 137.0 }, "geometry": { "type": "Point", "coordinates": [ 8.517081505159565, 47.381745699976314 ] } },
{ "type": "Feature", "properties": { "egid_int": 149924, "strasse": "Hohlstrasse", "hausnummer": "210", "plz": 8004.0, "ortschaft": "Zürich", "baujahr": 1909.0, "grundflaeche_m2": 193.792285, "gebaeudealter_2026": 117.0, "gebaeude_nutzung": "Gebäude Wohnen", "qualitaet": "AV93", "bev_pers_n": 137.0, "bev_dichte_pha": 137.0 }, "geometry": { "type": "Point", "coordinates": [ 8.517015746337412, 47.382105469550268 ] } },
{ "type": "Feature", "properties": { "egid_int": 149925, "strasse": "Hohlstrasse", "hausnummer": "204", "plz": 8004.0, "ortschaft": "Zürich", "baujahr": 1908.0, "grundflaeche_m2": 140.9629085, "gebaeudealter_2026": 118.0, "gebaeude_nutzung": "Gebäude Wohnen", "qualitaet": "AV93", "bev_pers_n": 137.0, "bev_dichte_pha": 137.0 }, "geometry": { "type": "Point", "coordinates": [ 8.51696200895419, 47.381813810790412 ] } },
{ "type": "Feature", "properties": { "egid_int": 149927, "strasse": "Hohlstrasse", "hausnummer": "176", "plz": 8004.0, "ortschaft": "Zürich", "baujahr": 1909.0, "grundflaeche_m2": 925.8027945, "gebaeudealter_2026": 117.0, "gebaeude_nutzung": "Gebäude Wohnen", "qualitaet": "AV93", "bev_pers_n": 155.0, "bev_dichte_pha": 155.0 }, "geometry": { "type": "Point", "coordinates": [ 8.519027819349118, 47.380883766555321 ] } },
{ "type": "Feature", "properties": { "egid_int": 149929, "strasse": "Hohlstrasse", "hausnummer": "214", "plz": 8004.0, "ortschaft": "Zürich", "baujahr": 1908.0, "grundflaeche_m2": 208.404699, "gebaeudealter_2026": 118.0, "gebaeude_nutzung": "Gebäude Wohnen", "qualitaet": "AV93", "bev_pers_n": 137.0, "bev_dichte_pha": 137.0 }, "geometry": { "type": "Point", "coordinates": [ 8.51670996156308, 47.382112605075633 ] } },
{ "type": "Feature", "properties": { "egid_int": 149933, "strasse": "Hohlstrasse", "hausnummer": "213", "plz": 8004.0, "ortschaft": "Zürich", "baujahr": 1926.0, "grundflaeche_m2": 194.010857, "gebaeudealter_2026": 100.0, "gebaeude_nutzung": "Gebäude Wohnen", "qualitaet": "AV93", "bev_pers_n": 186.0, "bev_dichte_pha": 186.0 }, "geometry": { "type": "Point", "coordinates": [ 8.516352549483191, 47.381712213405898 ] } },
{ "type": "Feature", "properties": { "egid_int": 149934, "strasse": "Hohlstrasse", "hausnummer": "215", "plz": 8004.0, "ortschaft": "Zürich", "baujahr": 1922.0, "grundflaeche_m2": 155.0089055, "gebaeudealter_2026": 104.0, "gebaeude_nutzung": "Gebäude Wohnen", "qualitaet": "AV93", "bev_pers_n": 186.0, "bev_dichte_pha": 186.0 }, "geometry": { "type": "Point", "coordinates": [ 8.516175553329573, 47.381798238277845 ] } },
{ "type": "Feature", "properties": { "egid_int": 149935, "strasse": "Hohlstrasse", "hausnummer": "217", "plz": 8004.0, "ortschaft": "Zürich", "baujahr": 1922.0, "grundflaeche_m2": 155.947264, "gebaeudealter_2026": 104.0, "gebaeude_nutzung": "Gebäude Wohnen", "qualitaet": "AV93", "bev_pers_n": 186.0, "bev_dichte_pha": 186.0 }, "geometry": { "type": "Point", "coordinates": [ 8.516032172832452, 47.381877904688103 ] } },
{ "type": "Feature", "properties": { "egid_int": 149936, "strasse": "Hohlstrasse", "hausnummer": "219", "plz": 8004.0, "ortschaft": "Zürich", "baujahr": 1911.0, "grundflaeche_m2": 181.3125805, "gebaeudealter_2026": 115.0, "gebaeude_nutzung": "Gebäude Wohnen", "qualitaet": "AV93", "bev_pers_n": 186.0, "bev_dichte_pha": 186.0 }, "geometry": { "type": "Point", "coordinates": [ 8.515880000972443, 47.381939365885636 ] } },
{ "type": "Feature", "properties": { "egid_int": 149937, "strasse": "Hohlstrasse", "hausnummer": "221", "plz": 8004.0, "ortschaft": "Zürich", "baujahr": 1909.0, "grundflaeche_m2": 142.482856, "gebaeudealter_2026": 117.0, "gebaeude_nutzung": "Gebäude Wohnen", "qualitaet": "AV93", "bev_pers_n": 186.0, "bev_dichte_pha": 186.0 }, "geometry": { "type": "Point", "coordinates": [ 8.515744143116381, 47.382013186939623 ] } },
{ "type": "Feature", "properties": { "egid_int": 149938, "strasse": "Sihlfeldstrasse", "hausnummer": "198", "plz": 8004.0, "ortschaft": "Zürich", "baujahr": 1922.0, "grundflaeche_m2": 192.276906, "gebaeudealter_2026": 104.0, "gebaeude_nutzung": "Gebäude Wohnen", "qualitaet": "AV93", "bev_pers_n": 186.0, "bev_dichte_pha": 186.0 }, "geometry": { "type": "Point", "coordinates": [ 8.515601434393453, 47.381720477103215 ] } },
{ "type": "Feature", "properties": { "egid_int": 149939, "strasse": "Sihlfeldstrasse", "hausnummer": "192", "plz": 8004.0, "ortschaft": "Zürich", "baujahr": 1922.0, "grundflaeche_m2": 192.4957515, "gebaeudealter_2026": 104.0, "gebaeude_nutzung": "Gebäude Wohnen", "qualitaet": "AV93", "bev_pers_n": 186.0, "bev_dichte_pha": 186.0 }, "geometry": { "type": "Point", "coordinates": [ 8.515655318943397, 47.381561049642741 ] } },
{ "type": "Feature", "properties": { "egid_int": 149941, "strasse": "Ernastrasse", "hausnummer": "18", "plz": 8004.0, "ortschaft": "Zürich", "baujahr": 1930.0, "grundflaeche_m2": 209.468377, "gebaeudealter_2026": 96.0, "gebaeude_nutzung": "Gebäude Wohnen", "qualitaet": "AV93", "bev_pers_n": 200.0, "bev_dichte_pha": 200.0 }, "geometry": { "type": "Point", "coordinates": [ 8.517174238024054, 47.380662689348902 ] } },
{ "type": "Feature", "properties": { "egid_int": 149942, "strasse": "Ernastrasse", "hausnummer": "20", "plz": 8004.0, "ortschaft": "Zürich", "baujahr": 1906.0, "grundflaeche_m2": 304.697586, "gebaeudealter_2026": 120.0, "gebaeude_nutzung": "Gebäude Wohnen", "qualitaet": "AV93", "bev_pers_n": 200.0, "bev_dichte_pha": 200.0 }, "geometry": { "type": "Point", "coordinates": [ 8.517013648683342, 47.380771301987643 ] } },
{ "type": "Feature", "properties": { "egid_int": 149943, "strasse": "Ernastrasse", "hausnummer": "26", "plz": 8004.0, "ortschaft": "Zürich", "baujahr": 1923.0, "grundflaeche_m2": 233.7359865, "gebaeudealter_2026": 103.0, "gebaeude_nutzung": "Gebäude Wohnen", "qualitaet": "AV93", "bev_pers_n": 265.0, "bev_dichte_pha": 265.0 }, "geometry": { "type": "Point", "coordinates": [ 8.516372334104021, 47.381090639365155 ] } },
{ "type": "Feature", "properties": { "egid_int": 149944, "strasse": "Ernastrasse", "hausnummer": "34", "plz": 8004.0, "ortschaft": "Zürich", "baujahr": 1922.0, "grundflaeche_m2": 203.09592951, "gebaeudealter_2026": 104.0, "gebaeude_nutzung": "Gebäude Wohnen", "qualitaet": "AV93", "bev_pers_n": 186.0, "bev_dichte_pha": 186.0 }, "geometry": { "type": "Point", "coordinates": [ 8.51572500869988, 47.381413060460801 ] } },
{ "type": "Feature", "properties": { "egid_int": 149945, "strasse": "Ernastrasse", "hausnummer": "35", "plz": 8004.0, "ortschaft": "Zürich", "baujahr": 1928.0, "grundflaeche_m2": 195.881656945, "gebaeudealter_2026": 98.0, "gebaeude_nutzung": "Gebäude Wohnen", "qualitaet": "AV93", "bev_pers_n": 265.0, "bev_dichte_pha": 265.0 }, "geometry": { "type": "Point", "coordinates": [ 8.51584421219407, 47.381049995826075 ] } },
{ "type": "Feature", "properties": { "egid_int": 149946, "strasse": "Ernastrasse", "hausnummer": "22", "plz": 8004.0, "ortschaft": "Zürich", "baujahr": 1906.0, "grundflaeche_m2": 1860.749832, "gebaeudealter_2026": 120.0, "gebaeude_nutzung": "Gebäude Wohnen", "qualitaet": "AV93", "bev_pers_n": 200.0, "bev_dichte_pha": 200.0 }, "geometry": { "type": "Point", "coordinates": [ 8.516648669025727, 47.380959566334319 ] } },
{ "type": "Feature", "properties": { "egid_int": 149947, "strasse": "Ernastrasse", "hausnummer": "19", "plz": 8004.0, "ortschaft": "Zürich", "baujahr": 1927.0, "grundflaeche_m2": 198.958065, "gebaeudealter_2026": 99.0, "gebaeude_nutzung": "Gebäude Wohnen", "qualitaet": "AV93", "bev_pers_n": 329.0, "bev_dichte_pha": 329.0 }, "geometry": { "type": "Point", "coordinates": [ 8.516997468627959, 47.38047430927265 ] } },
{ "type": "Feature", "properties": { "egid_int": 149948, "strasse": "Ernastrasse", "hausnummer": "25", "plz": 8004.0, "ortschaft": "Zürich", "baujahr": 1910.0, "grundflaeche_m2": 1058.8375775, "gebaeudealter_2026": 116.0, "gebaeude_nutzung": "Gebäude Wohnen", "qualitaet": "AV93", "bev_pers_n": 265.0, "bev_dichte_pha": 265.0 }, "geometry": { "type": "Point", "coordinates": [ 8.516546936710489, 47.380708293342153 ] } },
{ "type": "Feature", "properties": { "egid_int": 149949, "strasse": "Ernastrasse", "hausnummer": "27", "plz": 8004.0, "ortschaft": "Zürich", "baujahr": 1929.0, "grundflaeche_m2": 187.7787135, "gebaeudealter_2026": 97.0, "gebaeude_nutzung": "Gebäude Wohnen", "qualitaet": "AV93", "bev_pers_n": 265.0, "bev_dichte_pha": 265.0 }, "geometry": { "type": "Point", "coordinates": [ 8.516343009596612, 47.380812119219406 ] } },
{ "type": "Feature", "properties": { "egid_int": 149950, "strasse": "Ernastrasse", "hausnummer": "29", "plz": 8004.0, "ortschaft": "Zürich", "baujahr": 1929.0, "grundflaeche_m2": 165.940538, "gebaeudealter_2026": 97.0, "gebaeude_nutzung": "Gebäude Wohnen", "qualitaet": "AV93", "bev_pers_n": 265.0, "bev_dichte_pha": 265.0 }, "geometry": { "type": "Point", "coordinates": [ 8.516164273063405, 47.380903620378106 ] } },
{ "type": "Feature", "properties": { "egid_int": 149953, "strasse": "Zypressenstrasse", "hausnummer": "123", "plz": 8004.0, "ortschaft": "Zürich", "baujahr": 1927.0, "grundflaeche_m2": 637.467247, "gebaeudealter_2026": 99.0, "gebaeude_nutzung": "Gebäude Wohnen", "qualitaet": "AV93", "bev_pers_n": 329.0, "bev_dichte_pha": 329.0 }, "geometry": { "type": "Point", "coordinates": [ 8.516851198237672, 47.380346738922626 ] } },
{ "type": "Feature", "properties": { "egid_int": 149954, "strasse": "Stauffacherstrasse", "hausnummer": "234", "plz": 8004.0, "ortschaft": "Zürich", "baujahr": 1931.0, "grundflaeche_m2": 217.94369847499999, "gebaeudealter_2026": 95.0, "gebaeude_nutzung": "Gebäude Wohnen", "qualitaet": "AV93", "bev_pers_n": 329.0, "bev_dichte_pha": 329.0 }, "geometry": { "type": "Point", "coordinates": [ 8.51669602417261, 47.379780920764254 ] } },
{ "type": "Feature", "properties": { "egid_int": 149955, "strasse": "Zypressenstrasse", "hausnummer": "115", "plz": 8004.0, "ortschaft": "Zürich", "baujahr": 1927.0, "grundflaeche_m2": 199.9930205, "gebaeudealter_2026": 99.0, "gebaeude_nutzung": "Gebäude Wohnen", "qualitaet": "AV93", "bev_pers_n": 118.0, "bev_dichte_pha": 118.0 }, "geometry": { "type": "Point", "coordinates": [ 8.516300778699843, 47.379905115685709 ] } },
{ "type": "Feature", "properties": { "egid_int": 149957, "strasse": "Zypressenstrasse", "hausnummer": "118", "plz": 8004.0, "ortschaft": "Zürich", "baujahr": 1931.0, "grundflaeche_m2": 177.4249705, "gebaeudealter_2026": 95.0, "gebaeude_nutzung": "Gebäude Wohnen", "qualitaet": "AV93", "bev_pers_n": 329.0, "bev_dichte_pha": 329.0 }, "geometry": { "type": "Point", "coordinates": [ 8.516797969971806, 47.37991645187445 ] } },
{ "type": "Feature", "properties": { "egid_int": 149958, "strasse": "Zypressenstrasse", "hausnummer": "120", "plz": 8004.0, "ortschaft": "Zürich", "baujahr": 1931.0, "grundflaeche_m2": 197.068493, "gebaeudealter_2026": 95.0, "gebaeude_nutzung": "Gebäude Wohnen", "qualitaet": "AV93", "bev_pers_n": 329.0, "bev_dichte_pha": 329.0 }, "geometry": { "type": "Point", "coordinates": [ 8.516939927506426, 47.380018777355239 ] } },
{ "type": "Feature", "properties": { "egid_int": 149959, "strasse": "Zypressenstrasse", "hausnummer": "122", "plz": 8004.0, "ortschaft": "Zürich", "baujahr": 1931.0, "grundflaeche_m2": 197.903508, "gebaeudealter_2026": 95.0, "gebaeude_nutzung": "Gebäude Wohnen", "qualitaet": "AV93", "bev_pers_n": 329.0, "bev_dichte_pha": 329.0 }, "geometry": { "type": "Point", "coordinates": [ 8.517084462739117, 47.380122805657294 ] } },
{ "type": "Feature", "properties": { "egid_int": 149960, "strasse": "Zypressenstrasse", "hausnummer": "124", "plz": 8004.0, "ortschaft": "Zürich", "baujahr": 1931.0, "grundflaeche_m2": 113.7755795, "gebaeudealter_2026": 95.0, "gebaeude_nutzung": "Gebäude Wohnen", "qualitaet": "AV93", "bev_pers_n": 329.0, "bev_dichte_pha": 329.0 }, "geometry": { "type": "Point", "coordinates": [ 8.517193044814039, 47.380209898876466 ] } },
{ "type": "Feature", "properties": { "egid_int": 149961, "strasse": "Zypressenstrasse", "hausnummer": "126", "plz": 8004.0, "ortschaft": "Zürich", "baujahr": 1931.0, "grundflaeche_m2": 191.047118, "gebaeudealter_2026": 95.0, "gebaeude_nutzung": "Gebäude Wohnen", "qualitaet": "AV93", "bev_pers_n": 329.0, "bev_dichte_pha": 329.0 }, "geometry": { "type": "Point", "coordinates": [ 8.517294035528304, 47.380298789932375 ] } },
{ "type": "Feature", "properties": { "egid_int": 149962, "strasse": "Hohlstrasse", "hausnummer": "191", "plz": 8004.0, "ortschaft": "Zürich", "baujahr": 1929.0, "grundflaeche_m2": 172.56938951000001, "gebaeudealter_2026": 97.0, "gebaeude_nutzung": "Gebäude Wohnen", "qualitaet": "AV93", "bev_pers_n": 200.0, "bev_dichte_pha": 200.0 }, "geometry": { "type": "Point", "coordinates": [ 8.517733839625214, 47.381040987222221 ] } },
{ "type": "Feature", "properties": { "egid_int": 149963, "strasse": "Hohlstrasse", "hausnummer": "193", "plz": 8004.0, "ortschaft": "Zürich", "baujahr": 1929.0, "grundflaeche_m2": 106.882777, "gebaeudealter_2026": 97.0, "gebaeude_nutzung": "Gebäude Wohnen", "qualitaet": "AV93", "bev_pers_n": 200.0, "bev_dichte_pha": 200.0 }, "geometry": { "type": "Point", "coordinates": [ 8.517607701039497, 47.381092259015688 ] } },
{ "type": "Feature", "properties": { "egid_int": 149964, "strasse": "Hohlstrasse", "hausnummer": "195", "plz": 8004.0, "ortschaft": "Zürich", "baujahr": 1929.0, "grundflaeche_m2": 229.7949035, "gebaeudealter_2026": 97.0, "gebaeude_nutzung": "Gebäude Wohnen", "qualitaet": "AV93", "bev_pers_n": 200.0, "bev_dichte_pha": 200.0 }, "geometry": { "type": "Point", "coordinates": [ 8.51746648359066, 47.381152315759635 ] } },
{ "type": "Feature", "properties": { "egid_int": 149965, "strasse": "Zypressenstrasse", "hausnummer": "141", "plz": 8004.0, "ortschaft": "Zürich", "baujahr": 1930.0, "grundflaeche_m2": 162.5621775, "gebaeudealter_2026": 96.0, "gebaeude_nutzung": "Gebäude Wohnen", "qualitaet": "AV93", "bev_pers_n": 200.0, "bev_dichte_pha": 200.0 }, "geometry": { "type": "Point", "coordinates": [ 8.517350754264223, 47.380712870981014 ] } },
{ "type": "Feature", "properties": { "egid_int": 149966, "strasse": "Zypressenstrasse", "hausnummer": "143", "plz": 8004.0, "ortschaft": "Zürich", "baujahr": 1930.0, "grundflaeche_m2": 167.4685935, "gebaeudealter_2026": 96.0, "gebaeude_nutzung": "Gebäude Wohnen", "qualitaet": "AV93", "bev_pers_n": 200.0, "bev_dichte_pha": 200.0 }, "geometry": { "type": "Point", "coordinates": [ 8.517482497807659, 47.380813564113602 ] } },
{ "type": "Feature", "properties": { "egid_int": 149967, "strasse": "Zypressenstrasse", "hausnummer": "144", "plz": 8004.0, "ortschaft": "Zürich", "baujahr": 1910.0, "grundflaeche_m2": 167.414523, "gebaeudealter_2026": 116.0, "gebaeude_nutzung": "Gebäude Wohnen", "qualitaet": "AV93", "bev_pers_n": 155.0, "bev_dichte_pha": 155.0 }, "geometry": { "type": "Point", "coordinates": [ 8.517893685721537, 47.380761635747447 ] } },
{ "type": "Feature", "properties": { "egid_int": 149968, "strasse": "Zypressenstrasse", "hausnummer": "145", "plz": 8004.0, "ortschaft": "Zürich", "baujahr": 1930.0, "grundflaeche_m2": 167.297979, "gebaeudealter_2026": 96.0, "gebaeude_nutzung": "Gebäude Wohnen", "qualitaet": "AV93", "bev_pers_n": 200.0, "bev_dichte_pha": 200.0 }, "geometry": { "type": "Point", "coordinates": [ 8.517611642924811, 47.380910827251682 ] } },
{ "type": "Feature", "properties": { "egid_int": 149969, "strasse": "Zypressenstrasse", "hausnummer": "146", "plz": 8004.0, "ortschaft": "Zürich", "baujahr": 1910.0, "grundflaeche_m2": 92.930622305, "gebaeudealter_2026": 116.0, "gebaeude_nutzung": "Gebäude Wohnen", "qualitaet": "AV93", "bev_pers_n": 155.0, "bev_dichte_pha": 155.0 }, "geometry": { "type": "Point", "coordinates": [ 8.517991899708152, 47.380850633094504 ] } },
{ "type": "Feature", "properties": { "egid_int": 149970, "strasse": "Stauffacherstrasse", "hausnummer": "218", "plz": 8004.0, "ortschaft": "Zürich", "baujahr": 1931.0, "grundflaeche_m2": 112.4312465, "gebaeudealter_2026": 95.0, "gebaeude_nutzung": "Gebäude Wohnen", "qualitaet": "AV93", "bev_pers_n": 244.0, "bev_dichte_pha": 244.0 }, "geometry": { "type": "Point", "coordinates": [ 8.518177266489593, 47.379326553784963 ] } },
{ "type": "Feature", "properties": { "egid_int": 149971, "strasse": "Stauffacherstrasse", "hausnummer": "220", "plz": 8004.0, "ortschaft": "Zürich", "baujahr": 1931.0, "grundflaeche_m2": 196.473645, "gebaeudealter_2026": 95.0, "gebaeude_nutzung": "Gebäude Wohnen", "qualitaet": "AV93", "bev_pers_n": 244.0, "bev_dichte_pha": 244.0 }, "geometry": { "type": "Point", "coordinates": [ 8.518028204590518, 47.379376313259975 ] } },
{ "type": "Feature", "properties": { "egid_int": 149972, "strasse": "Stauffacherstrasse", "hausnummer": "222", "plz": 8004.0, "ortschaft": "Zürich", "baujahr": 1931.0, "grundflaeche_m2": 199.6595425, "gebaeudealter_2026": 95.0, "gebaeude_nutzung": "Gebäude Wohnen", "qualitaet": "AV93", "bev_pers_n": 268.0, "bev_dichte_pha": 268.0 }, "geometry": { "type": "Point", "coordinates": [ 8.517836135333916, 47.379436845656684 ] } },
{ "type": "Feature", "properties": { "egid_int": 149973, "strasse": "Stauffacherstrasse", "hausnummer": "224", "plz": 8004.0, "ortschaft": "Zürich", "baujahr": 1931.0, "grundflaeche_m2": 197.159525, "gebaeudealter_2026": 95.0, "gebaeude_nutzung": "Gebäude Wohnen", "qualitaet": "AV93", "bev_pers_n": 268.0, "bev_dichte_pha": 268.0 }, "geometry": { "type": "Point", "coordinates": [ 8.517636530724753, 47.379502629282896 ] } },
{ "type": "Feature", "properties": { "egid_int": 149974, "strasse": "Stauffacherstrasse", "hausnummer": "226", "plz": 8004.0, "ortschaft": "Zürich", "baujahr": 1931.0, "grundflaeche_m2": 199.382815, "gebaeudealter_2026": 95.0, "gebaeude_nutzung": "Gebäude Wohnen", "qualitaet": "AV93", "bev_pers_n": 268.0, "bev_dichte_pha": 268.0 }, "geometry": { "type": "Point", "coordinates": [ 8.517439354485205, 47.379561481650569 ] } },
{ "type": "Feature", "properties": { "egid_int": 149975, "strasse": "Stauffacherstrasse", "hausnummer": "228", "plz": 8004.0, "ortschaft": "Zürich", "baujahr": 1931.0, "grundflaeche_m2": 161.649935, "gebaeudealter_2026": 95.0, "gebaeude_nutzung": "Gebäude Wohnen", "qualitaet": "AV93", "bev_pers_n": 329.0, "bev_dichte_pha": 329.0 }, "geometry": { "type": "Point", "coordinates": [ 8.517264869539336, 47.379611486525583 ] } },
{ "type": "Feature", "properties": { "egid_int": 149976, "strasse": "Stauffacherstrasse", "hausnummer": "230", "plz": 8004.0, "ortschaft": "Zürich", "baujahr": 1931.0, "grundflaeche_m2": 197.1824575, "gebaeudealter_2026": 95.0, "gebaeude_nutzung": "Gebäude Wohnen", "qualitaet": "AV93", "bev_pers_n": 329.0, "bev_dichte_pha": 329.0 }, "geometry": { "type": "Point", "coordinates": [ 8.517085369581872, 47.379664983069617 ] } },
{ "type": "Feature", "properties": { "egid_int": 149977, "strasse": "Stauffacherstrasse", "hausnummer": "232", "plz": 8004.0, "ortschaft": "Zürich", "baujahr": 1930.0, "grundflaeche_m2": 196.0151925, "gebaeudealter_2026": 96.0, "gebaeude_nutzung": "Gebäude Wohnen", "qualitaet": "AV93", "bev_pers_n": 329.0, "bev_dichte_pha": 329.0 }, "geometry": { "type": "Point", "coordinates": [ 8.51688563669776, 47.379723858344228 ] } },
{ "type": "Feature", "properties": { "egid_int": 149978, "strasse": "Ernastrasse", "hausnummer": "17", "plz": 8004.0, "ortschaft": "Zürich", "baujahr": 1931.0, "grundflaeche_m2": 165.4186045, "gebaeudealter_2026": 95.0, "gebaeude_nutzung": "Gebäude Wohnen", "qualitaet": "AV93", "bev_pers_n": 329.0, "bev_dichte_pha": 329.0 }, "geometry": { "type": "Point", "coordinates": [ 8.517485841943994, 47.380224435489311 ] } },
{ "type": "Feature", "properties": { "egid_int": 149979, "strasse": "Ernastrasse", "hausnummer": "15", "plz": 8004.0, "ortschaft": "Zürich", "baujahr": 1931.0, "grundflaeche_m2": 165.741969, "gebaeudealter_2026": 95.0, "gebaeude_nutzung": "Gebäude Wohnen", "qualitaet": "AV93", "bev_pers_n": 329.0, "bev_dichte_pha": 329.0 }, "geometry": { "type": "Point", "coordinates": [ 8.517629389379174, 47.380153994575366 ] } },
{ "type": "Feature", "properties": { "egid_int": 149980, "strasse": "Ernastrasse", "hausnummer": "13", "plz": 8004.0, "ortschaft": "Zürich", "baujahr": 1890.0, "grundflaeche_m2": 267.7436065, "gebaeudealter_2026": 136.0, "gebaeude_nutzung": "Gebäude Wohnen", "qualitaet": "AV93", "bev_pers_n": 329.0, "bev_dichte_pha": 329.0 }, "geometry": { "type": "Point", "coordinates": [ 8.517606548080378, 47.379779319499583 ] } },
{ "type": "Feature", "properties": { "egid_int": 149981, "strasse": "Ernastrasse", "hausnummer": "11", "plz": 8004.0, "ortschaft": "Zürich", "baujahr": 1931.0, "grundflaeche_m2": 186.7263, "gebaeudealter_2026": 95.0, "gebaeude_nutzung": "Gebäude Wohnen", "qualitaet": "AV93", "bev_pers_n": 329.0, "bev_dichte_pha": 329.0 }, "geometry": { "type": "Point", "coordinates": [ 8.517803141349804, 47.380067718815923 ] } },
{ "type": "Feature", "properties": { "egid_int": 149982, "strasse": "Ernastrasse", "hausnummer": "9", "plz": 8004.0, "ortschaft": "Zürich", "baujahr": 1931.0, "grundflaeche_m2": 187.3315325, "gebaeudealter_2026": 95.0, "gebaeude_nutzung": "Gebäude Wohnen", "qualitaet": "AV93", "bev_pers_n": 205.0, "bev_dichte_pha": 205.0 }, "geometry": { "type": "Point", "coordinates": [ 8.517966723935332, 47.379981537799111 ] } },
{ "type": "Feature", "properties": { "egid_int": 149983, "strasse": "Ernastrasse", "hausnummer": "7", "plz": 8004.0, "ortschaft": "Zürich", "baujahr": 1930.0, "grundflaeche_m2": 185.417073, "gebaeudealter_2026": 96.0, "gebaeude_nutzung": "Gebäude Wohnen", "qualitaet": "AV93", "bev_pers_n": 205.0, "bev_dichte_pha": 205.0 }, "geometry": { "type": "Point", "coordinates": [ 8.518142912075746, 47.379890057579473 ] } },
{ "type": "Feature", "properties": { "egid_int": 149984, "strasse": "Ernastrasse", "hausnummer": "5", "plz": 8004.0, "ortschaft": "Zürich", "baujahr": 1931.0, "grundflaeche_m2": 186.14868, "gebaeudealter_2026": 95.0, "gebaeude_nutzung": "Gebäude Wohnen", "qualitaet": "AV93", "bev_pers_n": 205.0, "bev_dichte_pha": 205.0 }, "geometry": { "type": "Point", "coordinates": [ 8.518311599698439, 47.379805555413093 ] } },
{ "type": "Feature", "properties": { "egid_int": 149985, "strasse": "Ernastrasse", "hausnummer": "3", "plz": 8004.0, "ortschaft": "Zürich", "baujahr": 1930.0, "grundflaeche_m2": 185.123204, "gebaeudealter_2026": 96.0, "gebaeude_nutzung": "Gebäude Wohnen", "qualitaet": "AV93", "bev_pers_n": 205.0, "bev_dichte_pha": 205.0 }, "geometry": { "type": "Point", "coordinates": [ 8.518477758015734, 47.379721085630443 ] } },
{ "type": "Feature", "properties": { "egid_int": 149986, "strasse": "Ernastrasse", "hausnummer": "1", "plz": 8004.0, "ortschaft": "Zürich", "baujahr": 1931.0, "grundflaeche_m2": 207.873094, "gebaeudealter_2026": 95.0, "gebaeude_nutzung": "Gebäude Wohnen", "qualitaet": "AV93", "bev_pers_n": 205.0, "bev_dichte_pha": 205.0 }, "geometry": { "type": "Point", "coordinates": [ 8.518666816890594, 47.379638110574469 ] } },
{ "type": "Feature", "properties": { "egid_int": 149987, "strasse": "Stüdliweg", "hausnummer": "6", "plz": 8004.0, "ortschaft": "Zürich", "baujahr": 1932.0, "grundflaeche_m2": 104.448277, "gebaeudealter_2026": 94.0, "gebaeude_nutzung": "Gebäude Wohnen", "qualitaet": "AV93", "bev_pers_n": 205.0, "bev_dichte_pha": 205.0 }, "geometry": { "type": "Point", "coordinates": [ 8.518372966798758, 47.38044937225321 ] } },
{ "type": "Feature", "properties": { "egid_int": 149988, "strasse": "Stüdliweg", "hausnummer": "8", "plz": 8004.0, "ortschaft": "Zürich", "baujahr": 1932.0, "grundflaeche_m2": 168.244466, "gebaeudealter_2026": 94.0, "gebaeude_nutzung": "Gebäude Wohnen", "qualitaet": "AV93", "bev_pers_n": 205.0, "bev_dichte_pha": 205.0 }, "geometry": { "type": "Point", "coordinates": [ 8.518277058445118, 47.380360434629019 ] } },
{ "type": "Feature", "properties": { "egid_int": 149989, "strasse": "Stüdliweg", "hausnummer": "10", "plz": 8004.0, "ortschaft": "Zürich", "baujahr": 1932.0, "grundflaeche_m2": 181.4232715, "gebaeudealter_2026": 94.0, "gebaeude_nutzung": "Gebäude Wohnen", "qualitaet": "AV93", "bev_pers_n": 205.0, "bev_dichte_pha": 205.0 }, "geometry": { "type": "Point", "coordinates": [ 8.518192440187235, 47.380200555079547 ] } },
{ "type": "Feature", "properties": { "egid_int": 149990, "strasse": "Ernastrasse", "hausnummer": "10", "plz": 8004.0, "ortschaft": "Zürich", "baujahr": 1932.0, "grundflaeche_m2": 179.594628, "gebaeudealter_2026": 94.0, "gebaeude_nutzung": "Gebäude Wohnen", "qualitaet": "AV93", "bev_pers_n": 205.0, "bev_dichte_pha": 205.0 }, "geometry": { "type": "Point", "coordinates": [ 8.518025475598266, 47.38024530963299 ] } },
{ "type": "Feature", "properties": { "egid_int": 149991, "strasse": "Ernastrasse", "hausnummer": "12", "plz": 8004.0, "ortschaft": "Zürich", "baujahr": 1932.0, "grundflaeche_m2": 179.9729215, "gebaeudealter_2026": 94.0, "gebaeude_nutzung": "Gebäude Wohnen", "qualitaet": "AV93", "bev_pers_n": 329.0, "bev_dichte_pha": 329.0 }, "geometry": { "type": "Point", "coordinates": [ 8.517856807853081, 47.380331538224389 ] } },
{ "type": "Feature", "properties": { "egid_int": 149992, "strasse": "Ernastrasse", "hausnummer": "16", "plz": 8004.0, "ortschaft": "Zürich", "baujahr": 1932.0, "grundflaeche_m2": 101.0374635, "gebaeudealter_2026": 94.0, "gebaeude_nutzung": "Gebäude Wohnen", "qualitaet": "AV93", "bev_pers_n": 329.0, "bev_dichte_pha": 329.0 }, "geometry": { "type": "Point", "coordinates": [ 8.517715802465926, 47.380401955671353 ] } },
{ "type": "Feature", "properties": { "egid_int": 149993, "strasse": "Zypressenstrasse", "hausnummer": "138", "plz": 8004.0, "ortschaft": "Zürich", "baujahr": 1909.0, "grundflaeche_m2": 195.979537, "gebaeudealter_2026": 117.0, "gebaeude_nutzung": "Gebäude Wohnen", "qualitaet": "AV93", "bev_pers_n": 200.0, "bev_dichte_pha": 200.0 }, "geometry": { "type": "Point", "coordinates": [ 8.517542328903733, 47.38050204513641 ] } },
{ "type": "Feature", "properties": { "egid_int": 149994, "strasse": "Zypressenstrasse", "hausnummer": "140", "plz": 8004.0, "ortschaft": "Zürich", "baujahr": 1909.0, "grundflaeche_m2": 163.938706, "gebaeudealter_2026": 117.0, "gebaeude_nutzung": "Gebäude Wohnen", "qualitaet": "AV93", "bev_pers_n": 200.0, "bev_dichte_pha": 200.0 }, "geometry": { "type": "Point", "coordinates": [ 8.517655822176092, 47.380580456772329 ] } },
{ "type": "Feature", "properties": { "egid_int": 149995, "strasse": "Zypressenstrasse", "hausnummer": "142", "plz": 8004.0, "ortschaft": "Zürich", "baujahr": 1910.0, "grundflaeche_m2": 175.4236855, "gebaeudealter_2026": 116.0, "gebaeude_nutzung": "Gebäude Wohnen", "qualitaet": "AV93", "bev_pers_n": 200.0, "bev_dichte_pha": 200.0 }, "geometry": { "type": "Point", "coordinates": [ 8.517772150962305, 47.380672658268473 ] } },
{ "type": "Feature", "properties": { "egid_int": 149998, "strasse": "Hohlstrasse", "hausnummer": "169", "plz": 8004.0, "ortschaft": "Zürich", "baujahr": 1960.0, "grundflaeche_m2": 177.2984735, "gebaeudealter_2026": 66.0, "gebaeude_nutzung": "Gebäude Wohnen", "qualitaet": "AV93", "bev_pers_n": 205.0, "bev_dichte_pha": 205.0 }, "geometry": { "type": "Point", "coordinates": [ 8.519171604361659, 47.380448804419181 ] } },
{ "type": "Feature", "properties": { "egid_int": 149999, "strasse": "Hohlstrasse", "hausnummer": "171", "plz": 8004.0, "ortschaft": "Zürich", "baujahr": 1932.0, "grundflaeche_m2": 233.6923345, "gebaeudealter_2026": 94.0, "gebaeude_nutzung": "Gebäude Wohnen", "qualitaet": "AV93", "bev_pers_n": 155.0, "bev_dichte_pha": 155.0 }, "geometry": { "type": "Point", "coordinates": [ 8.51897479809158, 47.380526653548834 ] } },
{ "type": "Feature", "properties": { "egid_int": 150000, "strasse": "Hohlstrasse", "hausnummer": "175", "plz": 8004.0, "ortschaft": "Zürich", "baujahr": 1932.0, "grundflaeche_m2": 165.780594, "gebaeudealter_2026": 94.0, "gebaeude_nutzung": "Gebäude Wohnen", "qualitaet": "AV93", "bev_pers_n": 155.0, "bev_dichte_pha": 155.0 }, "geometry": { "type": "Point", "coordinates": [ 8.518767949227339, 47.380611513456422 ] } },
{ "type": "Feature", "properties": { "egid_int": 150001, "strasse": "Hohlstrasse", "hausnummer": "177", "plz": 8004.0, "ortschaft": "Zürich", "baujahr": 1932.0, "grundflaeche_m2": 192.585571, "gebaeudealter_2026": 94.0, "gebaeude_nutzung": "Gebäude Wohnen", "qualitaet": "AV93", "bev_pers_n": 155.0, "bev_dichte_pha": 155.0 }, "geometry": { "type": "Point", "coordinates": [ 8.51860643162828, 47.380673497478469 ] } },
{ "type": "Feature", "properties": { "egid_int": 150002, "strasse": "Hohlstrasse", "hausnummer": "185", "plz": 8004.0, "ortschaft": "Zürich", "baujahr": 1932.0, "grundflaeche_m2": 191.409302, "gebaeudealter_2026": 94.0, "gebaeude_nutzung": "Gebäude Wohnen", "qualitaet": "AV93", "bev_pers_n": 155.0, "bev_dichte_pha": 155.0 }, "geometry": { "type": "Point", "coordinates": [ 8.518457751376232, 47.380742260514261 ] } },
{ "type": "Feature", "properties": { "egid_int": 150003, "strasse": "Hohlstrasse", "hausnummer": "187", "plz": 8004.0, "ortschaft": "Zürich", "baujahr": 1932.0, "grundflaeche_m2": 223.533797, "gebaeudealter_2026": 94.0, "gebaeude_nutzung": "Gebäude Wohnen", "qualitaet": "AV93", "bev_pers_n": 155.0, "bev_dichte_pha": 155.0 }, "geometry": { "type": "Point", "coordinates": [ 8.518298670142688, 47.380799031156634 ] } },
{ "type": "Feature", "properties": { "egid_int": 150004, "strasse": "Hohlstrasse", "hausnummer": "189", "plz": 8004.0, "ortschaft": "Zürich", "baujahr": 1910.0, "grundflaeche_m2": 178.39084975, "gebaeudealter_2026": 116.0, "gebaeude_nutzung": "Gebäude Wohnen", "qualitaet": "AV93", "bev_pers_n": 155.0, "bev_dichte_pha": 155.0 }, "geometry": { "type": "Point", "coordinates": [ 8.518118887988415, 47.380874704793328 ] } },
{ "type": "Feature", "properties": { "egid_int": 150005, "strasse": "Stüdliweg", "hausnummer": "3", "plz": 8004.0, "ortschaft": "Zürich", "baujahr": 1932.0, "grundflaeche_m2": 155.3249795, "gebaeudealter_2026": 94.0, "gebaeude_nutzung": "Gebäude Wohnen", "qualitaet": "AV93", "bev_pers_n": 205.0, "bev_dichte_pha": 205.0 }, "geometry": { "type": "Point", "coordinates": [ 8.518880625675086, 47.380397968863441 ] } },
{ "type": "Feature", "properties": { "egid_int": 150006, "strasse": "Stüdliweg", "hausnummer": "4", "plz": 8004.0, "ortschaft": "Zürich", "baujahr": 1932.0, "grundflaeche_m2": 166.9127905, "gebaeudealter_2026": 94.0, "gebaeude_nutzung": "Gebäude Wohnen", "qualitaet": "AV93", "bev_pers_n": 155.0, "bev_dichte_pha": 155.0 }, "geometry": { "type": "Point", "coordinates": [ 8.518468713605756, 47.380529667026082 ] } },
{ "type": "Feature", "properties": { "egid_int": 150007, "strasse": "Stüdliweg", "hausnummer": "5", "plz": 8004.0, "ortschaft": "Zürich", "baujahr": 1931.0, "grundflaeche_m2": 179.7266505, "gebaeudealter_2026": 95.0, "gebaeude_nutzung": "Gebäude Wohnen", "qualitaet": "AV93", "bev_pers_n": 205.0, "bev_dichte_pha": 205.0 }, "geometry": { "type": "Point", "coordinates": [ 8.518764050608251, 47.380293681363398 ] } },
{ "type": "Feature", "properties": { "egid_int": 150008, "strasse": "Stüdliweg", "hausnummer": "7", "plz": 8004.0, "ortschaft": "Zürich", "baujahr": 1932.0, "grundflaeche_m2": 180.593943, "gebaeudealter_2026": 94.0, "gebaeude_nutzung": "Gebäude Wohnen", "qualitaet": "AV93", "bev_pers_n": 205.0, "bev_dichte_pha": 205.0 }, "geometry": { "type": "Point", "coordinates": [ 8.518644771888335, 47.380180774738733 ] } },
{ "type": "Feature", "properties": { "egid_int": 150009, "strasse": "Stüdliweg", "hausnummer": "9", "plz": 8004.0, "ortschaft": "Zürich", "baujahr": 1932.0, "grundflaeche_m2": 182.828923, "gebaeudealter_2026": 94.0, "gebaeude_nutzung": "Gebäude Wohnen", "qualitaet": "AV93", "bev_pers_n": 205.0, "bev_dichte_pha": 205.0 }, "geometry": { "type": "Point", "coordinates": [ 8.518439180509725, 47.380077310071599 ] } },
{ "type": "Feature", "properties": { "egid_int": 150010, "strasse": "Erismannstrasse", "hausnummer": "6", "plz": 8004.0, "ortschaft": "Zürich", "baujahr": 1931.0, "grundflaeche_m2": 737.748089, "gebaeudealter_2026": 95.0, "gebaeude_nutzung": "Gebäude Verwaltung", "qualitaet": "AV93", "bev_pers_n": 205.0, "bev_dichte_pha": 205.0 }, "geometry": { "type": "Point", "coordinates": [ 8.519045532245867, 47.380126924786687 ] } },
{ "type": "Feature", "properties": { "egid_int": 150011, "strasse": "Ernastrasse", "hausnummer": "6", "plz": 8004.0, "ortschaft": "Zürich", "baujahr": 1932.0, "grundflaeche_m2": 158.654755, "gebaeudealter_2026": 94.0, "gebaeude_nutzung": "Gebäude Wohnen", "qualitaet": "AV93", "bev_pers_n": 205.0, "bev_dichte_pha": 205.0 }, "geometry": { "type": "Point", "coordinates": [ 8.518536428343255, 47.379981385900763 ] } },
{ "type": "Feature", "properties": { "egid_int": 150012, "strasse": "Erismannhof", "hausnummer": "2", "plz": 8004.0, "ortschaft": "Zürich", "baujahr": 1928.0, "grundflaeche_m2": 187.3419895, "gebaeudealter_2026": 98.0, "gebaeude_nutzung": "Gebäude Wohnen", "qualitaet": "AV93", "bev_pers_n": 160.0, "bev_dichte_pha": 160.0 }, "geometry": { "type": "Point", "coordinates": [ 8.519761051662389, 47.380166879455956 ] } },
{ "type": "Feature", "properties": { "egid_int": 150013, "strasse": "Erismannhof", "hausnummer": "4", "plz": 8004.0, "ortschaft": "Zürich", "baujahr": 1928.0, "grundflaeche_m2": 162.214173, "gebaeudealter_2026": 98.0, "gebaeude_nutzung": "Gebäude Wohnen", "qualitaet": "AV93", "bev_pers_n": 160.0, "bev_dichte_pha": 160.0 }, "geometry": { "type": "Point", "coordinates": [ 8.519626154217175, 47.38003684041351 ] } },
{ "type": "Feature", "properties": { "egid_int": 150014, "strasse": "Erismannhof", "hausnummer": "10", "plz": 8004.0, "ortschaft": "Zürich", "baujahr": 1928.0, "grundflaeche_m2": 187.546829, "gebaeudealter_2026": 98.0, "gebaeude_nutzung": "Gebäude Wohnen", "qualitaet": "AV93", "bev_pers_n": 244.0, "bev_dichte_pha": 244.0 }, "geometry": { "type": "Point", "coordinates": [ 8.519133149422371, 47.379556005292756 ] } },
{ "type": "Feature", "properties": { "egid_int": 150015, "strasse": "Erismannhof", "hausnummer": "12", "plz": 8004.0, "ortschaft": "Zürich", "baujahr": 1928.0, "grundflaeche_m2": 161.2691745, "gebaeudealter_2026": 98.0, "gebaeude_nutzung": "Gebäude Wohnen", "qualitaet": "AV93", "bev_pers_n": 244.0, "bev_dichte_pha": 244.0 }, "geometry": { "type": "Point", "coordinates": [ 8.519006056784693, 47.379434536816873 ] } },
{ "type": "Feature", "properties": { "egid_int": 150016, "strasse": "Erismannhof", "hausnummer": "14", "plz": 8004.0, "ortschaft": "Zürich", "baujahr": 1928.0, "grundflaeche_m2": 161.801859, "gebaeudealter_2026": 98.0, "gebaeude_nutzung": "Gebäude Wohnen", "qualitaet": "AV93", "bev_pers_n": 244.0, "bev_dichte_pha": 244.0 }, "geometry": { "type": "Point", "coordinates": [ 8.51887889473158, 47.379309614734581 ] } },
{ "type": "Feature", "properties": { "egid_int": 150017, "strasse": "Erismannhof", "hausnummer": "16", "plz": 8004.0, "ortschaft": "Zürich", "baujahr": 1928.0, "grundflaeche_m2": 187.736959, "gebaeudealter_2026": 98.0, "gebaeude_nutzung": "Gebäude Wohnen", "qualitaet": "AV93", "bev_pers_n": 244.0, "bev_dichte_pha": 244.0 }, "geometry": { "type": "Point", "coordinates": [ 8.518744058539999, 47.379183037206239 ] } },
{ "type": "Feature", "properties": { "egid_int": 150018, "strasse": "Erismannstrasse", "hausnummer": "20", "plz": 8004.0, "ortschaft": "Zürich", "baujahr": 1931.0, "grundflaeche_m2": 169.421919, "gebaeudealter_2026": 95.0, "gebaeude_nutzung": "Gebäude Wohnen", "qualitaet": "AV93", "bev_pers_n": 244.0, "bev_dichte_pha": 244.0 }, "geometry": { "type": "Point", "coordinates": [ 8.51857264678971, 47.379509425602649 ] } },
{ "type": "Feature", "properties": { "egid_int": 150019, "strasse": "Erismannstrasse", "hausnummer": "22", "plz": 8004.0, "ortschaft": "Zürich", "baujahr": 1931.0, "grundflaeche_m2": 170.717218, "gebaeudealter_2026": 95.0, "gebaeude_nutzung": "Gebäude Wohnen", "qualitaet": "AV93", "bev_pers_n": 244.0, "bev_dichte_pha": 244.0 }, "geometry": { "type": "Point", "coordinates": [ 8.518466186071999, 47.379401580134328 ] } },
{ "type": "Feature", "properties": { "egid_int": 150020, "strasse": "Erismannstrasse", "hausnummer": "24", "plz": 8004.0, "ortschaft": "Zürich", "baujahr": 1931.0, "grundflaeche_m2": 196.647471, "gebaeudealter_2026": 95.0, "gebaeude_nutzung": "Gebäude Wohnen", "qualitaet": "AV93", "bev_pers_n": 244.0, "bev_dichte_pha": 244.0 }, "geometry": { "type": "Point", "coordinates": [ 8.518339165284186, 47.379283564380557 ] } },
{ "type": "Feature", "properties": { "egid_int": 150021, "strasse": "Stauffacherstrasse", "hausnummer": "196", "plz": 8004.0, "ortschaft": "Zürich", "baujahr": 1928.0, "grundflaeche_m2": 163.4378545, "gebaeudealter_2026": 98.0, "gebaeude_nutzung": "Gebäude Wohnen", "qualitaet": "AV93", "bev_pers_n": 121.0, "bev_dichte_pha": 121.0 }, "geometry": { "type": "Point", "coordinates": [ 8.519197732033071, 47.378978392841923 ] } },
{ "type": "Feature", "properties": { "egid_int": 150022, "strasse": "Stauffacherstrasse", "hausnummer": "198", "plz": 8004.0, "ortschaft": "Zürich", "baujahr": 1928.0, "grundflaeche_m2": 165.4194965, "gebaeudealter_2026": 98.0, "gebaeude_nutzung": "Gebäude Wohnen", "qualitaet": "AV93", "bev_pers_n": 244.0, "bev_dichte_pha": 244.0 }, "geometry": { "type": "Point", "coordinates": [ 8.519006107320733, 47.379061374819251 ] } },
{ "type": "Feature", "properties": { "egid_int": 150023, "strasse": "Seebahnstrasse", "hausnummer": "251", "plz": 8004.0, "ortschaft": "Zürich", "baujahr": 1928.0, "grundflaeche_m2": 152.398065, "gebaeudealter_2026": 98.0, "gebaeude_nutzung": "Gebäude Wohnen", "qualitaet": "AV93", "bev_pers_n": 121.0, "bev_dichte_pha": 121.0 }, "geometry": { "type": "Point", "coordinates": [ 8.519440234041886, 47.378896652614578 ] } },
{ "type": "Feature", "properties": { "egid_int": 150024, "strasse": "Seebahnstrasse", "hausnummer": "253", "plz": 8004.0, "ortschaft": "Zürich", "baujahr": 1928.0, "grundflaeche_m2": 162.7824475, "gebaeudealter_2026": 98.0, "gebaeude_nutzung": "Gebäude Wohnen", "qualitaet": "AV93", "bev_pers_n": 121.0, "bev_dichte_pha": 121.0 }, "geometry": { "type": "Point", "coordinates": [ 8.519554497293507, 47.379013059496621 ] } },
{ "type": "Feature", "properties": { "egid_int": 150025, "strasse": "Seebahnstrasse", "hausnummer": "255", "plz": 8004.0, "ortschaft": "Zürich", "baujahr": 1928.0, "grundflaeche_m2": 163.4088975, "gebaeudealter_2026": 98.0, "gebaeude_nutzung": "Gebäude Wohnen", "qualitaet": "AV93", "bev_pers_n": 121.0, "bev_dichte_pha": 121.0 }, "geometry": { "type": "Point", "coordinates": [ 8.519674103776124, 47.379141505675037 ] } },
{ "type": "Feature", "properties": { "egid_int": 150026, "strasse": "Seebahnstrasse", "hausnummer": "257", "plz": 8004.0, "ortschaft": "Zürich", "baujahr": 1928.0, "grundflaeche_m2": 154.1395175, "gebaeudealter_2026": 98.0, "gebaeude_nutzung": "Gebäude Wohnen", "qualitaet": "AV93", "bev_pers_n": 121.0, "bev_dichte_pha": 121.0 }, "geometry": { "type": "Point", "coordinates": [ 8.519790888447798, 47.379256161670561 ] } },
{ "type": "Feature", "properties": { "egid_int": 150027, "strasse": "Seebahnstrasse", "hausnummer": "261", "plz": 8004.0, "ortschaft": "Zürich", "baujahr": 1928.0, "grundflaeche_m2": 190.4778015, "gebaeudealter_2026": 98.0, "gebaeude_nutzung": "Gebäude Wohnen", "qualitaet": "AV93", "bev_pers_n": 121.0, "bev_dichte_pha": 121.0 }, "geometry": { "type": "Point", "coordinates": [ 8.519990872017939, 47.379459872821236 ] } },
{ "type": "Feature", "properties": { "egid_int": 150028, "strasse": "Erismannhof", "hausnummer": "6", "plz": 8004.0, "ortschaft": "Zürich", "baujahr": 1928.0, "grundflaeche_m2": 161.0971045, "gebaeudealter_2026": 98.0, "gebaeude_nutzung": "Gebäude Wohnen", "qualitaet": "AV93", "bev_pers_n": 160.0, "bev_dichte_pha": 160.0 }, "geometry": { "type": "Point", "coordinates": [ 8.519499059307492, 47.379915372498459 ] } },
{ "type": "Feature", "properties": { "egid_int": 150029, "strasse": "Erismannhof", "hausnummer": "8", "plz": 8004.0, "ortschaft": "Zürich", "baujahr": 1928.0, "grundflaeche_m2": 188.5994815, "gebaeudealter_2026": 98.0, "gebaeude_nutzung": "Gebäude Wohnen", "qualitaet": "AV93", "bev_pers_n": 160.0, "bev_dichte_pha": 160.0 }, "geometry": { "type": "Point", "coordinates": [ 8.519369352753987, 47.379790474760199 ] } },
{ "type": "Feature", "properties": { "egid_int": 150030, "strasse": "Seebahnstrasse", "hausnummer": "263", "plz": 8004.0, "ortschaft": "Zürich", "baujahr": 1928.0, "grundflaeche_m2": 163.7644475, "gebaeudealter_2026": 98.0, "gebaeude_nutzung": "Gebäude Wohnen", "qualitaet": "AV93", "bev_pers_n": 160.0, "bev_dichte_pha": 160.0 }, "geometry": { "type": "Point", "coordinates": [ 8.520101516823143, 47.379598198103089 ] } },
{ "type": "Feature", "properties": { "egid_int": 150032, "strasse": "Seebahnstrasse", "hausnummer": "265", "plz": 8004.0, "ortschaft": "Zürich", "baujahr": 1928.0, "grundflaeche_m2": 189.2387825, "gebaeudealter_2026": 98.0, "gebaeude_nutzung": "Gebäude Wohnen", "qualitaet": "AV93", "bev_pers_n": 160.0, "bev_dichte_pha": 160.0 }, "geometry": { "type": "Point", "coordinates": [ 8.520222660104599, 47.379727196019012 ] } },
{ "type": "Feature", "properties": { "egid_int": 163989, "strasse": null, "hausnummer": null, "plz": null, "ortschaft": null, "baujahr": 1915.0, "grundflaeche_m2": 260.373264, "gebaeudealter_2026": 111.0, "gebaeude_nutzung": "Gebäude Wohnen", "qualitaet": "AV93", "bev_pers_n": 41.0, "bev_dichte_pha": 41.0 }, "geometry": { "type": "Point", "coordinates": [ 8.501406303681696, 47.386960672565898 ] } },
{ "type": "Feature", "properties": { "egid_int": 163991, "strasse": null, "hausnummer": null, "plz": null, "ortschaft": null, "baujahr": 1939.0, "grundflaeche_m2": 2471.7479494999998, "gebaeudealter_2026": 87.0, "gebaeude_nutzung": "Gebäude Industrie", "qualitaet": "AV93", "bev_pers_n": 41.0, "bev_dichte_pha": 41.0 }, "geometry": { "type": "Point", "coordinates": [ 8.50002671805086, 47.387346963111085 ] } },
{ "type": "Feature", "properties": { "egid_int": 164007, "strasse": null, "hausnummer": null, "plz": null, "ortschaft": null, "baujahr": 1927.0, "grundflaeche_m2": 238.292363, "gebaeudealter_2026": 99.0, "gebaeude_nutzung": "Gebäude Wohnen", "qualitaet": "AV93", "bev_pers_n": 52.0, "bev_dichte_pha": 52.0 }, "geometry": { "type": "Point", "coordinates": [ 8.504636185321351, 47.385977577727687 ] } },
{ "type": "Feature", "properties": { "egid_int": 164008, "strasse": null, "hausnummer": null, "plz": null, "ortschaft": null, "baujahr": 1927.0, "grundflaeche_m2": 264.965596, "gebaeudealter_2026": 99.0, "gebaeude_nutzung": "Gebäude Wohnen", "qualitaet": "AV93", "bev_pers_n": 52.0, "bev_dichte_pha": 52.0 }, "geometry": { "type": "Point", "coordinates": [ 8.504410879577822, 47.386038429930061 ] } },
{ "type": "Feature", "properties": { "egid_int": 164009, "strasse": null, "hausnummer": null, "plz": null, "ortschaft": null, "baujahr": 1927.0, "grundflaeche_m2": 433.928272, "gebaeudealter_2026": 99.0, "gebaeude_nutzung": "Gebäude Wohnen", "qualitaet": "AV93", "bev_pers_n": 52.0, "bev_dichte_pha": 52.0 }, "geometry": { "type": "Point", "coordinates": [ 8.504208426526795, 47.386095616827831 ] } },
{ "type": "Feature", "properties": { "egid_int": 164010, "strasse": null, "hausnummer": null, "plz": null, "ortschaft": null, "baujahr": 1927.0, "grundflaeche_m2": 430.6572395, "gebaeudealter_2026": 99.0, "gebaeude_nutzung": "Gebäude Wohnen", "qualitaet": "AV93", "bev_pers_n": 52.0, "bev_dichte_pha": 52.0 }, "geometry": { "type": "Point", "coordinates": [ 8.504000930403247, 47.38615629497189 ] } },
{ "type": "Feature", "properties": { "egid_int": 164011, "strasse": null, "hausnummer": null, "plz": null, "ortschaft": null, "baujahr": 1927.0, "grundflaeche_m2": 496.0885235, "gebaeudealter_2026": 99.0, "gebaeude_nutzung": "Gebäude Wohnen", "qualitaet": "AV93", "bev_pers_n": 52.0, "bev_dichte_pha": 52.0 }, "geometry": { "type": "Point", "coordinates": [ 8.503796011009149, 47.386218685027842 ] } },
{ "type": "Feature", "properties": { "egid_int": 164012, "strasse": null, "hausnummer": null, "plz": null, "ortschaft": null, "baujahr": 1928.0, "grundflaeche_m2": 300.672953, "gebaeudealter_2026": 98.0, "gebaeude_nutzung": "Gebäude Wohnen", "qualitaet": "AV93", "bev_pers_n": 52.0, "bev_dichte_pha": 52.0 }, "geometry": { "type": "Point", "coordinates": [ 8.50336630684081, 47.386350249465444 ] } },
{ "type": "Feature", "properties": { "egid_int": 164013, "strasse": null, "hausnummer": null, "plz": null, "ortschaft": null, "baujahr": 1928.0, "grundflaeche_m2": 401.962823, "gebaeudealter_2026": 98.0, "gebaeude_nutzung": "Gebäude Wohnen", "qualitaet": "AV93", "bev_pers_n": 52.0, "bev_dichte_pha": 52.0 }, "geometry": { "type": "Point", "coordinates": [ 8.503179570383042, 47.386406642055519 ] } },
{ "type": "Feature", "properties": { "egid_int": 164014, "strasse": null, "hausnummer": null, "plz": null, "ortschaft": null, "baujahr": 1928.0, "grundflaeche_m2": 435.3668735, "gebaeudealter_2026": 98.0, "gebaeude_nutzung": "Gebäude Wohnen", "qualitaet": "AV93", "bev_pers_n": 52.0, "bev_dichte_pha": 52.0 }, "geometry": { "type": "Point", "coordinates": [ 8.502961462494182, 47.386479901205583 ] } },
{ "type": "Feature", "properties": { "egid_int": 164015, "strasse": null, "hausnummer": null, "plz": null, "ortschaft": null, "baujahr": 1928.0, "grundflaeche_m2": 434.560315, "gebaeudealter_2026": 98.0, "gebaeude_nutzung": "Gebäude Wohnen", "qualitaet": "AV93", "bev_pers_n": 52.0, "bev_dichte_pha": 52.0 }, "geometry": { "type": "Point", "coordinates": [ 8.502743234897794, 47.386546531687337 ] } },
{ "type": "Feature", "properties": { "egid_int": 2365578, "strasse": null, "hausnummer": null, "plz": null, "ortschaft": null, "baujahr": 1931.0, "grundflaeche_m2": 1304.6892985, "gebaeudealter_2026": 95.0, "gebaeude_nutzung": "Gebäude Handel", "qualitaet": "AV93", "bev_pers_n": 300.0, "bev_dichte_pha": 300.0 }, "geometry": { "type": "Point", "coordinates": [ 8.49661909725665, 47.388731914639415 ] } },
{ "type": "Feature", "properties": { "egid_int": 2365822, "strasse": "Langstrasse", "hausnummer": "4", "plz": 8004.0, "ortschaft": "Zürich", "baujahr": 1865.0, "grundflaeche_m2": 270.7010165, "gebaeudealter_2026": 161.0, "gebaeude_nutzung": "Gebäude Verwaltung", "qualitaet": "AV93", "bev_pers_n": 77.0, "bev_dichte_pha": 77.0 }, "geometry": { "type": "Point", "coordinates": [ 8.524502189767531, 47.374433239947805 ] } },
{ "type": "Feature", "properties": { "egid_int": 2365831, "strasse": "Hallwylstrasse", "hausnummer": "78", "plz": 8004.0, "ortschaft": "Zürich", "baujahr": 1942.0, "grundflaeche_m2": 173.306023, "gebaeudealter_2026": 84.0, "gebaeude_nutzung": "Gebäude Verwaltung", "qualitaet": "AV93", "bev_pers_n": 246.0, "bev_dichte_pha": 246.0 }, "geometry": { "type": "Point", "coordinates": [ 8.526687958155657, 47.369947383124867 ] } },
{ "type": "Feature", "properties": { "egid_int": 2365832, "strasse": "Badenerstrasse", "hausnummer": "109", "plz": 8004.0, "ortschaft": "Zürich", "baujahr": 1923.0, "grundflaeche_m2": 789.61703684500003, "gebaeudealter_2026": 103.0, "gebaeude_nutzung": "Gebäude Verwaltung", "qualitaet": "AV93", "bev_pers_n": 192.0, "bev_dichte_pha": 192.0 }, "geometry": { "type": "Point", "coordinates": [ 8.524640688694653, 47.374119474502997 ] } },
{ "type": "Feature", "properties": { "egid_int": 2365845, "strasse": "Werdstrasse", "hausnummer": "36", "plz": 8004.0, "ortschaft": "Zürich", "baujahr": 1942.0, "grundflaeche_m2": 477.2396165, "gebaeudealter_2026": 84.0, "gebaeude_nutzung": "Gebäude Verwaltung", "qualitaet": "AV93", "bev_pers_n": 92.0, "bev_dichte_pha": 92.0 }, "geometry": { "type": "Point", "coordinates": [ 8.529525384134885, 47.372843380768103 ] } },
{ "type": "Feature", "properties": { "egid_int": 2365846, "strasse": "Birmensdorferstrasse", "hausnummer": "55", "plz": 8004.0, "ortschaft": "Zürich", "baujahr": 1972.0, "grundflaeche_m2": 620.573508, "gebaeudealter_2026": 54.0, "gebaeude_nutzung": "Gebäude Verwaltung", "qualitaet": "AV93", "bev_pers_n": 242.0, "bev_dichte_pha": 242.0 }, "geometry": { "type": "Point", "coordinates": [ 8.525066245769267, 47.371365924612682 ] } },
{ "type": "Feature", "properties": { "egid_int": 2365847, "strasse": "Bullingerstrasse", "hausnummer": "62", "plz": 8004.0, "ortschaft": "Zürich", "baujahr": 1984.0, "grundflaeche_m2": 1065.0701315, "gebaeudealter_2026": 42.0, "gebaeude_nutzung": "Gebäude Verwaltung", "qualitaet": "AV93", "bev_pers_n": 221.0, "bev_dichte_pha": 221.0 }, "geometry": { "type": "Point", "coordinates": [ 8.510066489727093, 47.382366605762392 ] } },
{ "type": "Feature", "properties": { "egid_int": 2365849, "strasse": "Badenerstrasse", "hausnummer": "65", "plz": 8004.0, "ortschaft": "Zürich", "baujahr": 1855.0, "grundflaeche_m2": 217.3724645, "gebaeudealter_2026": 171.0, "gebaeude_nutzung": "Gebäude Verwaltung", "qualitaet": "AV93", "bev_pers_n": 186.0, "bev_dichte_pha": 186.0 }, "geometry": { "type": "Point", "coordinates": [ 8.527260859699236, 47.373244456594321 ] } },
{ "type": "Feature", "properties": { "egid_int": 2365867, "strasse": "Wengistrasse", "hausnummer": "2a", "plz": 8004.0, "ortschaft": "Zürich", "baujahr": 1866.0, "grundflaeche_m2": 231.106229, "gebaeudealter_2026": 160.0, "gebaeude_nutzung": "Gebäude Verwaltung", "qualitaet": "AV93", "bev_pers_n": 121.0, "bev_dichte_pha": 121.0 }, "geometry": { "type": "Point", "coordinates": [ 8.524109028379472, 47.375069210854214 ] } },
{ "type": "Feature", "properties": { "egid_int": 2365868, "strasse": "Bullingerstrasse", "hausnummer": "89", "plz": 8004.0, "ortschaft": "Zürich", "baujahr": 1969.0, "grundflaeche_m2": 428.761974, "gebaeudealter_2026": 57.0, "gebaeude_nutzung": "Gebäude Verkehrswesen", "qualitaet": "AV93", "bev_pers_n": 146.0, "bev_dichte_pha": 146.0 }, "geometry": { "type": "Point", "coordinates": [ 8.50779981320802, 47.382299336027586 ] } },
{ "type": "Feature", "properties": { "egid_int": 2365872, "strasse": "Kernstrasse", "hausnummer": "37", "plz": 8004.0, "ortschaft": "Zürich", "baujahr": 1956.0, "grundflaeche_m2": 404.669887, "gebaeudealter_2026": 70.0, "gebaeude_nutzung": "Gebäude Verwaltung", "qualitaet": "AV93", "bev_pers_n": 204.0, "bev_dichte_pha": 204.0 }, "geometry": { "type": "Point", "coordinates": [ 8.524497684712889, 47.37657227546962 ] } },
{ "type": "Feature", "properties": { "egid_int": 2365877, "strasse": "Birmensdorferstrasse", "hausnummer": "1", "plz": 8004.0, "ortschaft": "Zürich", "baujahr": 1944.0, "grundflaeche_m2": 212.15398783500001, "gebaeudealter_2026": 82.0, "gebaeude_nutzung": "Gebäude Verwaltung", "qualitaet": "AV93", "bev_pers_n": 212.0, "bev_dichte_pha": 212.0 }, "geometry": { "type": "Point", "coordinates": [ 8.527865906798951, 47.372939394886721 ] } },
{ "type": "Feature", "properties": { "egid_int": 2365889, "strasse": "Lagerstrasse", "hausnummer": "45", "plz": 8004.0, "ortschaft": "Zürich", "baujahr": 1946.0, "grundflaeche_m2": 443.2111995, "gebaeudealter_2026": 80.0, "gebaeude_nutzung": "Gebäude Verwaltung", "qualitaet": "AV93", "bev_pers_n": 4.0, "bev_dichte_pha": 4.0 }, "geometry": { "type": "Point", "coordinates": [ 8.53233235147219, 47.377844150343826 ] } },
{ "type": "Feature", "properties": { "egid_int": 2365908, "strasse": "Stierliweg", "hausnummer": "12", "plz": 8004.0, "ortschaft": "Zürich", "baujahr": 1948.0, "grundflaeche_m2": 136.671047, "gebaeudealter_2026": 78.0, "gebaeude_nutzung": "Nebengebäude", "qualitaet": "AV93", "bev_pers_n": 235.0, "bev_dichte_pha": 235.0 }, "geometry": { "type": "Point", "coordinates": [ 8.513101343665319, 47.377943584754306 ] } },
{ "type": "Feature", "properties": { "egid_int": 2365942, "strasse": "Zeughausstrasse", "hausnummer": "43", "plz": 8004.0, "ortschaft": "Zürich", "baujahr": 1950.0, "grundflaeche_m2": 619.78837131499995, "gebaeudealter_2026": 76.0, "gebaeude_nutzung": "Gebäude Industrie", "qualitaet": "AV93", "bev_pers_n": 128.0, "bev_dichte_pha": 128.0 }, "geometry": { "type": "Point", "coordinates": [ 8.52980504345331, 47.375694703810659 ] } },
{ "type": "Feature", "properties": { "egid_int": 2365947, "strasse": "Köchlistrasse", "hausnummer": "15", "plz": 8004.0, "ortschaft": "Zürich", "baujahr": 1966.0, "grundflaeche_m2": 187.8025995, "gebaeudealter_2026": 60.0, "gebaeude_nutzung": "Gebäude Verwaltung", "qualitaet": "AV93", "bev_pers_n": 275.0, "bev_dichte_pha": 275.0 }, "geometry": { "type": "Point", "coordinates": [ 8.523209664311798, 47.37328295313894 ] } },
{ "type": "Feature", "properties": { "egid_int": 2365955, "strasse": "Kanzleistrasse", "hausnummer": "56", "plz": 8004.0, "ortschaft": "Zürich", "baujahr": 1862.0, "grundflaeche_m2": 546.1449655, "gebaeudealter_2026": 164.0, "gebaeude_nutzung": "Gebäude Verwaltung", "qualitaet": "AV93", "bev_pers_n": 98.0, "bev_dichte_pha": 98.0 }, "geometry": { "type": "Point", "coordinates": [ 8.525812045572154, 47.375515679037072 ] } },
{ "type": "Feature", "properties": { "egid_int": 2365958, "strasse": "Bäckerstrasse", "hausnummer": "40", "plz": 8004.0, "ortschaft": "Zürich", "baujahr": 1951.0, "grundflaeche_m2": 489.431342, "gebaeudealter_2026": 75.0, "gebaeude_nutzung": "Gebäude Verwaltung", "qualitaet": "AV93", "bev_pers_n": 240.0, "bev_dichte_pha": 240.0 }, "geometry": { "type": "Point", "coordinates": [ 8.528937308022476, 47.37512150667461 ] } },
{ "type": "Feature", "properties": { "egid_int": 2365975, "strasse": "Lagerstrasse", "hausnummer": "1", "plz": 8004.0, "ortschaft": "Zürich", "baujahr": 1951.0, "grundflaeche_m2": 425.6474975, "gebaeudealter_2026": 75.0, "gebaeude_nutzung": "Gebäude Verwaltung", "qualitaet": "AV93", "bev_pers_n": 57.0, "bev_dichte_pha": 57.0 }, "geometry": { "type": "Point", "coordinates": [ 8.534356992302181, 47.376539569462182 ] } },
{ "type": "Feature", "properties": { "egid_int": 2365982, "strasse": "Zeughausstrasse", "hausnummer": "31", "plz": 8004.0, "ortschaft": "Zürich", "baujahr": 1959.0, "grundflaeche_m2": 805.6343815, "gebaeudealter_2026": 67.0, "gebaeude_nutzung": "Gebäude Verwaltung", "qualitaet": "AV93", "bev_pers_n": 128.0, "bev_dichte_pha": 128.0 }, "geometry": { "type": "Point", "coordinates": [ 8.530666311632849, 47.375403236471939 ] } },
{ "type": "Feature", "properties": { "egid_int": 2366000, "strasse": "Lagerstrasse", "hausnummer": "33", "plz": 8004.0, "ortschaft": "Zürich", "baujahr": 1955.0, "grundflaeche_m2": 409.263541, "gebaeudealter_2026": 71.0, "gebaeude_nutzung": "Gebäude Verwaltung", "qualitaet": "AV93", "bev_pers_n": 63.0, "bev_dichte_pha": 63.0 }, "geometry": { "type": "Point", "coordinates": [ 8.532916545985143, 47.377482680916209 ] } },
{ "type": "Feature", "properties": { "egid_int": 2366002, "strasse": "Kanonengasse", "hausnummer": "18", "plz": 8004.0, "ortschaft": "Zürich", "baujahr": 1866.0, "grundflaeche_m2": 1324.8180265000001, "gebaeudealter_2026": 160.0, "gebaeude_nutzung": "Gebäude Verwaltung", "qualitaet": "AV93", "bev_pers_n": 193.0, "bev_dichte_pha": 193.0 }, "geometry": { "type": "Point", "coordinates": [ 8.529681159944353, 47.377468380240138 ] } },
{ "type": "Feature", "properties": { "egid_int": 2366005, "strasse": "Zypressenstrasse", "hausnummer": "85", "plz": 8004.0, "ortschaft": "Zürich", "baujahr": 1955.0, "grundflaeche_m2": 527.740107, "gebaeudealter_2026": 71.0, "gebaeude_nutzung": "Gebäude Wohnen", "qualitaet": "AV93", "bev_pers_n": 46.0, "bev_dichte_pha": 46.0 }, "geometry": { "type": "Point", "coordinates": [ 8.514708600675581, 47.378849289894504 ] } },
{ "type": "Feature", "properties": { "egid_int": 2366009, "strasse": "Badenerstrasse", "hausnummer": "294", "plz": 8004.0, "ortschaft": "Zürich", "baujahr": 1954.0, "grundflaeche_m2": 592.7881615, "gebaeudealter_2026": 72.0, "gebaeude_nutzung": "Gebäude Wohnen", "qualitaet": "AV93", "bev_pers_n": 196.0, "bev_dichte_pha": 196.0 }, "geometry": { "type": "Point", "coordinates": [ 8.513724272938381, 47.377330818389567 ] } },
{ "type": "Feature", "properties": { "egid_int": 2366010, "strasse": "Militärstrasse", "hausnummer": "84", "plz": 8004.0, "ortschaft": "Zürich", "baujahr": 1959.0, "grundflaeche_m2": 641.686846, "gebaeudealter_2026": 67.0, "gebaeude_nutzung": "Gebäude Verwaltung", "qualitaet": "AV93", "bev_pers_n": 212.0, "bev_dichte_pha": 212.0 }, "geometry": { "type": "Point", "coordinates": [ 8.529787090388453, 47.378790705081904 ] } },
{ "type": "Feature", "properties": { "egid_int": 2366024, "strasse": "Langstrasse", "hausnummer": "78", "plz": 8004.0, "ortschaft": "Zürich", "baujahr": 1833.0, "grundflaeche_m2": 124.6441985, "gebaeudealter_2026": 193.0, "gebaeude_nutzung": "Gebäude Wohnen", "qualitaet": "AV93", "bev_pers_n": 194.0, "bev_dichte_pha": 194.0 }, "geometry": { "type": "Point", "coordinates": [ 8.526808113111201, 47.377512759470299 ] } },
{ "type": "Feature", "properties": { "egid_int": 2366025, "strasse": "Molkenstrasse", "hausnummer": "21", "plz": 8004.0, "ortschaft": "Zürich", "baujahr": 1956.0, "grundflaeche_m2": 339.6018435, "gebaeudealter_2026": 70.0, "gebaeude_nutzung": "Gebäude Verwaltung", "qualitaet": "AV93", "bev_pers_n": -999.0, "bev_dichte_pha": -999.0 }, "geometry": { "type": "Point", "coordinates": [ 8.526521646844492, 47.376810609557445 ] } },
{ "type": "Feature", "properties": { "egid_int": 2366026, "strasse": "Langstrasse", "hausnummer": "64", "plz": 8004.0, "ortschaft": "Zürich", "baujahr": 1956.0, "grundflaeche_m2": 226.207216, "gebaeudealter_2026": 70.0, "gebaeude_nutzung": "Gebäude Verwaltung", "qualitaet": "AV93", "bev_pers_n": 194.0, "bev_dichte_pha": 194.0 }, "geometry": { "type": "Point", "coordinates": [ 8.526246316667377, 47.376903036361057 ] } },
{ "type": "Feature", "properties": { "egid_int": 2366028, "strasse": "Lagerstrasse", "hausnummer": "47", "plz": 8004.0, "ortschaft": "Zürich", "baujahr": 1956.0, "grundflaeche_m2": 521.19409767000002, "gebaeudealter_2026": 70.0, "gebaeude_nutzung": "Gebäude Verwaltung", "qualitaet": "AV93", "bev_pers_n": 4.0, "bev_dichte_pha": 4.0 }, "geometry": { "type": "Point", "coordinates": [ 8.532087932324172, 47.378003617909457 ] } },
{ "type": "Feature", "properties": { "egid_int": 2366033, "strasse": "Grüngasse", "hausnummer": "21", "plz": 8004.0, "ortschaft": "Zürich", "baujahr": 1956.0, "grundflaeche_m2": 265.621461, "gebaeudealter_2026": 70.0, "gebaeude_nutzung": "Gebäude Verwaltung", "qualitaet": "AV93", "bev_pers_n": 192.0, "bev_dichte_pha": 192.0 }, "geometry": { "type": "Point", "coordinates": [ 8.524769758642156, 47.373465224284281 ] } },
{ "type": "Feature", "properties": { "egid_int": 2366039, "strasse": "Birmensdorferstrasse", "hausnummer": "53", "plz": 8004.0, "ortschaft": "Zürich", "baujahr": 1960.0, "grundflaeche_m2": 102.49863, "gebaeudealter_2026": 66.0, "gebaeude_nutzung": "Gebäude Verwaltung", "qualitaet": "AV93", "bev_pers_n": 139.0, "bev_dichte_pha": 139.0 }, "geometry": { "type": "Point", "coordinates": [ 8.525415084201672, 47.371490787517423 ] } },
{ "type": "Feature", "properties": { "egid_int": 2366040, "strasse": "Stauffacherstrasse", "hausnummer": "5", "plz": 8004.0, "ortschaft": "Zürich", "baujahr": 1962.0, "grundflaeche_m2": 764.260649, "gebaeudealter_2026": 64.0, "gebaeude_nutzung": "Gebäude Verwaltung", "qualitaet": "AV93", "bev_pers_n": 195.0, "bev_dichte_pha": 195.0 }, "geometry": { "type": "Point", "coordinates": [ 8.52950857621847, 47.371747105012098 ] } },
{ "type": "Feature", "properties": { "egid_int": 2366045, "strasse": "Schöneggstrasse", "hausnummer": "5", "plz": 8004.0, "ortschaft": "Zürich", "baujahr": 1964.0, "grundflaeche_m2": 617.802375, "gebaeudealter_2026": 62.0, "gebaeude_nutzung": "Gebäude Verwaltung", "qualitaet": "AV93", "bev_pers_n": 119.0, "bev_dichte_pha": 119.0 }, "geometry": { "type": "Point", "coordinates": [ 8.527262726212532, 47.379721498090866 ] } },
{ "type": "Feature", "properties": { "egid_int": 2366046, "strasse": "Militärstrasse", "hausnummer": "24", "plz": 8004.0, "ortschaft": "Zürich", "baujahr": 1957.0, "grundflaeche_m2": 313.064594, "gebaeudealter_2026": 69.0, "gebaeude_nutzung": "Gebäude Wohnen", "qualitaet": "AV93", "bev_pers_n": 63.0, "bev_dichte_pha": 63.0 }, "geometry": { "type": "Point", "coordinates": [ 8.532596334608423, 47.376909459262357 ] } },
{ "type": "Feature", "properties": { "egid_int": 2366048, "strasse": "Zeughausstrasse", "hausnummer": "5", "plz": 8004.0, "ortschaft": "Zürich", "baujahr": 1957.0, "grundflaeche_m2": 226.0267665, "gebaeudealter_2026": 69.0, "gebaeude_nutzung": "Gebäude Verwaltung", "qualitaet": "AV93", "bev_pers_n": 42.0, "bev_dichte_pha": 42.0 }, "geometry": { "type": "Point", "coordinates": [ 8.531700474281896, 47.374738699877163 ] } },
{ "type": "Feature", "properties": { "egid_int": 2366060, "strasse": "Zweierstrasse", "hausnummer": "25", "plz": 8004.0, "ortschaft": "Zürich", "baujahr": 1957.0, "grundflaeche_m2": 253.960432, "gebaeudealter_2026": 69.0, "gebaeude_nutzung": "Gebäude Verwaltung", "qualitaet": "AV93", "bev_pers_n": 204.0, "bev_dichte_pha": 204.0 }, "geometry": { "type": "Point", "coordinates": [ 8.526234545140019, 47.37278278014648 ] } },
{ "type": "Feature", "properties": { "egid_int": 2366065, "strasse": "Kernstrasse", "hausnummer": "57", "plz": 8004.0, "ortschaft": "Zürich", "baujahr": 1963.0, "grundflaeche_m2": 487.915841, "gebaeudealter_2026": 63.0, "gebaeude_nutzung": "Gebäude Verwaltung", "qualitaet": "AV93", "bev_pers_n": 204.0, "bev_dichte_pha": 204.0 }, "geometry": { "type": "Point", "coordinates": [ 8.525967759500917, 47.37809858130661 ] } },
{ "type": "Feature", "properties": { "egid_int": 2366075, "strasse": "Bäckerstrasse", "hausnummer": "9", "plz": 8004.0, "ortschaft": "Zürich", "baujahr": 1964.0, "grundflaeche_m2": 130.3595095, "gebaeudealter_2026": 62.0, "gebaeude_nutzung": "Gebäude Verwaltung", "qualitaet": "AV93", "bev_pers_n": 92.0, "bev_dichte_pha": 92.0 }, "geometry": { "type": "Point", "coordinates": [ 8.529872930220868, 47.374042494711311 ] } },
{ "type": "Feature", "properties": { "egid_int": 2366078, "strasse": "Zypressenstrasse", "hausnummer": "76", "plz": 8004.0, "ortschaft": "Zürich", "baujahr": 1964.0, "grundflaeche_m2": 395.405848, "gebaeudealter_2026": 62.0, "gebaeude_nutzung": "Gebäude Verwaltung", "qualitaet": "AV93", "bev_pers_n": 239.0, "bev_dichte_pha": 239.0 }, "geometry": { "type": "Point", "coordinates": [ 8.514416864980621, 47.378257719393169 ] } },
{ "type": "Feature", "properties": { "egid_int": 2366079, "strasse": "Kanzleistrasse", "hausnummer": "80", "plz": 8004.0, "ortschaft": "Zürich", "baujahr": 1964.0, "grundflaeche_m2": 293.172695, "gebaeudealter_2026": 62.0, "gebaeude_nutzung": "Gebäude Verwaltung", "qualitaet": "AV93", "bev_pers_n": 121.0, "bev_dichte_pha": 121.0 }, "geometry": { "type": "Point", "coordinates": [ 8.524256859304785, 47.375750460803012 ] } },
{ "type": "Feature", "properties": { "egid_int": 2366080, "strasse": "Zeughausstrasse", "hausnummer": "3", "plz": 8004.0, "ortschaft": "Zürich", "baujahr": 1965.0, "grundflaeche_m2": 231.319658, "gebaeudealter_2026": 61.0, "gebaeude_nutzung": "Gebäude Verwaltung", "qualitaet": "AV93", "bev_pers_n": 42.0, "bev_dichte_pha": 42.0 }, "geometry": { "type": "Point", "coordinates": [ 8.531886753664102, 47.374645366598415 ] } },
{ "type": "Feature", "properties": { "egid_int": 2366082, "strasse": "Gartenhofstrasse", "hausnummer": "17", "plz": 8004.0, "ortschaft": "Zürich", "baujahr": 1965.0, "grundflaeche_m2": 492.472522, "gebaeudealter_2026": 61.0, "gebaeude_nutzung": "Gebäude Verwaltung", "qualitaet": "AV93", "bev_pers_n": 215.0, "bev_dichte_pha": 215.0 }, "geometry": { "type": "Point", "coordinates": [ 8.525301069568663, 47.372332130847425 ] } },
{ "type": "Feature", "properties": { "egid_int": 2366083, "strasse": "Ankerstrasse", "hausnummer": "53", "plz": 8004.0, "ortschaft": "Zürich", "baujahr": 1965.0, "grundflaeche_m2": 532.4295955, "gebaeudealter_2026": 61.0, "gebaeude_nutzung": "Gebäude Verwaltung", "qualitaet": "AV93", "bev_pers_n": 77.0, "bev_dichte_pha": 77.0 }, "geometry": { "type": "Point", "coordinates": [ 8.525164063623597, 47.374648062144921 ] } },
{ "type": "Feature", "properties": { "egid_int": 2366101, "strasse": "Langstrasse", "hausnummer": "113", "plz": 8004.0, "ortschaft": "Zürich", "baujahr": 1878.0, "grundflaeche_m2": 116.3388515, "gebaeudealter_2026": 148.0, "gebaeude_nutzung": "Gebäude Verwaltung", "qualitaet": "AV93", "bev_pers_n": 203.0, "bev_dichte_pha": 203.0 }, "geometry": { "type": "Point", "coordinates": [ 8.52718305886936, 47.379047318887075 ] } },
{ "type": "Feature", "properties": { "egid_int": 2366104, "strasse": "Langstrasse", "hausnummer": "175", "plz": 8005.0, "ortschaft": "Zürich", "baujahr": 1965.0, "grundflaeche_m2": 580.756647, "gebaeudealter_2026": 61.0, "gebaeude_nutzung": "Gebäude Verkehrswesen", "qualitaet": "AV93", "bev_pers_n": 84.0, "bev_dichte_pha": 84.0 }, "geometry": { "type": "Point", "coordinates": [ 8.528659171340953, 47.381662679097268 ] } },
{ "type": "Feature", "properties": { "egid_int": 2366109, "strasse": "Morgartenstrasse", "hausnummer": "30", "plz": 8004.0, "ortschaft": "Zürich", "baujahr": 1974.0, "grundflaeche_m2": 393.031595, "gebaeudealter_2026": 52.0, "gebaeude_nutzung": "Gebäude Verwaltung", "qualitaet": "AV93", "bev_pers_n": 38.0, "bev_dichte_pha": 38.0 }, "geometry": { "type": "Point", "coordinates": [ 8.527504561007714, 47.37156062842125 ] } },
{ "type": "Feature", "properties": { "egid_int": 2366112, "strasse": "Langstrasse", "hausnummer": "122", "plz": 8004.0, "ortschaft": "Zürich", "baujahr": 1878.0, "grundflaeche_m2": 139.6043125, "gebaeudealter_2026": 148.0, "gebaeude_nutzung": "Gebäude Verwaltung", "qualitaet": "AV93", "bev_pers_n": 203.0, "bev_dichte_pha": 203.0 }, "geometry": { "type": "Point", "coordinates": [ 8.527700894497839, 47.379359533804127 ] } },
{ "type": "Feature", "properties": { "egid_int": 2366116, "strasse": "Langstrasse", "hausnummer": "8", "plz": 8004.0, "ortschaft": "Zürich", "baujahr": 1878.0, "grundflaeche_m2": 149.103824, "gebaeudealter_2026": 148.0, "gebaeude_nutzung": "Gebäude Wohnen", "qualitaet": "AV93", "bev_pers_n": 77.0, "bev_dichte_pha": 77.0 }, "geometry": { "type": "Point", "coordinates": [ 8.524645605138602, 47.37466364188041 ] } },
{ "type": "Feature", "properties": { "egid_int": 2366122, "strasse": "Schöneggstrasse", "hausnummer": "20", "plz": 8004.0, "ortschaft": "Zürich", "baujahr": 1878.0, "grundflaeche_m2": 106.4219255, "gebaeudealter_2026": 148.0, "gebaeude_nutzung": "Gebäude Industrie", "qualitaet": "AV93", "bev_pers_n": 422.0, "bev_dichte_pha": 422.0 }, "geometry": { "type": "Point", "coordinates": [ 8.526846167127465, 47.380371550177557 ] } },
{ "type": "Feature", "properties": { "egid_int": 2366123, "strasse": "Zeughausstrasse", "hausnummer": "51", "plz": 8004.0, "ortschaft": "Zürich", "baujahr": 1879.0, "grundflaeche_m2": 107.8468185, "gebaeudealter_2026": 147.0, "gebaeude_nutzung": "Gebäude Verwaltung", "qualitaet": "AV93", "bev_pers_n": 7.0, "bev_dichte_pha": 7.0 }, "geometry": { "type": "Point", "coordinates": [ 8.529743164639356, 47.376041510538748 ] } },
{ "type": "Feature", "properties": { "egid_int": 2366125, "strasse": "Wengistrasse", "hausnummer": "30", "plz": 8004.0, "ortschaft": "Zürich", "baujahr": 1981.0, "grundflaeche_m2": 1398.168619, "gebaeudealter_2026": 45.0, "gebaeude_nutzung": "Gebäude Verwaltung", "qualitaet": "AV93", "bev_pers_n": 107.0, "bev_dichte_pha": 107.0 }, "geometry": { "type": "Point", "coordinates": [ 8.521959516359567, 47.375668000189386 ] } },
{ "type": "Feature", "properties": { "egid_int": 2366128, "strasse": "Morgartenstrasse", "hausnummer": "34", "plz": 8004.0, "ortschaft": "Zürich", "baujahr": 1977.0, "grundflaeche_m2": 2293.1271695, "gebaeudealter_2026": 49.0, "gebaeude_nutzung": "Gebäude Verwaltung", "qualitaet": "AV93", "bev_pers_n": 38.0, "bev_dichte_pha": 38.0 }, "geometry": { "type": "Point", "coordinates": [ 8.527158205099706, 47.371649679547204 ] } },
{ "type": "Feature", "properties": { "egid_int": 2366129, "strasse": "Wengistrasse", "hausnummer": "7", "plz": 8004.0, "ortschaft": "Zürich", "baujahr": 1969.0, "grundflaeche_m2": 1544.7615756800001, "gebaeudealter_2026": 57.0, "gebaeude_nutzung": "Gebäude Verwaltung", "qualitaet": "AV93", "bev_pers_n": 109.0, "bev_dichte_pha": 109.0 }, "geometry": { "type": "Point", "coordinates": [ 8.522947685131477, 47.375030267187476 ] } },
{ "type": "Feature", "properties": { "egid_int": 2366130, "strasse": "Strassburgstrasse", "hausnummer": "11", "plz": 8004.0, "ortschaft": "Zürich", "baujahr": 1974.0, "grundflaeche_m2": 430.1468915, "gebaeudealter_2026": 52.0, "gebaeude_nutzung": "Gebäude Verwaltung", "qualitaet": "AV93", "bev_pers_n": 92.0, "bev_dichte_pha": 92.0 }, "geometry": { "type": "Point", "coordinates": [ 8.528521195767892, 47.372362229958178 ] } },
{ "type": "Feature", "properties": { "egid_int": 2366134, "strasse": "Freischützgasse", "hausnummer": "1", "plz": 8004.0, "ortschaft": "Zürich", "baujahr": 1969.0, "grundflaeche_m2": 618.0634775, "gebaeudealter_2026": 57.0, "gebaeude_nutzung": "Gebäude Verwaltung", "qualitaet": "AV93", "bev_pers_n": 63.0, "bev_dichte_pha": 63.0 }, "geometry": { "type": "Point", "coordinates": [ 8.532404583789637, 47.377074635437715 ] } },
{ "type": "Feature", "properties": { "egid_int": 2366155, "strasse": "Dienerstrasse", "hausnummer": "12", "plz": 8004.0, "ortschaft": "Zürich", "baujahr": 1881.0, "grundflaeche_m2": 157.176654, "gebaeudealter_2026": 145.0, "gebaeude_nutzung": "Gebäude Verwaltung", "qualitaet": "AV93", "bev_pers_n": 239.0, "bev_dichte_pha": 239.0 }, "geometry": { "type": "Point", "coordinates": [ 8.528956650491851, 47.377830455914818 ] } },
{ "type": "Feature", "properties": { "egid_int": 2366157, "strasse": "Hardstrasse", "hausnummer": "2", "plz": 8004.0, "ortschaft": "Zürich", "baujahr": 1968.0, "grundflaeche_m2": 149.490927, "gebaeudealter_2026": 58.0, "gebaeude_nutzung": "Gebäude Verwaltung", "qualitaet": "AV93", "bev_pers_n": 186.0, "bev_dichte_pha": 186.0 }, "geometry": { "type": "Point", "coordinates": [ 8.510860658509397, 47.378412727811742 ] } },
{ "type": "Feature", "properties": { "egid_int": 2366160, "strasse": "Badenerstrasse", "hausnummer": "141", "plz": 8004.0, "ortschaft": "Zürich", "baujahr": 1968.0, "grundflaeche_m2": 516.3626175000001, "gebaeudealter_2026": 58.0, "gebaeude_nutzung": "Gebäude Verwaltung", "qualitaet": "AV93", "bev_pers_n": 214.0, "bev_dichte_pha": 214.0 }, "geometry": { "type": "Point", "coordinates": [ 8.522505083277007, 47.374151631562789 ] } },
{ "type": "Feature", "properties": { "egid_int": 2366163, "strasse": null, "hausnummer": null, "plz": null, "ortschaft": null, "baujahr": 1969.0, "grundflaeche_m2": 272.8243715, "gebaeudealter_2026": 57.0, "gebaeude_nutzung": "Gebäude Industrie", "qualitaet": "AV93", "bev_pers_n": 169.0, "bev_dichte_pha": 169.0 }, "geometry": { "type": "Point", "coordinates": [ 8.527862649369641, 47.370199652848314 ] } },
{ "type": "Feature", "properties": { "egid_int": 2366165, "strasse": "Kasernenstrasse", "hausnummer": "11", "plz": 8004.0, "ortschaft": "Zürich", "baujahr": 1882.0, "grundflaeche_m2": 152.259989, "gebaeudealter_2026": 144.0, "gebaeude_nutzung": "Gebäude Verwaltung", "qualitaet": "AV93", "bev_pers_n": 113.0, "bev_dichte_pha": 113.0 }, "geometry": { "type": "Point", "coordinates": [ 8.53179184943831, 47.37396936332695 ] } },
{ "type": "Feature", "properties": { "egid_int": 2366180, "strasse": "Cramerstrasse", "hausnummer": "11", "plz": 8004.0, "ortschaft": "Zürich", "baujahr": 1884.0, "grundflaeche_m2": 310.45965, "gebaeudealter_2026": 142.0, "gebaeude_nutzung": "Gebäude Verwaltung", "qualitaet": "AV93", "bev_pers_n": 120.0, "bev_dichte_pha": 120.0 }, "geometry": { "type": "Point", "coordinates": [ 8.5259542145855, 47.373433356039996 ] } },
{ "type": "Feature", "properties": { "egid_int": 2366190, "strasse": "Hohlstrasse", "hausnummer": "236", "plz": 8004.0, "ortschaft": "Zürich", "baujahr": 1888.0, "grundflaeche_m2": 313.257417, "gebaeudealter_2026": 138.0, "gebaeude_nutzung": "Gebäude Verwaltung", "qualitaet": "AV93", "bev_pers_n": 186.0, "bev_dichte_pha": 186.0 }, "geometry": { "type": "Point", "coordinates": [ 8.516209619101932, 47.382693794782803 ] } },
{ "type": "Feature", "properties": { "egid_int": 2366191, "strasse": "Badenerstrasse", "hausnummer": "87", "plz": 8004.0, "ortschaft": "Zürich", "baujahr": 1888.0, "grundflaeche_m2": 119.629065, "gebaeudealter_2026": 138.0, "gebaeude_nutzung": "Gebäude Wohnen", "qualitaet": "AV93", "bev_pers_n": 120.0, "bev_dichte_pha": 120.0 }, "geometry": { "type": "Point", "coordinates": [ 8.525904162989292, 47.373823576797378 ] } },
{ "type": "Feature", "properties": { "egid_int": 2366196, "strasse": "Hohlstrasse", "hausnummer": "68", "plz": 8004.0, "ortschaft": "Zürich", "baujahr": 1888.0, "grundflaeche_m2": 1002.1113385, "gebaeudealter_2026": 138.0, "gebaeude_nutzung": "Gebäude Verwaltung", "qualitaet": "AV93", "bev_pers_n": 153.0, "bev_dichte_pha": 153.0 }, "geometry": { "type": "Point", "coordinates": [ 8.524917982324888, 47.378238868651998 ] } },
{ "type": "Feature", "properties": { "egid_int": 2366198, "strasse": "Kanzleistrasse", "hausnummer": "53", "plz": 8004.0, "ortschaft": "Zürich", "baujahr": 1889.0, "grundflaeche_m2": 98.823276, "gebaeudealter_2026": 137.0, "gebaeude_nutzung": "Gebäude Verwaltung", "qualitaet": "AV93", "bev_pers_n": 77.0, "bev_dichte_pha": 77.0 }, "geometry": { "type": "Point", "coordinates": [ 8.52564077336765, 47.375022226628758 ] } },
{ "type": "Feature", "properties": { "egid_int": 2366199, "strasse": "Militärstrasse", "hausnummer": "52", "plz": 8004.0, "ortschaft": "Zürich", "baujahr": 1889.0, "grundflaeche_m2": 112.674977, "gebaeudealter_2026": 137.0, "gebaeude_nutzung": "Gebäude Wohnen", "qualitaet": "AV93", "bev_pers_n": 4.0, "bev_dichte_pha": 4.0 }, "geometry": { "type": "Point", "coordinates": [ 8.531490979309392, 47.377667200488006 ] } },
{ "type": "Feature", "properties": { "egid_int": 2366211, "strasse": "Langstrasse", "hausnummer": "120", "plz": 8004.0, "ortschaft": "Zürich", "baujahr": 1890.0, "grundflaeche_m2": 126.3845955, "gebaeudealter_2026": 136.0, "gebaeude_nutzung": "Gebäude Gastgewerbe", "qualitaet": "AV93", "bev_pers_n": 203.0, "bev_dichte_pha": 203.0 }, "geometry": { "type": "Point", "coordinates": [ 8.527627717922499, 47.379226232500685 ] } },
{ "type": "Feature", "properties": { "egid_int": 2366215, "strasse": "Cramerstrasse", "hausnummer": "8", "plz": 8004.0, "ortschaft": "Zürich", "baujahr": 1891.0, "grundflaeche_m2": 139.6835695, "gebaeudealter_2026": 135.0, "gebaeude_nutzung": "Gebäude Wohnen", "qualitaet": "AV93", "bev_pers_n": 120.0, "bev_dichte_pha": 120.0 }, "geometry": { "type": "Point", "coordinates": [ 8.526176280008446, 47.373223954876615 ] } },
{ "type": "Feature", "properties": { "egid_int": 2366220, "strasse": "Freyastrasse", "hausnummer": "6a", "plz": 8004.0, "ortschaft": "Zürich", "baujahr": 1891.0, "grundflaeche_m2": 99.7104035, "gebaeudealter_2026": 135.0, "gebaeude_nutzung": "Nebengebäude", "qualitaet": "AV93", "bev_pers_n": 139.0, "bev_dichte_pha": 139.0 }, "geometry": { "type": "Point", "coordinates": [ 8.524863267058373, 47.37196339188246 ] } },
{ "type": "Feature", "properties": { "egid_int": 2366227, "strasse": "Langstrasse", "hausnummer": "115", "plz": 8004.0, "ortschaft": "Zürich", "baujahr": 1892.0, "grundflaeche_m2": 187.519757, "gebaeudealter_2026": 134.0, "gebaeude_nutzung": "Gebäude Industrie", "qualitaet": "AV93", "bev_pers_n": 233.0, "bev_dichte_pha": 233.0 }, "geometry": { "type": "Point", "coordinates": [ 8.527037826293437, 47.379295180252193 ] } },
{ "type": "Feature", "properties": { "egid_int": 2366228, "strasse": "Feldstrasse", "hausnummer": "139", "plz": 8004.0, "ortschaft": "Zürich", "baujahr": 1892.0, "grundflaeche_m2": 208.415192, "gebaeudealter_2026": 134.0, "gebaeude_nutzung": "Gebäude Wohnen", "qualitaet": "AV93", "bev_pers_n": 266.0, "bev_dichte_pha": 266.0 }, "geometry": { "type": "Point", "coordinates": [ 8.524249452714136, 47.380378710712833 ] } },
{ "type": "Feature", "properties": { "egid_int": 2366229, "strasse": "Schöneggstrasse", "hausnummer": "6", "plz": 8004.0, "ortschaft": "Zürich", "baujahr": 1893.0, "grundflaeche_m2": 256.4870465, "gebaeudealter_2026": 133.0, "gebaeude_nutzung": "Gebäude Gastgewerbe", "qualitaet": "AV93", "bev_pers_n": 119.0, "bev_dichte_pha": 119.0 }, "geometry": { "type": "Point", "coordinates": [ 8.527389167133654, 47.379981893211166 ] } },
{ "type": "Feature", "properties": { "egid_int": 2366233, "strasse": "Ankerstrasse", "hausnummer": "118", "plz": 8004.0, "ortschaft": "Zürich", "baujahr": 1892.0, "grundflaeche_m2": 97.570531, "gebaeudealter_2026": 134.0, "gebaeude_nutzung": "Gebäude Verwaltung", "qualitaet": "AV93", "bev_pers_n": 275.0, "bev_dichte_pha": 275.0 }, "geometry": { "type": "Point", "coordinates": [ 8.528796075687699, 47.376382399356537 ] } },
{ "type": "Feature", "properties": { "egid_int": 2366238, "strasse": "Hallwylstrasse", "hausnummer": "26", "plz": 8004.0, "ortschaft": "Zürich", "baujahr": 1893.0, "grundflaeche_m2": 185.4422915, "gebaeudealter_2026": 133.0, "gebaeude_nutzung": "Gebäude Verwaltung", "qualitaet": "AV93", "bev_pers_n": 195.0, "bev_dichte_pha": 195.0 }, "geometry": { "type": "Point", "coordinates": [ 8.528843297662483, 47.371935303742568 ] } },
{ "type": "Feature", "properties": { "egid_int": 2366241, "strasse": "Dienerstrasse", "hausnummer": "38", "plz": 8004.0, "ortschaft": "Zürich", "baujahr": 1893.0, "grundflaeche_m2": 143.8803455, "gebaeudealter_2026": 133.0, "gebaeude_nutzung": "Gebäude Industrie", "qualitaet": "AV93", "bev_pers_n": 260.0, "bev_dichte_pha": 260.0 }, "geometry": { "type": "Point", "coordinates": [ 8.527539379865086, 47.378496662293699 ] } },
{ "type": "Feature", "properties": { "egid_int": 2366247, "strasse": "Bäckerstrasse", "hausnummer": "7", "plz": 8004.0, "ortschaft": "Zürich", "baujahr": 1893.0, "grundflaeche_m2": 204.8942215, "gebaeudealter_2026": 133.0, "gebaeude_nutzung": "Gebäude Verwaltung", "qualitaet": "AV93", "bev_pers_n": 92.0, "bev_dichte_pha": 92.0 }, "geometry": { "type": "Point", "coordinates": [ 8.529977124101061, 47.373923890054847 ] } },
{ "type": "Feature", "properties": { "egid_int": 2366260, "strasse": "Lutherstrasse", "hausnummer": "36", "plz": 8004.0, "ortschaft": "Zürich", "baujahr": 1894.0, "grundflaeche_m2": 281.864755, "gebaeudealter_2026": 132.0, "gebaeude_nutzung": "Gebäude Wohnen", "qualitaet": "AV93", "bev_pers_n": 227.0, "bev_dichte_pha": 227.0 }, "geometry": { "type": "Point", "coordinates": [ 8.528430754633813, 47.37484779784139 ] } },
{ "type": "Feature", "properties": { "egid_int": 2366263, "strasse": "Zwinglistrasse", "hausnummer": "21", "plz": 8004.0, "ortschaft": "Zürich", "baujahr": 1971.0, "grundflaeche_m2": 177.80352, "gebaeudealter_2026": 55.0, "gebaeude_nutzung": "Gebäude Verwaltung", "qualitaet": "AV93", "bev_pers_n": 239.0, "bev_dichte_pha": 239.0 }, "geometry": { "type": "Point", "coordinates": [ 8.528686389433421, 47.378032230236293 ] } },
{ "type": "Feature", "properties": { "egid_int": 2366264, "strasse": "Hallwylstrasse", "hausnummer": "24", "plz": 8004.0, "ortschaft": "Zürich", "baujahr": 1894.0, "grundflaeche_m2": 243.2714415, "gebaeudealter_2026": 132.0, "gebaeude_nutzung": "Gebäude Wohnen", "qualitaet": "AV93", "bev_pers_n": 195.0, "bev_dichte_pha": 195.0 }, "geometry": { "type": "Point", "coordinates": [ 8.529022147626373, 47.371844743624429 ] } },
{ "type": "Feature", "properties": { "egid_int": 2366271, "strasse": "Lutherstrasse", "hausnummer": "14", "plz": 8004.0, "ortschaft": "Zürich", "baujahr": 1894.0, "grundflaeche_m2": 142.690215, "gebaeudealter_2026": 132.0, "gebaeude_nutzung": "Gebäude Verwaltung", "qualitaet": "AV93", "bev_pers_n": 227.0, "bev_dichte_pha": 227.0 }, "geometry": { "type": "Point", "coordinates": [ 8.529299517576217, 47.37418517598212 ] } },
{ "type": "Feature", "properties": { "egid_int": 2366275, "strasse": "Zypressenstrasse", "hausnummer": "60", "plz": 8004.0, "ortschaft": "Zürich", "baujahr": 1972.0, "grundflaeche_m2": 936.428511, "gebaeudealter_2026": 54.0, "gebaeude_nutzung": "Gebäude Verwaltung", "qualitaet": "AV93", "bev_pers_n": 196.0, "bev_dichte_pha": 196.0 }, "geometry": { "type": "Point", "coordinates": [ 8.513751334672358, 47.377794020640366 ] } },
{ "type": "Feature", "properties": { "egid_int": 2366276, "strasse": "Kasernenstrasse", "hausnummer": "25", "plz": 8004.0, "ortschaft": "Zürich", "baujahr": 1894.0, "grundflaeche_m2": 208.336975255, "gebaeudealter_2026": 132.0, "gebaeude_nutzung": "Gebäude Verwaltung", "qualitaet": "AV93", "bev_pers_n": 42.0, "bev_dichte_pha": 42.0 }, "geometry": { "type": "Point", "coordinates": [ 8.532163009820934, 47.374475181404428 ] } },
{ "type": "Feature", "properties": { "egid_int": 2366281, "strasse": "Verena-Conzett-Strasse", "hausnummer": "7", "plz": 8004.0, "ortschaft": "Zürich", "baujahr": 1894.0, "grundflaeche_m2": 601.9814235, "gebaeudealter_2026": 132.0, "gebaeude_nutzung": "Gebäude Verwaltung", "qualitaet": "AV93", "bev_pers_n": 187.0, "bev_dichte_pha": 187.0 }, "geometry": { "type": "Point", "coordinates": [ 8.527229766212212, 47.371011979028296 ] } },
{ "type": "Feature", "properties": { "egid_int": 2366282, "strasse": "Hallwylstrasse", "hausnummer": "38", "plz": 8004.0, "ortschaft": "Zürich", "baujahr": 1894.0, "grundflaeche_m2": 105.7082275, "gebaeudealter_2026": 132.0, "gebaeude_nutzung": "Gebäude Verwaltung", "qualitaet": "AV93", "bev_pers_n": 195.0, "bev_dichte_pha": 195.0 }, "geometry": { "type": "Point", "coordinates": [ 8.528426409700598, 47.371613937901664 ] } },
{ "type": "Feature", "properties": { "egid_int": 2366285, "strasse": "Feldstrasse", "hausnummer": "75", "plz": 8004.0, "ortschaft": "Zürich", "baujahr": 1894.0, "grundflaeche_m2": 1097.023113, "gebaeudealter_2026": 132.0, "gebaeude_nutzung": "Gebäude Verwaltung", "qualitaet": "AV93", "bev_pers_n": -999.0, "bev_dichte_pha": -999.0 }, "geometry": { "type": "Point", "coordinates": [ 8.521992707955159, 47.377927781414371 ] } },
{ "type": "Feature", "properties": { "egid_int": 2366290, "strasse": null, "hausnummer": null, "plz": null, "ortschaft": null, "baujahr": 1896.0, "grundflaeche_m2": 161.2167805, "gebaeudealter_2026": 130.0, "gebaeude_nutzung": "Gebäude Industrie", "qualitaet": "AV93", "bev_pers_n": 42.0, "bev_dichte_pha": 42.0 }, "geometry": { "type": "Point", "coordinates": [ 8.531558679496333, 47.374645026033171 ] } },
{ "type": "Feature", "properties": { "egid_int": 2366291, "strasse": "Kasernenstrasse", "hausnummer": "23", "plz": 8004.0, "ortschaft": "Zürich", "baujahr": 1894.0, "grundflaeche_m2": 360.890686, "gebaeudealter_2026": 132.0, "gebaeude_nutzung": "Gebäude Industrie", "qualitaet": "AV93", "bev_pers_n": 42.0, "bev_dichte_pha": 42.0 }, "geometry": { "type": "Point", "coordinates": [ 8.531778044165147, 47.374428722309986 ] } },
{ "type": "Feature", "properties": { "egid_int": 2366295, "strasse": "Freyastrasse", "hausnummer": "12", "plz": 8004.0, "ortschaft": "Zürich", "baujahr": 1895.0, "grundflaeche_m2": 253.6226985, "gebaeudealter_2026": 131.0, "gebaeude_nutzung": "Gebäude Industrie", "qualitaet": "AV93", "bev_pers_n": 139.0, "bev_dichte_pha": 139.0 }, "geometry": { "type": "Point", "coordinates": [ 8.524688618936805, 47.372158510269472 ] } },
{ "type": "Feature", "properties": { "egid_int": 2366306, "strasse": "Stauffacherstrasse", "hausnummer": "101", "plz": 8004.0, "ortschaft": "Zürich", "baujahr": 1972.0, "grundflaeche_m2": 374.5354685, "gebaeudealter_2026": 54.0, "gebaeude_nutzung": "Gebäude Verwaltung", "qualitaet": "AV93", "bev_pers_n": 204.0, "bev_dichte_pha": 204.0 }, "geometry": { "type": "Point", "coordinates": [ 8.525212078704643, 47.376448054758164 ] } },
{ "type": "Feature", "properties": { "egid_int": 2366308, "strasse": "Zwinglistrasse", "hausnummer": "5", "plz": 8004.0, "ortschaft": "Zürich", "baujahr": 1895.0, "grundflaeche_m2": 67.444569, "gebaeudealter_2026": 131.0, "gebaeude_nutzung": "Gebäude Wohnen", "qualitaet": "AV93", "bev_pers_n": 239.0, "bev_dichte_pha": 239.0 }, "geometry": { "type": "Point", "coordinates": [ 8.529269137696687, 47.377771583458291 ] } },
{ "type": "Feature", "properties": { "egid_int": 2366309, "strasse": "Militärstrasse", "hausnummer": "36", "plz": 8004.0, "ortschaft": "Zürich", "baujahr": 1974.0, "grundflaeche_m2": 818.104377, "gebaeudealter_2026": 52.0, "gebaeude_nutzung": "Gebäude Verwaltung", "qualitaet": "AV93", "bev_pers_n": 4.0, "bev_dichte_pha": 4.0 }, "geometry": { "type": "Point", "coordinates": [ 8.532125879315567, 47.37725003431612 ] } },
{ "type": "Feature", "properties": { "egid_int": 2366310, "strasse": "Müllerstrasse", "hausnummer": "72", "plz": 8004.0, "ortschaft": "Zürich", "baujahr": 1895.0, "grundflaeche_m2": 92.7286825, "gebaeudealter_2026": 131.0, "gebaeude_nutzung": "Gebäude Wohnen", "qualitaet": "AV93", "bev_pers_n": 275.0, "bev_dichte_pha": 275.0 }, "geometry": { "type": "Point", "coordinates": [ 8.528678120181404, 47.37617876559181 ] } },
{ "type": "Feature", "properties": { "egid_int": 2366311, "strasse": "Zwinglistrasse", "hausnummer": "36", "plz": 8004.0, "ortschaft": "Zürich", "baujahr": 1895.0, "grundflaeche_m2": 61.512311, "gebaeudealter_2026": 131.0, "gebaeude_nutzung": "Gebäude Verwaltung", "qualitaet": "AV93", "bev_pers_n": 203.0, "bev_dichte_pha": 203.0 }, "geometry": { "type": "Point", "coordinates": [ 8.528041132247711, 47.37904325997971 ] } },
{ "type": "Feature", "properties": { "egid_int": 2366315, "strasse": "Bäckerstrasse", "hausnummer": "52", "plz": 8004.0, "ortschaft": "Zürich", "baujahr": 1896.0, "grundflaeche_m2": 259.569148, "gebaeudealter_2026": 130.0, "gebaeude_nutzung": "Gebäude Verwaltung", "qualitaet": "AV93", "bev_pers_n": 240.0, "bev_dichte_pha": 240.0 }, "geometry": { "type": "Point", "coordinates": [ 8.528396297712964, 47.375796577452725 ] } },
{ "type": "Feature", "properties": { "egid_int": 2366317, "strasse": "Kernstrasse", "hausnummer": "65", "plz": 8004.0, "ortschaft": "Zürich", "baujahr": 1896.0, "grundflaeche_m2": 98.586492, "gebaeudealter_2026": 130.0, "gebaeude_nutzung": "Gebäude Industrie", "qualitaet": "AV93", "bev_pers_n": 204.0, "bev_dichte_pha": 204.0 }, "geometry": { "type": "Point", "coordinates": [ 8.526253914629313, 47.378550581283811 ] } },
{ "type": "Feature", "properties": { "egid_int": 2366319, "strasse": "Stauffacherstrasse", "hausnummer": "101a", "plz": 8004.0, "ortschaft": "Zürich", "baujahr": 1896.0, "grundflaeche_m2": 105.9496985, "gebaeudealter_2026": 130.0, "gebaeude_nutzung": "Gebäude Wohnen", "qualitaet": "AV93", "bev_pers_n": 204.0, "bev_dichte_pha": 204.0 }, "geometry": { "type": "Point", "coordinates": [ 8.524949293420862, 47.376335397844343 ] } },
{ "type": "Feature", "properties": { "egid_int": 2366321, "strasse": "Verena-Conzett-Strasse", "hausnummer": "11", "plz": 8004.0, "ortschaft": "Zürich", "baujahr": 1896.0, "grundflaeche_m2": 239.888558, "gebaeudealter_2026": 130.0, "gebaeude_nutzung": "Gebäude Verwaltung", "qualitaet": "AV93", "bev_pers_n": 187.0, "bev_dichte_pha": 187.0 }, "geometry": { "type": "Point", "coordinates": [ 8.527316034406669, 47.37076254051388 ] } },
{ "type": "Feature", "properties": { "egid_int": 2366324, "strasse": "Magnusstrasse", "hausnummer": "6", "plz": 8004.0, "ortschaft": "Zürich", "baujahr": 1896.0, "grundflaeche_m2": 97.946117, "gebaeudealter_2026": 130.0, "gebaeude_nutzung": "Gebäude Industrie", "qualitaet": "AV93", "bev_pers_n": 201.0, "bev_dichte_pha": 201.0 }, "geometry": { "type": "Point", "coordinates": [ 8.524799907392923, 47.37932524738558 ] } },
{ "type": "Feature", "properties": { "egid_int": 2366343, "strasse": "Magnusstrasse", "hausnummer": "21", "plz": 8004.0, "ortschaft": "Zürich", "baujahr": 1898.0, "grundflaeche_m2": 119.82977, "gebaeudealter_2026": 128.0, "gebaeude_nutzung": "Gebäude Industrie", "qualitaet": "AV93", "bev_pers_n": 290.0, "bev_dichte_pha": 290.0 }, "geometry": { "type": "Point", "coordinates": [ 8.524937306876835, 47.380052468867675 ] } },
{ "type": "Feature", "properties": { "egid_int": 2366345, "strasse": "Kanonengasse", "hausnummer": "9", "plz": 8004.0, "ortschaft": "Zürich", "baujahr": 1898.0, "grundflaeche_m2": 162.21028, "gebaeudealter_2026": 128.0, "gebaeude_nutzung": "Gebäude Wohnen", "qualitaet": "AV93", "bev_pers_n": 193.0, "bev_dichte_pha": 193.0 }, "geometry": { "type": "Point", "coordinates": [ 8.529097461826328, 47.377300456846406 ] } },
{ "type": "Feature", "properties": { "egid_int": 2366364, "strasse": "Gartenhofstrasse", "hausnummer": "15", "plz": 8004.0, "ortschaft": "Zürich", "baujahr": 1900.0, "grundflaeche_m2": 431.50966777999997, "gebaeudealter_2026": 126.0, "gebaeude_nutzung": "Gebäude Verwaltung", "qualitaet": "AV93", "bev_pers_n": 139.0, "bev_dichte_pha": 139.0 }, "geometry": { "type": "Point", "coordinates": [ 8.525045194387586, 47.372130690280088 ] } },
{ "type": "Feature", "properties": { "egid_int": 2366367, "strasse": "Kasernenstrasse", "hausnummer": "29", "plz": 8004.0, "ortschaft": "Zürich", "baujahr": 1900.0, "grundflaeche_m2": 1068.4336125, "gebaeudealter_2026": 126.0, "gebaeude_nutzung": "Gebäude Verwaltung", "qualitaet": "AV93", "bev_pers_n": 42.0, "bev_dichte_pha": 42.0 }, "geometry": { "type": "Point", "coordinates": [ 8.532267984630657, 47.374880173715702 ] } },
{ "type": "Feature", "properties": { "egid_int": 2366369, "strasse": "Schöntalstrasse", "hausnummer": "25", "plz": 8004.0, "ortschaft": "Zürich", "baujahr": 1901.0, "grundflaeche_m2": 527.79512536000004, "gebaeudealter_2026": 125.0, "gebaeude_nutzung": "Gebäude Wohnen", "qualitaet": "AV93", "bev_pers_n": 276.0, "bev_dichte_pha": 276.0 }, "geometry": { "type": "Point", "coordinates": [ 8.526172095990624, 47.370849901588123 ] } },
{ "type": "Feature", "properties": { "egid_int": 2366379, "strasse": "Elisabethenstrasse", "hausnummer": "14a", "plz": 8004.0, "ortschaft": "Zürich", "baujahr": 1915.0, "grundflaeche_m2": 97.832621, "gebaeudealter_2026": 111.0, "gebaeude_nutzung": "Gebäude Industrie", "qualitaet": "AV93", "bev_pers_n": 94.0, "bev_dichte_pha": 94.0 }, "geometry": { "type": "Point", "coordinates": [ 8.523013180147748, 47.373152443688781 ] } },
{ "type": "Feature", "properties": { "egid_int": 2366381, "strasse": "Weberstrasse", "hausnummer": "10", "plz": 8004.0, "ortschaft": "Zürich", "baujahr": 1904.0, "grundflaeche_m2": 214.604832, "gebaeudealter_2026": 122.0, "gebaeude_nutzung": "Gebäude Verwaltung", "qualitaet": "AV93", "bev_pers_n": 144.0, "bev_dichte_pha": 144.0 }, "geometry": { "type": "Point", "coordinates": [ 8.528631296436652, 47.370628728669374 ] } },
{ "type": "Feature", "properties": { "egid_int": 2366387, "strasse": "Badenerstrasse", "hausnummer": "298", "plz": 8004.0, "ortschaft": "Zürich", "baujahr": 1906.0, "grundflaeche_m2": 110.7362515, "gebaeudealter_2026": 120.0, "gebaeude_nutzung": "Gebäude Wohnen", "qualitaet": "AV93", "bev_pers_n": 196.0, "bev_dichte_pha": 196.0 }, "geometry": { "type": "Point", "coordinates": [ 8.513289221833748, 47.377202305737377 ] } },
{ "type": "Feature", "properties": { "egid_int": 2366389, "strasse": "Herdernstrasse", "hausnummer": "61", "plz": 8004.0, "ortschaft": "Zürich", "baujahr": 1907.0, "grundflaeche_m2": 10609.24041022, "gebaeudealter_2026": 119.0, "gebaeude_nutzung": "Gebäude Industrie", "qualitaet": "AV93", "bev_pers_n": 163.0, "bev_dichte_pha": 163.0 }, "geometry": { "type": "Point", "coordinates": [ 8.505917544388431, 47.38396952892618 ] } },
{ "type": "Feature", "properties": { "egid_int": 2366393, "strasse": "Hohlstrasse", "hausnummer": "400", "plz": 8048.0, "ortschaft": "Zürich", "baujahr": 1907.0, "grundflaeche_m2": 354.3840805, "gebaeudealter_2026": 119.0, "gebaeude_nutzung": "Gebäude Verwaltung", "qualitaet": "AV93", "bev_pers_n": 52.0, "bev_dichte_pha": 52.0 }, "geometry": { "type": "Point", "coordinates": [ 8.503667754154964, 47.386662279963971 ] } },
{ "type": "Feature", "properties": { "egid_int": 2366401, "strasse": "Hohlstrasse", "hausnummer": "216", "plz": 8004.0, "ortschaft": "Zürich", "baujahr": 1908.0, "grundflaeche_m2": 238.23983, "gebaeudealter_2026": 118.0, "gebaeude_nutzung": "Gebäude Verwaltung", "qualitaet": "AV93", "bev_pers_n": 186.0, "bev_dichte_pha": 186.0 }, "geometry": { "type": "Point", "coordinates": [ 8.516582618812661, 47.381995166153118 ] } },
{ "type": "Feature", "properties": { "egid_int": 2366412, "strasse": "Stauffacherstrasse", "hausnummer": "145a", "plz": 8004.0, "ortschaft": "Zürich", "baujahr": 1909.0, "grundflaeche_m2": 180.9381325, "gebaeudealter_2026": 117.0, "gebaeude_nutzung": "Gebäude Handel", "qualitaet": "AV93", "bev_pers_n": 211.0, "bev_dichte_pha": 211.0 }, "geometry": { "type": "Point", "coordinates": [ 8.522545670074313, 47.377145147380681 ] } },
{ "type": "Feature", "properties": { "egid_int": 2366418, "strasse": "Hohlstrasse", "hausnummer": "208", "plz": 8004.0, "ortschaft": "Zürich", "baujahr": 1909.0, "grundflaeche_m2": 194.235933, "gebaeudealter_2026": 117.0, "gebaeude_nutzung": "Gebäude Handel", "qualitaet": "AV93", "bev_pers_n": 137.0, "bev_dichte_pha": 137.0 }, "geometry": { "type": "Point", "coordinates": [ 8.51720531080057, 47.381999177069375 ] } },
{ "type": "Feature", "properties": { "egid_int": 2366420, "strasse": null, "hausnummer": null, "plz": null, "ortschaft": null, "baujahr": 1910.0, "grundflaeche_m2": 544.5700635, "gebaeudealter_2026": 116.0, "gebaeude_nutzung": "Gebäude Industrie", "qualitaet": "AV93", "bev_pers_n": 27.0, "bev_dichte_pha": 27.0 }, "geometry": { "type": "Point", "coordinates": [ 8.528386813570156, 47.369916740934144 ] } },
{ "type": "Feature", "properties": { "egid_int": 2366422, "strasse": "Badenerstrasse", "hausnummer": "29", "plz": 8004.0, "ortschaft": "Zürich", "baujahr": 1911.0, "grundflaeche_m2": 548.6551065, "gebaeudealter_2026": 115.0, "gebaeude_nutzung": "Gebäude Verwaltung", "qualitaet": "AV93", "bev_pers_n": 65.0, "bev_dichte_pha": 65.0 }, "geometry": { "type": "Point", "coordinates": [ 8.529576849183483, 47.373369811358785 ] } },
{ "type": "Feature", "properties": { "egid_int": 2366425, "strasse": "Zypressenstrasse", "hausnummer": "71", "plz": 8004.0, "ortschaft": "Zürich", "baujahr": 1911.0, "grundflaeche_m2": 426.569051, "gebaeudealter_2026": 115.0, "gebaeude_nutzung": "Gebäude Wohnen", "qualitaet": "AV93", "bev_pers_n": 239.0, "bev_dichte_pha": 239.0 }, "geometry": { "type": "Point", "coordinates": [ 8.514445491201451, 47.378666891327853 ] } },
{ "type": "Feature", "properties": { "egid_int": 2366432, "strasse": "Anwandstrasse", "hausnummer": "59", "plz": 8004.0, "ortschaft": "Zürich", "baujahr": 1911.0, "grundflaeche_m2": 346.180379, "gebaeudealter_2026": 115.0, "gebaeude_nutzung": "Gebäude Verwaltung", "qualitaet": "AV93", "bev_pers_n": 397.0, "bev_dichte_pha": 397.0 }, "geometry": { "type": "Point", "coordinates": [ 8.521423479836219, 47.377115940103529 ] } },
{ "type": "Feature", "properties": { "egid_int": 2366434, "strasse": null, "hausnummer": null, "plz": null, "ortschaft": null, "baujahr": 1912.0, "grundflaeche_m2": 291.4228985, "gebaeudealter_2026": 114.0, "gebaeude_nutzung": "Gebäude Industrie", "qualitaet": "AV93", "bev_pers_n": 181.0, "bev_dichte_pha": 181.0 }, "geometry": { "type": "Point", "coordinates": [ 8.521478820316608, 47.376711172328449 ] } },
{ "type": "Feature", "properties": { "egid_int": 2366446, "strasse": "Hohlstrasse", "hausnummer": "100", "plz": 8004.0, "ortschaft": "Zürich", "baujahr": 1914.0, "grundflaeche_m2": 861.818103, "gebaeudealter_2026": 112.0, "gebaeude_nutzung": "Gebäude Industrie", "qualitaet": "AV93", "bev_pers_n": 197.0, "bev_dichte_pha": 197.0 }, "geometry": { "type": "Point", "coordinates": [ 8.52297518171849, 47.379391745487418 ] } },
{ "type": "Feature", "properties": { "egid_int": 2366447, "strasse": "Badenerstrasse", "hausnummer": "90", "plz": 8004.0, "ortschaft": "Zürich", "baujahr": 1916.0, "grundflaeche_m2": 2838.2668425000002, "gebaeudealter_2026": 110.0, "gebaeude_nutzung": "Gebäude Verwaltung", "qualitaet": "AV93", "bev_pers_n": 11.0, "bev_dichte_pha": 11.0 }, "geometry": { "type": "Point", "coordinates": [ 8.526013374703245, 47.374338050123143 ] } },
{ "type": "Feature", "properties": { "egid_int": 2366460, "strasse": "Eglistrasse", "hausnummer": "8", "plz": 8004.0, "ortschaft": "Zürich", "baujahr": 1917.0, "grundflaeche_m2": 364.353663, "gebaeudealter_2026": 109.0, "gebaeude_nutzung": "Gebäude Wohnen", "qualitaet": "AV93", "bev_pers_n": 278.0, "bev_dichte_pha": 278.0 }, "geometry": { "type": "Point", "coordinates": [ 8.510580387542941, 47.383889003954337 ] } },
{ "type": "Feature", "properties": { "egid_int": 2366463, "strasse": "Hirzelstrasse", "hausnummer": "25", "plz": 8004.0, "ortschaft": "Zürich", "baujahr": 1958.0, "grundflaeche_m2": 523.961449, "gebaeudealter_2026": 68.0, "gebaeude_nutzung": "Gebäude Verwaltung", "qualitaet": "AV93", "bev_pers_n": 51.0, "bev_dichte_pha": 51.0 }, "geometry": { "type": "Point", "coordinates": [ 8.5144133546539, 47.380475958697751 ] } },
{ "type": "Feature", "properties": { "egid_int": 2366466, "strasse": null, "hausnummer": null, "plz": null, "ortschaft": null, "baujahr": 1919.0, "grundflaeche_m2": 472.0030465, "gebaeudealter_2026": 107.0, "gebaeude_nutzung": "Gebäude Wohnen", "qualitaet": "AV93", "bev_pers_n": 158.0, "bev_dichte_pha": 158.0 }, "geometry": { "type": "Point", "coordinates": [ 8.51879976035457, 47.3855659063423 ] } },
{ "type": "Feature", "properties": { "egid_int": 2366470, "strasse": "Reitergasse", "hausnummer": "9", "plz": 8004.0, "ortschaft": "Zürich", "baujahr": 1985.0, "grundflaeche_m2": 570.9918835, "gebaeudealter_2026": 41.0, "gebaeude_nutzung": "Gebäude Verwaltung", "qualitaet": "AV93", "bev_pers_n": 63.0, "bev_dichte_pha": 63.0 }, "geometry": { "type": "Point", "coordinates": [ 8.533393416947643, 47.377049715883132 ] } },
{ "type": "Feature", "properties": { "egid_int": 2366476, "strasse": "Badenerstrasse", "hausnummer": "330", "plz": 8004.0, "ortschaft": "Zürich", "baujahr": 1933.0, "grundflaeche_m2": 1114.416575, "gebaeudealter_2026": 93.0, "gebaeude_nutzung": "Gebäude Verkehrswesen", "qualitaet": "AV93", "bev_pers_n": 168.0, "bev_dichte_pha": 168.0 }, "geometry": { "type": "Point", "coordinates": [ 8.511833953019398, 47.37818673751265 ] } },
{ "type": "Feature", "properties": { "egid_int": 2366480, "strasse": "Badenerstrasse", "hausnummer": "450", "plz": 8004.0, "ortschaft": "Zürich", "baujahr": 1961.0, "grundflaeche_m2": 312.3370625, "gebaeudealter_2026": 65.0, "gebaeude_nutzung": "Gebäude Verwaltung", "qualitaet": "AV93", "bev_pers_n": 309.0, "bev_dichte_pha": 309.0 }, "geometry": { "type": "Point", "coordinates": [ 8.505306624207277, 47.381068829426951 ] } },
{ "type": "Feature", "properties": { "egid_int": 2366481, "strasse": "Bullingerstrasse", "hausnummer": "50", "plz": 8004.0, "ortschaft": "Zürich", "baujahr": 1964.0, "grundflaeche_m2": 355.0894235, "gebaeudealter_2026": 62.0, "gebaeude_nutzung": "Gebäude Verwaltung", "qualitaet": "AV93", "bev_pers_n": 321.0, "bev_dichte_pha": 321.0 }, "geometry": { "type": "Point", "coordinates": [ 8.510657988868958, 47.381546605679596 ] } },
{ "type": "Feature", "properties": { "egid_int": 2366484, "strasse": "Norastrasse", "hausnummer": "7", "plz": 8004.0, "ortschaft": "Zürich", "baujahr": 1973.0, "grundflaeche_m2": 283.9185365, "gebaeudealter_2026": 53.0, "gebaeude_nutzung": "Gebäude Verwaltung", "qualitaet": "AV93", "bev_pers_n": 109.0, "bev_dichte_pha": 109.0 }, "geometry": { "type": "Point", "coordinates": [ 8.507555079738113, 47.380480017702595 ] } },
{ "type": "Feature", "properties": { "egid_int": 2366486, "strasse": "Karl-Bürkli-Strasse", "hausnummer": "7", "plz": 8004.0, "ortschaft": "Zürich", "baujahr": 1966.0, "grundflaeche_m2": 215.427313, "gebaeudealter_2026": 60.0, "gebaeude_nutzung": "Gebäude Verwaltung", "qualitaet": "AV93", "bev_pers_n": 85.0, "bev_dichte_pha": 85.0 }, "geometry": { "type": "Point", "coordinates": [ 8.517414388411249, 47.376571286139267 ] } },
{ "type": "Feature", "properties": { "egid_int": 2366504, "strasse": "Zimmerlistrasse", "hausnummer": "6", "plz": 8004.0, "ortschaft": "Zürich", "baujahr": 1927.0, "grundflaeche_m2": 836.919868, "gebaeudealter_2026": 99.0, "gebaeude_nutzung": "Gebäude Industrie", "qualitaet": "AV93", "bev_pers_n": 278.0, "bev_dichte_pha": 278.0 }, "geometry": { "type": "Point", "coordinates": [ 8.510049284894199, 47.383914673024016 ] } },
{ "type": "Feature", "properties": { "egid_int": 2366511, "strasse": null, "hausnummer": null, "plz": null, "ortschaft": null, "baujahr": 1928.0, "grundflaeche_m2": 14585.86566, "gebaeudealter_2026": 98.0, "gebaeude_nutzung": "Gebäude Verkehrswesen", "qualitaet": "AV93", "bev_pers_n": 66.0, "bev_dichte_pha": 66.0 }, "geometry": { "type": "Point", "coordinates": [ 8.524178230151785, 47.384620584972929 ] } },
{ "type": "Feature", "properties": { "egid_int": 2366512, "strasse": "Badenerstrasse", "hausnummer": "400", "plz": 8004.0, "ortschaft": "Zürich", "baujahr": 1928.0, "grundflaeche_m2": 794.0579645, "gebaeudealter_2026": 98.0, "gebaeude_nutzung": "Gebäude Industrie", "qualitaet": "AV93", "bev_pers_n": 109.0, "bev_dichte_pha": 109.0 }, "geometry": { "type": "Point", "coordinates": [ 8.507711522309011, 47.379775560003083 ] } },
{ "type": "Feature", "properties": { "egid_int": 2366515, "strasse": "Badenerstrasse", "hausnummer": "406", "plz": 8004.0, "ortschaft": "Zürich", "baujahr": 1928.0, "grundflaeche_m2": 367.1778995, "gebaeudealter_2026": 98.0, "gebaeude_nutzung": "Gebäude Industrie", "qualitaet": "AV93", "bev_pers_n": 109.0, "bev_dichte_pha": 109.0 }, "geometry": { "type": "Point", "coordinates": [ 8.507403091247808, 47.379777559293146 ] } },
{ "type": "Feature", "properties": { "egid_int": 2366523, "strasse": "Stauffacherquai", "hausnummer": "46", "plz": 8004.0, "ortschaft": "Zürich", "baujahr": 1929.0, "grundflaeche_m2": 733.025616, "gebaeudealter_2026": 97.0, "gebaeude_nutzung": "Gebäude Verwaltung", "qualitaet": "AV93", "bev_pers_n": 27.0, "bev_dichte_pha": 27.0 }, "geometry": { "type": "Point", "coordinates": [ 8.52934140561895, 47.370272258371095 ] } },
{ "type": "Feature", "properties": { "egid_int": 2366533, "strasse": "Hohlstrasse", "hausnummer": "110", "plz": 8004.0, "ortschaft": "Zürich", "baujahr": 1931.0, "grundflaeche_m2": 1129.9925591199999, "gebaeudealter_2026": 95.0, "gebaeude_nutzung": "Gebäude Verwaltung", "qualitaet": "AV93", "bev_pers_n": 176.0, "bev_dichte_pha": 176.0 }, "geometry": { "type": "Point", "coordinates": [ 8.522498982827408, 47.379600475011884 ] } },
{ "type": "Feature", "properties": { "egid_int": 2366535, "strasse": null, "hausnummer": null, "plz": null, "ortschaft": null, "baujahr": 1931.0, "grundflaeche_m2": 168.148778, "gebaeudealter_2026": 95.0, "gebaeude_nutzung": "Gebäude Wohnen", "qualitaet": "AV93", "bev_pers_n": 141.0, "bev_dichte_pha": 141.0 }, "geometry": { "type": "Point", "coordinates": [ 8.511352546301451, 47.383508712607274 ] } },
{ "type": "Feature", "properties": { "egid_int": 2366543, "strasse": "Remisenstrasse", "hausnummer": "7", "plz": 8004.0, "ortschaft": "Zürich", "baujahr": 1932.0, "grundflaeche_m2": 334.3562575, "gebaeudealter_2026": 94.0, "gebaeude_nutzung": "Gebäude Verkehrswesen", "qualitaet": "AV93", "bev_pers_n": 10.0, "bev_dichte_pha": 10.0 }, "geometry": { "type": "Point", "coordinates": [ 8.52183802906395, 47.381322407984946 ] } },
{ "type": "Feature", "properties": { "egid_int": 2366566, "strasse": "Bullingerstrasse", "hausnummer": "3", "plz": 8004.0, "ortschaft": "Zürich", "baujahr": 1936.0, "grundflaeche_m2": 206.84344473, "gebaeudealter_2026": 90.0, "gebaeude_nutzung": "Gebäude Verwaltung", "qualitaet": "AV93", "bev_pers_n": 46.0, "bev_dichte_pha": 46.0 }, "geometry": { "type": "Point", "coordinates": [ 8.515116576414151, 47.379509029700849 ] } },
{ "type": "Feature", "properties": { "egid_int": 2366567, "strasse": "Bullingerstrasse", "hausnummer": "9", "plz": 8004.0, "ortschaft": "Zürich", "baujahr": 1936.0, "grundflaeche_m2": 283.44902517999998, "gebaeudealter_2026": 90.0, "gebaeude_nutzung": "Gebäude Verwaltung", "qualitaet": "AV93", "bev_pers_n": 51.0, "bev_dichte_pha": 51.0 }, "geometry": { "type": "Point", "coordinates": [ 8.514623451157645, 47.379670677938307 ] } },
{ "type": "Feature", "properties": { "egid_int": 2366593, "strasse": "Birmensdorferstrasse", "hausnummer": "20", "plz": 8004.0, "ortschaft": "Zürich", "baujahr": 1957.0, "grundflaeche_m2": 442.761462, "gebaeudealter_2026": 69.0, "gebaeude_nutzung": "Gebäude Verwaltung", "qualitaet": "AV93", "bev_pers_n": 204.0, "bev_dichte_pha": 204.0 }, "geometry": { "type": "Point", "coordinates": [ 8.526692193654883, 47.372709459518489 ] } },
{ "type": "Feature", "properties": { "egid_int": 2366594, "strasse": "Hardstrasse", "hausnummer": "81", "plz": 8004.0, "ortschaft": "Zürich", "baujahr": 1963.0, "grundflaeche_m2": 609.1271245, "gebaeudealter_2026": 63.0, "gebaeude_nutzung": "Gebäude Verwaltung", "qualitaet": "AV93", "bev_pers_n": 79.0, "bev_dichte_pha": 79.0 }, "geometry": { "type": "Point", "coordinates": [ 8.512483546091026, 47.381392260581926 ] } },
{ "type": "Feature", "properties": { "egid_int": 2366595, "strasse": "Militärstrasse", "hausnummer": "106", "plz": 8004.0, "ortschaft": "Zürich", "baujahr": 1962.0, "grundflaeche_m2": 1077.6573795, "gebaeudealter_2026": 64.0, "gebaeude_nutzung": "Gebäude Verwaltung", "qualitaet": "AV93", "bev_pers_n": 238.0, "bev_dichte_pha": 238.0 }, "geometry": { "type": "Point", "coordinates": [ 8.52869456424215, 47.379337145963142 ] } },
{ "type": "Feature", "properties": { "egid_int": 2366596, "strasse": "Langstrasse", "hausnummer": "14", "plz": 8004.0, "ortschaft": "Zürich", "baujahr": 1971.0, "grundflaeche_m2": 190.489433, "gebaeudealter_2026": 55.0, "gebaeude_nutzung": "Gebäude Verwaltung", "qualitaet": "AV93", "bev_pers_n": 77.0, "bev_dichte_pha": 77.0 }, "geometry": { "type": "Point", "coordinates": [ 8.52491672001698, 47.374930100588564 ] } },
{ "type": "Feature", "properties": { "egid_int": 2371362, "strasse": null, "hausnummer": null, "plz": null, "ortschaft": null, "baujahr": 1950.0, "grundflaeche_m2": 3066.0632035, "gebaeudealter_2026": 76.0, "gebaeude_nutzung": "Gebäude Industrie", "qualitaet": "AV93", "bev_pers_n": 62.0, "bev_dichte_pha": 62.0 }, "geometry": { "type": "Point", "coordinates": [ 8.506190163540355, 47.379826796338676 ] } },
{ "type": "Feature", "properties": { "egid_int": 2371367, "strasse": "Badenerstrasse", "hausnummer": "451", "plz": 8003.0, "ortschaft": "Zürich", "baujahr": 1952.0, "grundflaeche_m2": 231.747269, "gebaeudealter_2026": 74.0, "gebaeude_nutzung": "Gebäude Handel", "qualitaet": "AV93", "bev_pers_n": 309.0, "bev_dichte_pha": 309.0 }, "geometry": { "type": "Point", "coordinates": [ 8.504657436377354, 47.380556534686271 ] } },
{ "type": "Feature", "properties": { "egid_int": 2372784, "strasse": null, "hausnummer": null, "plz": null, "ortschaft": null, "baujahr": 1853.0, "grundflaeche_m2": 344.340698, "gebaeudealter_2026": 173.0, "gebaeude_nutzung": "Gebäude Verwaltung", "qualitaet": "AV93", "bev_pers_n": 113.0, "bev_dichte_pha": 113.0 }, "geometry": { "type": "Point", "coordinates": [ 8.532505070599996, 47.372678718091208 ] } },
{ "type": "Feature", "properties": { "egid_int": 2373048, "strasse": "Zweierstrasse", "hausnummer": "61", "plz": 8004.0, "ortschaft": "Zürich", "baujahr": 1979.0, "grundflaeche_m2": 207.9340945, "gebaeudealter_2026": 47.0, "gebaeude_nutzung": "Nebengebäude", "qualitaet": "AV93", "bev_pers_n": 78.0, "bev_dichte_pha": 78.0 }, "geometry": { "type": "Point", "coordinates": [ 8.523463340519905, 47.372192926022613 ] } },
{ "type": "Feature", "properties": { "egid_int": 2373234, "strasse": "Morgartenstrasse", "hausnummer": "1", "plz": 8004.0, "ortschaft": "Zürich", "baujahr": 1990.0, "grundflaeche_m2": 1207.441420115, "gebaeudealter_2026": 36.0, "gebaeude_nutzung": "Gebäude Verwaltung", "qualitaet": "AV93", "bev_pers_n": 144.0, "bev_dichte_pha": 144.0 }, "geometry": { "type": "Point", "coordinates": [ 8.529999849217543, 47.371003379015661 ] } },
{ "type": "Feature", "properties": { "egid_int": 2373254, "strasse": "Hohlstrasse", "hausnummer": "330", "plz": 8004.0, "ortschaft": "Zürich", "baujahr": 1990.0, "grundflaeche_m2": 4040.979191, "gebaeudealter_2026": 36.0, "gebaeude_nutzung": "Gebäude Industrie", "qualitaet": "AV93", "bev_pers_n": 66.0, "bev_dichte_pha": 66.0 }, "geometry": { "type": "Point", "coordinates": [ 8.5114374754565, 47.38489340761371 ] } },
{ "type": "Feature", "properties": { "egid_int": 2373331, "strasse": "Hohlstrasse", "hausnummer": "86a", "plz": 8004.0, "ortschaft": "Zürich", "baujahr": 1990.0, "grundflaeche_m2": 1175.182934, "gebaeudealter_2026": 36.0, "gebaeude_nutzung": "Gebäude Wohnen", "qualitaet": "AV93", "bev_pers_n": 37.0, "bev_dichte_pha": 37.0 }, "geometry": { "type": "Point", "coordinates": [ 8.523772717678328, 47.37857615466497 ] } },
{ "type": "Feature", "properties": { "egid_int": 2373479, "strasse": "Stauffacherstrasse", "hausnummer": "41", "plz": 8004.0, "ortschaft": "Zürich", "baujahr": 1990.0, "grundflaeche_m2": 947.89656029000002, "gebaeudealter_2026": 36.0, "gebaeude_nutzung": "Gebäude Verwaltung", "qualitaet": "AV93", "bev_pers_n": 36.0, "bev_dichte_pha": 36.0 }, "geometry": { "type": "Point", "coordinates": [ 8.528092211280532, 47.374142238618361 ] } },
{ "type": "Feature", "properties": { "egid_int": 2373611, "strasse": "Zweierstrasse", "hausnummer": "53", "plz": 8004.0, "ortschaft": "Zürich", "baujahr": 1992.0, "grundflaeche_m2": 228.9027545, "gebaeudealter_2026": 34.0, "gebaeude_nutzung": "Gebäude Wohnen", "qualitaet": "AV93", "bev_pers_n": 215.0, "bev_dichte_pha": 215.0 }, "geometry": { "type": "Point", "coordinates": [ 8.524461369759042, 47.372433315916311 ] } },
{ "type": "Feature", "properties": { "egid_int": 2373641, "strasse": "Hohlstrasse", "hausnummer": "295", "plz": 8004.0, "ortschaft": "Zürich", "baujahr": 1993.0, "grundflaeche_m2": 218.489665, "gebaeudealter_2026": 33.0, "gebaeude_nutzung": "Gebäude Wohnen", "qualitaet": "AV93", "bev_pers_n": 228.0, "bev_dichte_pha": 228.0 }, "geometry": { "type": "Point", "coordinates": [ 8.511889222388552, 47.382949146121184 ] } },
{ "type": "Feature", "properties": { "egid_int": 2373642, "strasse": "Hohlstrasse", "hausnummer": "303", "plz": 8004.0, "ortschaft": "Zürich", "baujahr": 1992.0, "grundflaeche_m2": 249.526913, "gebaeudealter_2026": 34.0, "gebaeude_nutzung": "Gebäude Wohnen", "qualitaet": "AV93", "bev_pers_n": 228.0, "bev_dichte_pha": 228.0 }, "geometry": { "type": "Point", "coordinates": [ 8.511607997645244, 47.383055507441973 ] } },
{ "type": "Feature", "properties": { "egid_int": 2373643, "strasse": "Hohlstrasse", "hausnummer": "305", "plz": 8004.0, "ortschaft": "Zürich", "baujahr": 1992.0, "grundflaeche_m2": 249.5241465, "gebaeudealter_2026": 34.0, "gebaeude_nutzung": "Gebäude Wohnen", "qualitaet": "AV93", "bev_pers_n": 141.0, "bev_dichte_pha": 141.0 }, "geometry": { "type": "Point", "coordinates": [ 8.511833981019484, 47.383291741920253 ] } },
{ "type": "Feature", "properties": { "egid_int": 2373645, "strasse": "Zweierstrasse", "hausnummer": "49", "plz": 8004.0, "ortschaft": "Zürich", "baujahr": 1992.0, "grundflaeche_m2": 228.646438, "gebaeudealter_2026": 34.0, "gebaeude_nutzung": "Gebäude Wohnen", "qualitaet": "AV93", "bev_pers_n": 215.0, "bev_dichte_pha": 215.0 }, "geometry": { "type": "Point", "coordinates": [ 8.524668121459758, 47.372471112618136 ] } },
{ "type": "Feature", "properties": { "egid_int": 2373663, "strasse": "Wyssgasse", "hausnummer": "6", "plz": 8004.0, "ortschaft": "Zürich", "baujahr": 1992.0, "grundflaeche_m2": 278.37065, "gebaeudealter_2026": 34.0, "gebaeude_nutzung": "Gebäude Wohnen", "qualitaet": "AV93", "bev_pers_n": 192.0, "bev_dichte_pha": 192.0 }, "geometry": { "type": "Point", "coordinates": [ 8.525499451855012, 47.373581018166249 ] } },
{ "type": "Feature", "properties": { "egid_int": 2373664, "strasse": "Kasernenstrasse", "hausnummer": "1", "plz": 8004.0, "ortschaft": "Zürich", "baujahr": 1991.0, "grundflaeche_m2": 634.56972327999995, "gebaeudealter_2026": 35.0, "gebaeude_nutzung": "Gebäude Verwaltung", "qualitaet": "AV93", "bev_pers_n": 113.0, "bev_dichte_pha": 113.0 }, "geometry": { "type": "Point", "coordinates": [ 8.531644388355978, 47.373740690324524 ] } },
{ "type": "Feature", "properties": { "egid_int": 2373665, "strasse": "Badenerstrasse", "hausnummer": "6", "plz": 8004.0, "ortschaft": "Zürich", "baujahr": 1932.0, "grundflaeche_m2": 1758.6847303300001, "gebaeudealter_2026": 94.0, "gebaeude_nutzung": "Gebäude Wohnen", "qualitaet": "AV93", "bev_pers_n": 113.0, "bev_dichte_pha": 113.0 }, "geometry": { "type": "Point", "coordinates": [ 8.531042699020801, 47.373666910267708 ] } },
{ "type": "Feature", "properties": { "egid_int": 2373667, "strasse": "Freischützgasse", "hausnummer": "3", "plz": 8004.0, "ortschaft": "Zürich", "baujahr": 1993.0, "grundflaeche_m2": 301.3044335, "gebaeudealter_2026": 33.0, "gebaeude_nutzung": "Gebäude Verwaltung", "qualitaet": "AV93", "bev_pers_n": 63.0, "bev_dichte_pha": 63.0 }, "geometry": { "type": "Point", "coordinates": [ 8.532704306464128, 47.37730329560339 ] } },
{ "type": "Feature", "properties": { "egid_int": 2373703, "strasse": "Hardgutstrasse", "hausnummer": "11", "plz": 8048.0, "ortschaft": "Zürich", "baujahr": 1993.0, "grundflaeche_m2": 2182.4886055000002, "gebaeudealter_2026": 33.0, "gebaeude_nutzung": "Gebäude Handel", "qualitaet": "AV93", "bev_pers_n": -999.0, "bev_dichte_pha": -999.0 }, "geometry": { "type": "Point", "coordinates": [ 8.504167368131254, 47.384934401099336 ] } },
{ "type": "Feature", "properties": { "egid_int": 2377892, "strasse": "Cramerstrasse", "hausnummer": "14", "plz": 8004.0, "ortschaft": "Zürich", "baujahr": 1847.0, "grundflaeche_m2": 58.3907, "gebaeudealter_2026": 179.0, "gebaeude_nutzung": "Gebäude Wohnen", "qualitaet": "AV93", "bev_pers_n": 120.0, "bev_dichte_pha": 120.0 }, "geometry": { "type": "Point", "coordinates": [ 8.526415348331357, 47.373312509522592 ] } },
{ "type": "Feature", "properties": { "egid_int": 2377931, "strasse": "Hirzelstrasse", "hausnummer": "11", "plz": 8004.0, "ortschaft": "Zürich", "baujahr": 1958.0, "grundflaeche_m2": 800.0728295, "gebaeudealter_2026": 68.0, "gebaeude_nutzung": "Gebäude Verwaltung", "qualitaet": "AV93", "bev_pers_n": 18.0, "bev_dichte_pha": 18.0 }, "geometry": { "type": "Point", "coordinates": [ 8.514320268168593, 47.381155765391604 ] } },
{ "type": "Feature", "properties": { "egid_int": 2378071, "strasse": null, "hausnummer": null, "plz": null, "ortschaft": null, "baujahr": 1954.0, "grundflaeche_m2": 51.3381863, "gebaeudealter_2026": 72.0, "gebaeude_nutzung": "Gebäude Verkehrswesen", "qualitaet": "AV93", "bev_pers_n": 186.0, "bev_dichte_pha": 186.0 }, "geometry": { "type": "Point", "coordinates": [ 8.510061065442972, 47.378307537067151 ] } },
{ "type": "Feature", "properties": { "egid_int": 2378128, "strasse": "Stauffacherstrasse", "hausnummer": "1", "plz": 8004.0, "ortschaft": "Zürich", "baujahr": 1934.0, "grundflaeche_m2": 502.9912455, "gebaeudealter_2026": 92.0, "gebaeude_nutzung": "Gebäude Verwaltung", "qualitaet": "AV93", "bev_pers_n": 195.0, "bev_dichte_pha": 195.0 }, "geometry": { "type": "Point", "coordinates": [ 8.529782611644226, 47.371500496630119 ] } },
{ "type": "Feature", "properties": { "egid_int": 2378341, "strasse": "Hohlstrasse", "hausnummer": "402", "plz": 8048.0, "ortschaft": "Zürich", "baujahr": 1907.0, "grundflaeche_m2": 1349.135996, "gebaeudealter_2026": 119.0, "gebaeude_nutzung": "Gebäude Verwaltung", "qualitaet": "AV93", "bev_pers_n": 52.0, "bev_dichte_pha": 52.0 }, "geometry": { "type": "Point", "coordinates": [ 8.502966648961671, 47.386860946699457 ] } },
{ "type": "Feature", "properties": { "egid_int": 2381169, "strasse": "Hohlstrasse", "hausnummer": "424", "plz": 8048.0, "ortschaft": "Zürich", "baujahr": 1997.0, "grundflaeche_m2": 29.362155, "gebaeudealter_2026": 29.0, "gebaeude_nutzung": "Gebäude Verkehrswesen", "qualitaet": "AV93", "bev_pers_n": 41.0, "bev_dichte_pha": 41.0 }, "geometry": { "type": "Point", "coordinates": [ 8.500344508370743, 47.387622404019922 ] } },
{ "type": "Feature", "properties": { "egid_int": 3169116, "strasse": "Stauffacherstrasse", "hausnummer": "58", "plz": 8004.0, "ortschaft": "Zürich", "baujahr": 1910.0, "grundflaeche_m2": 1261.7951882150001, "gebaeudealter_2026": 116.0, "gebaeude_nutzung": "Gebäude Verwaltung", "qualitaet": "AV93", "bev_pers_n": 153.0, "bev_dichte_pha": 153.0 }, "geometry": { "type": "Point", "coordinates": [ 8.527284340841485, 47.37542826884701 ] } },
{ "type": "Feature", "properties": { "egid_int": 3169117, "strasse": "Stauffacherstrasse", "hausnummer": "33a", "plz": 8004.0, "ortschaft": "Zürich", "baujahr": 1897.0, "grundflaeche_m2": 205.659921, "gebaeudealter_2026": 129.0, "gebaeude_nutzung": "Gebäude Verwaltung", "qualitaet": "AV93", "bev_pers_n": 186.0, "bev_dichte_pha": 186.0 }, "geometry": { "type": "Point", "coordinates": [ 8.52813691990068, 47.373468064113275 ] } },
{ "type": "Feature", "properties": { "egid_int": 3169118, "strasse": "Elisabethenstrasse", "hausnummer": "16", "plz": 8004.0, "ortschaft": "Zürich", "baujahr": 1912.0, "grundflaeche_m2": 207.6981495, "gebaeudealter_2026": 114.0, "gebaeude_nutzung": "Gebäude Wohnen", "qualitaet": "AV93", "bev_pers_n": 94.0, "bev_dichte_pha": 94.0 }, "geometry": { "type": "Point", "coordinates": [ 8.522641320792047, 47.373140768263703 ] } },
{ "type": "Feature", "properties": { "egid_int": 3169119, "strasse": "Köchlistrasse", "hausnummer": "31", "plz": 8004.0, "ortschaft": "Zürich", "baujahr": 1900.0, "grundflaeche_m2": 175.156226, "gebaeudealter_2026": 126.0, "gebaeude_nutzung": "Gebäude Wohnen", "qualitaet": "AV93", "bev_pers_n": 214.0, "bev_dichte_pha": 214.0 }, "geometry": { "type": "Point", "coordinates": [ 8.522521202913888, 47.373771553623577 ] } },
{ "type": "Feature", "properties": { "egid_int": 3169122, "strasse": "Zwinglistrasse", "hausnummer": "34", "plz": 8004.0, "ortschaft": "Zürich", "baujahr": 1893.0, "grundflaeche_m2": 88.2561615, "gebaeudealter_2026": 133.0, "gebaeude_nutzung": "Gebäude Wohnen", "qualitaet": "AV93", "bev_pers_n": 203.0, "bev_dichte_pha": 203.0 }, "geometry": { "type": "Point", "coordinates": [ 8.528315288429971, 47.378900143659727 ] } },
{ "type": "Feature", "properties": { "egid_int": 3169124, "strasse": "Hellmutstrasse", "hausnummer": "6", "plz": 8004.0, "ortschaft": "Zürich", "baujahr": 1988.0, "grundflaeche_m2": 474.176858, "gebaeudealter_2026": 38.0, "gebaeude_nutzung": "Gebäude Wohnen", "qualitaet": "AV93", "bev_pers_n": 37.0, "bev_dichte_pha": 37.0 }, "geometry": { "type": "Point", "coordinates": [ 8.524463030731656, 47.378576369554075 ] } },
{ "type": "Feature", "properties": { "egid_int": 3169129, "strasse": "Kochstrasse", "hausnummer": "22", "plz": 8004.0, "ortschaft": "Zürich", "baujahr": 1895.0, "grundflaeche_m2": 171.732579, "gebaeudealter_2026": 131.0, "gebaeude_nutzung": "Gebäude Verwaltung", "qualitaet": "AV93", "bev_pers_n": 278.0, "bev_dichte_pha": 278.0 }, "geometry": { "type": "Point", "coordinates": [ 8.515324468663739, 47.378491114881214 ] } },
{ "type": "Feature", "properties": { "egid_int": 3169138, "strasse": null, "hausnummer": null, "plz": null, "ortschaft": null, "baujahr": 1866.0, "grundflaeche_m2": 1199.035432, "gebaeudealter_2026": 160.0, "gebaeude_nutzung": "Gebäude Verwaltung", "qualitaet": "AV93", "bev_pers_n": 42.0, "bev_dichte_pha": 42.0 }, "geometry": { "type": "Point", "coordinates": [ 8.533903039770983, 47.374622811851154 ] } },
{ "type": "Feature", "properties": { "egid_int": 3169141, "strasse": "Feldstrasse", "hausnummer": "144", "plz": 8004.0, "ortschaft": "Zürich", "baujahr": 1894.0, "grundflaeche_m2": 125.0643325, "gebaeudealter_2026": 132.0, "gebaeude_nutzung": "Gebäude Gastgewerbe", "qualitaet": "AV93", "bev_pers_n": 76.0, "bev_dichte_pha": 76.0 }, "geometry": { "type": "Point", "coordinates": [ 8.525228457190517, 47.380492163838568 ] } },
{ "type": "Feature", "properties": { "egid_int": 3169158, "strasse": "Stierliweg", "hausnummer": "6", "plz": 8004.0, "ortschaft": "Zürich", "baujahr": 1892.0, "grundflaeche_m2": 63.120785, "gebaeudealter_2026": 134.0, "gebaeude_nutzung": "Nebengebäude", "qualitaet": "AV93", "bev_pers_n": 196.0, "bev_dichte_pha": 196.0 }, "geometry": { "type": "Point", "coordinates": [ 8.512734932997812, 47.377690587161077 ] } },
{ "type": "Feature", "properties": { "egid_int": 3169159, "strasse": "St. Jakobstrasse", "hausnummer": "8", "plz": 8004.0, "ortschaft": "Zürich", "baujahr": 1900.0, "grundflaeche_m2": 126.964775, "gebaeudealter_2026": 126.0, "gebaeude_nutzung": "Gebäude Wohnen", "qualitaet": "AV93", "bev_pers_n": 186.0, "bev_dichte_pha": 186.0 }, "geometry": { "type": "Point", "coordinates": [ 8.528242859011421, 47.373798751078475 ] } },
{ "type": "Feature", "properties": { "egid_int": 3169160, "strasse": null, "hausnummer": null, "plz": null, "ortschaft": null, "baujahr": 1952.0, "grundflaeche_m2": 506.743104, "gebaeudealter_2026": 74.0, "gebaeude_nutzung": "Gebäude Verwaltung", "qualitaet": "AV93", "bev_pers_n": 260.0, "bev_dichte_pha": 260.0 }, "geometry": { "type": "Point", "coordinates": [ 8.527172479922287, 47.378167534915576 ] } },
{ "type": "Feature", "properties": { "egid_int": 3169162, "strasse": "Feldstrasse", "hausnummer": "133", "plz": 8004.0, "ortschaft": "Zürich", "baujahr": 1972.0, "grundflaeche_m2": 507.4693015, "gebaeudealter_2026": 54.0, "gebaeude_nutzung": "Gebäude Verwaltung", "qualitaet": "AV93", "bev_pers_n": 266.0, "bev_dichte_pha": 266.0 }, "geometry": { "type": "Point", "coordinates": [ 8.524409260906113, 47.380107715622849 ] } },
{ "type": "Feature", "properties": { "egid_int": 3169173, "strasse": null, "hausnummer": null, "plz": null, "ortschaft": null, "baujahr": 1887.0, "grundflaeche_m2": 107.2252265, "gebaeudealter_2026": 139.0, "gebaeude_nutzung": "Gebäude Verwaltung", "qualitaet": "AV93", "bev_pers_n": 139.0, "bev_dichte_pha": 139.0 }, "geometry": { "type": "Point", "coordinates": [ 8.525263556908003, 47.371917061911063 ] } },
{ "type": "Feature", "properties": { "egid_int": 3169176, "strasse": "Neufrankengasse", "hausnummer": "28", "plz": 8004.0, "ortschaft": "Zürich", "baujahr": 1984.0, "grundflaeche_m2": 259.25882028000001, "gebaeudealter_2026": 42.0, "gebaeude_nutzung": "Gebäude Wohnen", "qualitaet": "AV93", "bev_pers_n": 177.0, "bev_dichte_pha": 177.0 }, "geometry": { "type": "Point", "coordinates": [ 8.526685613230145, 47.380881798509144 ] } },
{ "type": "Feature", "properties": { "egid_int": 3169177, "strasse": "Schöneggstrasse", "hausnummer": "15", "plz": 8004.0, "ortschaft": "Zürich", "baujahr": 1990.0, "grundflaeche_m2": 248.7220565, "gebaeudealter_2026": 36.0, "gebaeude_nutzung": "Gebäude Wohnen", "qualitaet": "AV93", "bev_pers_n": 422.0, "bev_dichte_pha": 422.0 }, "geometry": { "type": "Point", "coordinates": [ 8.526708751561939, 47.379994501411332 ] } },
{ "type": "Feature", "properties": { "egid_int": 3169178, "strasse": "Badenerstrasse", "hausnummer": "172", "plz": 8004.0, "ortschaft": "Zürich", "baujahr": 1984.0, "grundflaeche_m2": 2960.6708425000002, "gebaeudealter_2026": 42.0, "gebaeude_nutzung": "Gebäude Verwaltung", "qualitaet": "AV93", "bev_pers_n": 33.0, "bev_dichte_pha": 33.0 }, "geometry": { "type": "Point", "coordinates": [ 8.519978436693583, 47.375089215104218 ] } },
{ "type": "Feature", "properties": { "egid_int": 3169672, "strasse": "Stauffacherstrasse", "hausnummer": "56", "plz": 8004.0, "ortschaft": "Zürich", "baujahr": 1910.0, "grundflaeche_m2": 1188.078542, "gebaeudealter_2026": 116.0, "gebaeude_nutzung": "Gebäude Verwaltung", "qualitaet": "AV93", "bev_pers_n": 153.0, "bev_dichte_pha": 153.0 }, "geometry": { "type": "Point", "coordinates": [ 8.527453861392438, 47.375260819082399 ] } },
{ "type": "Feature", "properties": { "egid_int": 3169944, "strasse": "Bienenstrasse", "hausnummer": "11", "plz": 8004.0, "ortschaft": "Zürich", "baujahr": 1997.0, "grundflaeche_m2": 289.0856135, "gebaeudealter_2026": 29.0, "gebaeude_nutzung": "Gebäude Wohnen", "qualitaet": "AV93", "bev_pers_n": 81.0, "bev_dichte_pha": 81.0 }, "geometry": { "type": "Point", "coordinates": [ 8.506733175866771, 47.381270325645687 ] } },
{ "type": "Feature", "properties": { "egid_int": 9001291, "strasse": "Albisriederplatz", "hausnummer": "8", "plz": 8004.0, "ortschaft": "Zürich", "baujahr": 1959.0, "grundflaeche_m2": 600.1407096, "gebaeudealter_2026": 67.0, "gebaeude_nutzung": "Gebäude Verwaltung", "qualitaet": "AV93", "bev_pers_n": 186.0, "bev_dichte_pha": 186.0 }, "geometry": { "type": "Point", "coordinates": [ 8.510318946003579, 47.378606795160316 ] } },
{ "type": "Feature", "properties": { "egid_int": 9001345, "strasse": "Ankerstrasse", "hausnummer": "3", "plz": 8004.0, "ortschaft": "Zürich", "baujahr": 1956.0, "grundflaeche_m2": 465.7074105, "gebaeudealter_2026": 70.0, "gebaeude_nutzung": "Gebäude Verwaltung", "qualitaet": "AV93", "bev_pers_n": 187.0, "bev_dichte_pha": 187.0 }, "geometry": { "type": "Point", "coordinates": [ 8.523524477005438, 47.372632159271348 ] } },
{ "type": "Feature", "properties": { "egid_int": 9001382, "strasse": "Badenerstrasse", "hausnummer": "458", "plz": 8004.0, "ortschaft": "Zürich", "baujahr": 1964.0, "grundflaeche_m2": 225.3965295, "gebaeudealter_2026": 62.0, "gebaeude_nutzung": "Gebäude Wohnen", "qualitaet": "AV93", "bev_pers_n": 36.0, "bev_dichte_pha": 36.0 }, "geometry": { "type": "Point", "coordinates": [ 8.504452917825303, 47.381144468365441 ] } },
{ "type": "Feature", "properties": { "egid_int": 9001409, "strasse": null, "hausnummer": null, "plz": null, "ortschaft": null, "baujahr": 1887.0, "grundflaeche_m2": 195.7375405, "gebaeudealter_2026": 139.0, "gebaeude_nutzung": "Gebäude Wohnen", "qualitaet": "AV93", "bev_pers_n": 139.0, "bev_dichte_pha": 139.0 }, "geometry": { "type": "Point", "coordinates": [ 8.525364678963692, 47.371807260544678 ] } },
{ "type": "Feature", "properties": { "egid_int": 9001576, "strasse": "Hohlstrasse", "hausnummer": "149", "plz": 8004.0, "ortschaft": "Zürich", "baujahr": 1877.0, "grundflaeche_m2": 254.0677145, "gebaeudealter_2026": 149.0, "gebaeude_nutzung": "Gebäude Wohnen", "qualitaet": "AV93", "bev_pers_n": 160.0, "bev_dichte_pha": 160.0 }, "geometry": { "type": "Point", "coordinates": [ 8.520233646760385, 47.380017337900426 ] } },
{ "type": "Feature", "properties": { "egid_int": 9001577, "strasse": "Hohlstrasse", "hausnummer": "186", "plz": 8004.0, "ortschaft": "Zürich", "baujahr": 1955.0, "grundflaeche_m2": 786.5801655, "gebaeudealter_2026": 71.0, "gebaeude_nutzung": "Gebäude Verwaltung", "qualitaet": "AV93", "bev_pers_n": 155.0, "bev_dichte_pha": 155.0 }, "geometry": { "type": "Point", "coordinates": [ 8.518513464828786, 47.381106256767971 ] } },
{ "type": "Feature", "properties": { "egid_int": 9001578, "strasse": "Hohlstrasse", "hausnummer": "190", "plz": 8004.0, "ortschaft": "Zürich", "baujahr": 1985.0, "grundflaeche_m2": 1704.485154555, "gebaeudealter_2026": 41.0, "gebaeude_nutzung": "Gebäude Verwaltung", "qualitaet": "AV93", "bev_pers_n": 137.0, "bev_dichte_pha": 137.0 }, "geometry": { "type": "Point", "coordinates": [ 8.5178689669533, 47.381433619866101 ] } },
{ "type": "Feature", "properties": { "egid_int": 9001662, "strasse": "Molkenstrasse", "hausnummer": "5", "plz": 8004.0, "ortschaft": "Zürich", "baujahr": 1963.0, "grundflaeche_m2": 875.8088955, "gebaeudealter_2026": 63.0, "gebaeude_nutzung": "Gebäude Verwaltung", "qualitaet": "AV93", "bev_pers_n": 219.0, "bev_dichte_pha": 219.0 }, "geometry": { "type": "Point", "coordinates": [ 8.527336254438564, 47.376225925374129 ] } },
{ "type": "Feature", "properties": { "egid_int": 9001729, "strasse": "Reitergasse", "hausnummer": "1", "plz": 8004.0, "ortschaft": "Zürich", "baujahr": 1985.0, "grundflaeche_m2": 500.7847835, "gebaeudealter_2026": 41.0, "gebaeude_nutzung": "Gebäude Wohnen", "qualitaet": "AV93", "bev_pers_n": 63.0, "bev_dichte_pha": 63.0 }, "geometry": { "type": "Point", "coordinates": [ 8.533011183982609, 47.376772914708766 ] } },
{ "type": "Feature", "properties": { "egid_int": 9001846, "strasse": "Weberstrasse", "hausnummer": "3", "plz": 8004.0, "ortschaft": "Zürich", "baujahr": 1908.0, "grundflaeche_m2": 294.3954735, "gebaeudealter_2026": 118.0, "gebaeude_nutzung": "Gebäude Verwaltung", "qualitaet": "AV93", "bev_pers_n": 27.0, "bev_dichte_pha": 27.0 }, "geometry": { "type": "Point", "coordinates": [ 8.528748599573856, 47.37003640738088 ] } },
{ "type": "Feature", "properties": { "egid_int": 9001942, "strasse": "Badenerstrasse", "hausnummer": "437", "plz": 8003.0, "ortschaft": "Zürich", "baujahr": 1929.0, "grundflaeche_m2": 937.113799, "gebaeudealter_2026": 97.0, "gebaeude_nutzung": "Gebäude Verwaltung", "qualitaet": "AV93", "bev_pers_n": 309.0, "bev_dichte_pha": 309.0 }, "geometry": { "type": "Point", "coordinates": [ 8.505179709318071, 47.380328780435832 ] } },
{ "type": "Feature", "properties": { "egid_int": 9004576, "strasse": "Badenerstrasse", "hausnummer": "49", "plz": 8004.0, "ortschaft": "Zürich", "baujahr": 1918.0, "grundflaeche_m2": 67.650618, "gebaeudealter_2026": 108.0, "gebaeude_nutzung": "Nebengebäude", "qualitaet": "AV93", "bev_pers_n": 186.0, "bev_dichte_pha": 186.0 }, "geometry": { "type": "Point", "coordinates": [ 8.527637846478829, 47.37323154810008 ] } },
{ "type": "Feature", "properties": { "egid_int": 9004580, "strasse": null, "hausnummer": null, "plz": null, "ortschaft": null, "baujahr": 1960.0, "grundflaeche_m2": 1181.1905968149999, "gebaeudealter_2026": 66.0, "gebaeude_nutzung": "Nebengebäude", "qualitaet": "AV93", "bev_pers_n": 236.0, "bev_dichte_pha": 236.0 }, "geometry": { "type": "Point", "coordinates": [ 8.508764928032241, 47.387353236149593 ] } },
{ "type": "Feature", "properties": { "egid_int": 9011099, "strasse": "Grüngasse", "hausnummer": "31", "plz": 8004.0, "ortschaft": "Zürich", "baujahr": 1925.0, "grundflaeche_m2": 217.21398643000001, "gebaeudealter_2026": 101.0, "gebaeude_nutzung": "Gebäude Wohnen", "qualitaet": "AV93", "bev_pers_n": 275.0, "bev_dichte_pha": 275.0 }, "geometry": { "type": "Point", "coordinates": [ 8.524143214790501, 47.374042951622393 ] } },
{ "type": "Feature", "properties": { "egid_int": 9011137, "strasse": "Hohlstrasse", "hausnummer": "291", "plz": 8004.0, "ortschaft": "Zürich", "baujahr": 1993.0, "grundflaeche_m2": 244.0493525, "gebaeudealter_2026": 33.0, "gebaeude_nutzung": "Gebäude Wohnen", "qualitaet": "AV93", "bev_pers_n": 141.0, "bev_dichte_pha": 141.0 }, "geometry": { "type": "Point", "coordinates": [ 8.512231655428092, 47.383281111979038 ] } },
{ "type": "Feature", "properties": { "egid_int": 9011138, "strasse": "Hohlstrasse", "hausnummer": "293", "plz": 8004.0, "ortschaft": "Zürich", "baujahr": 1993.0, "grundflaeche_m2": 218.434855, "gebaeudealter_2026": 33.0, "gebaeude_nutzung": "Gebäude Wohnen", "qualitaet": "AV93", "bev_pers_n": 228.0, "bev_dichte_pha": 228.0 }, "geometry": { "type": "Point", "coordinates": [ 8.512099310838268, 47.383151040640087 ] } },
{ "type": "Feature", "properties": { "egid_int": 9011139, "strasse": "Hohlstrasse", "hausnummer": "297", "plz": 8004.0, "ortschaft": "Zürich", "baujahr": 1993.0, "grundflaeche_m2": 189.6240485, "gebaeudealter_2026": 33.0, "gebaeude_nutzung": "Gebäude Wohnen", "qualitaet": "AV93", "bev_pers_n": 228.0, "bev_dichte_pha": 228.0 }, "geometry": { "type": "Point", "coordinates": [ 8.511769660717805, 47.38282240976455 ] } },
{ "type": "Feature", "properties": { "egid_int": 9011140, "strasse": "Hohlstrasse", "hausnummer": "299", "plz": 8004.0, "ortschaft": "Zürich", "baujahr": 1993.0, "grundflaeche_m2": 338.0669415, "gebaeudealter_2026": 33.0, "gebaeude_nutzung": "Gebäude Wohnen", "qualitaet": "AV93", "bev_pers_n": 228.0, "bev_dichte_pha": 228.0 }, "geometry": { "type": "Point", "coordinates": [ 8.511670751576702, 47.382711042947307 ] } },
{ "type": "Feature", "properties": { "egid_int": 9011141, "strasse": "Hohlstrasse", "hausnummer": "301", "plz": 8004.0, "ortschaft": "Zürich", "baujahr": 1993.0, "grundflaeche_m2": 251.524299, "gebaeudealter_2026": 33.0, "gebaeude_nutzung": "Gebäude Wohnen", "qualitaet": "AV93", "bev_pers_n": 228.0, "bev_dichte_pha": 228.0 }, "geometry": { "type": "Point", "coordinates": [ 8.51136478307089, 47.382739511290325 ] } },
{ "type": "Feature", "properties": { "egid_int": 9011218, "strasse": "Müllerstrasse", "hausnummer": "16", "plz": 8004.0, "ortschaft": "Zürich", "baujahr": 1981.0, "grundflaeche_m2": 870.9610765, "gebaeudealter_2026": 45.0, "gebaeude_nutzung": "Gebäude Verwaltung", "qualitaet": "AV93", "bev_pers_n": 42.0, "bev_dichte_pha": 42.0 }, "geometry": { "type": "Point", "coordinates": [ 8.53125688780349, 47.374314458669737 ] } },
{ "type": "Feature", "properties": { "egid_int": 9011378, "strasse": "Stauffacherquai", "hausnummer": "42", "plz": 8004.0, "ortschaft": "Zürich", "baujahr": 1913.0, "grundflaeche_m2": 1046.9957678000001, "gebaeudealter_2026": 113.0, "gebaeude_nutzung": "Gebäude Verwaltung", "qualitaet": "AV93", "bev_pers_n": 144.0, "bev_dichte_pha": 144.0 }, "geometry": { "type": "Point", "coordinates": [ 8.529652473846831, 47.37057127821403 ] } },
{ "type": "Feature", "properties": { "egid_int": 9011502, "strasse": "Werdstrasse", "hausnummer": "25", "plz": 8004.0, "ortschaft": "Zürich", "baujahr": 1961.0, "grundflaeche_m2": 2034.344711, "gebaeudealter_2026": 65.0, "gebaeude_nutzung": "Gebäude Verwaltung", "qualitaet": "AV93", "bev_pers_n": 63.0, "bev_dichte_pha": 63.0 }, "geometry": { "type": "Point", "coordinates": [ 8.530329003297469, 47.37259565433812 ] } },
{ "type": "Feature", "properties": { "egid_int": 9011537, "strasse": "Aargauerstrasse", "hausnummer": "3a", "plz": 8048.0, "ortschaft": "Zürich", "baujahr": 1994.0, "grundflaeche_m2": 3154.307459655, "gebaeudealter_2026": 32.0, "gebaeude_nutzung": "Gebäude Industrie", "qualitaet": "AV93", "bev_pers_n": 52.0, "bev_dichte_pha": 52.0 }, "geometry": { "type": "Point", "coordinates": [ 8.504764004177435, 47.390115110194394 ] } },
{ "type": "Feature", "properties": { "egid_int": 9011546, "strasse": "Ankerstrasse", "hausnummer": "24", "plz": 8004.0, "ortschaft": "Zürich", "baujahr": 1953.0, "grundflaeche_m2": 819.5972695, "gebaeudealter_2026": 73.0, "gebaeude_nutzung": "Gebäude Verwaltung", "qualitaet": "AV93", "bev_pers_n": 192.0, "bev_dichte_pha": 192.0 }, "geometry": { "type": "Point", "coordinates": [ 8.524652144668348, 47.373309122429006 ] } },
{ "type": "Feature", "properties": { "egid_int": 9011551, "strasse": null, "hausnummer": null, "plz": null, "ortschaft": null, "baujahr": 1953.0, "grundflaeche_m2": 219.6010535, "gebaeudealter_2026": 73.0, "gebaeude_nutzung": "Gebäude Wohnen", "qualitaet": "AV93", "bev_pers_n": 36.0, "bev_dichte_pha": 36.0 }, "geometry": { "type": "Point", "coordinates": [ 8.504067935861869, 47.380727976745241 ] } },
{ "type": "Feature", "properties": { "egid_int": 9011599, "strasse": "Eisgasse", "hausnummer": "6", "plz": 8004.0, "ortschaft": "Zürich", "baujahr": 1889.0, "grundflaeche_m2": 193.25471, "gebaeudealter_2026": 137.0, "gebaeude_nutzung": "Gebäude Wohnen", "qualitaet": "AV93", "bev_pers_n": 4.0, "bev_dichte_pha": 4.0 }, "geometry": { "type": "Point", "coordinates": [ 8.53164069176994, 47.377774624986799 ] } },
{ "type": "Feature", "properties": { "egid_int": 9011600, "strasse": "Elisabethenstrasse", "hausnummer": "8", "plz": 8004.0, "ortschaft": "Zürich", "baujahr": 1906.0, "grundflaeche_m2": 102.337774, "gebaeudealter_2026": 120.0, "gebaeude_nutzung": "Gebäude Verwaltung", "qualitaet": "AV93", "bev_pers_n": 187.0, "bev_dichte_pha": 187.0 }, "geometry": { "type": "Point", "coordinates": [ 8.523116736324219, 47.373090349646894 ] } },
{ "type": "Feature", "properties": { "egid_int": 9011601, "strasse": "Elisabethenstrasse", "hausnummer": "15", "plz": 8004.0, "ortschaft": "Zürich", "baujahr": 1950.0, "grundflaeche_m2": 436.2535935, "gebaeudealter_2026": 76.0, "gebaeude_nutzung": "Gebäude Verkehrswesen", "qualitaet": "AV93", "bev_pers_n": 94.0, "bev_dichte_pha": 94.0 }, "geometry": { "type": "Point", "coordinates": [ 8.522424388612388, 47.372934458962746 ] } },
{ "type": "Feature", "properties": { "egid_int": 9011602, "strasse": "Engelstrasse", "hausnummer": "6", "plz": 8004.0, "ortschaft": "Zürich", "baujahr": 1969.0, "grundflaeche_m2": 872.4997035, "gebaeudealter_2026": 57.0, "gebaeude_nutzung": "Gebäude Verwaltung", "qualitaet": "AV93", "bev_pers_n": 109.0, "bev_dichte_pha": 109.0 }, "geometry": { "type": "Point", "coordinates": [ 8.522491030437644, 47.37496027121842 ] } },
{ "type": "Feature", "properties": { "egid_int": 9011603, "strasse": "Kanzleistrasse", "hausnummer": "90", "plz": 8004.0, "ortschaft": "Zürich", "baujahr": 1947.0, "grundflaeche_m2": 308.9315385, "gebaeudealter_2026": 79.0, "gebaeude_nutzung": "Gebäude Wohnen", "qualitaet": "AV93", "bev_pers_n": 404.0, "bev_dichte_pha": 404.0 }, "geometry": { "type": "Point", "coordinates": [ 8.523508877707956, 47.375987259128031 ] } },
{ "type": "Feature", "properties": { "egid_int": 9011630, "strasse": null, "hausnummer": null, "plz": null, "ortschaft": null, "baujahr": 1882.0, "grundflaeche_m2": 804.000843, "gebaeudealter_2026": 144.0, "gebaeude_nutzung": "Gebäude Wohnen", "qualitaet": "AV93", "bev_pers_n": 158.0, "bev_dichte_pha": 158.0 }, "geometry": { "type": "Point", "coordinates": [ 8.518350695102407, 47.385623651511317 ] } },
{ "type": "Feature", "properties": { "egid_int": 9011644, "strasse": "Hardstrasse", "hausnummer": "69", "plz": 8004.0, "ortschaft": "Zürich", "baujahr": 1944.0, "grundflaeche_m2": 346.70092911500001, "gebaeudealter_2026": 82.0, "gebaeude_nutzung": "Gebäude Industrie", "qualitaet": "AV93", "bev_pers_n": 79.0, "bev_dichte_pha": 79.0 }, "geometry": { "type": "Point", "coordinates": [ 8.512382426002031, 47.381044227358686 ] } },
{ "type": "Feature", "properties": { "egid_int": 9011658, "strasse": "Hohlstrasse", "hausnummer": "350", "plz": 8004.0, "ortschaft": "Zürich", "baujahr": 1974.0, "grundflaeche_m2": 384.272059, "gebaeudealter_2026": 52.0, "gebaeude_nutzung": "Gebäude Verkehrswesen", "qualitaet": "AV93", "bev_pers_n": 236.0, "bev_dichte_pha": 236.0 }, "geometry": { "type": "Point", "coordinates": [ 8.509989755007481, 47.384874027234076 ] } },
{ "type": "Feature", "properties": { "egid_int": 9011677, "strasse": null, "hausnummer": null, "plz": null, "ortschaft": null, "baujahr": 1914.0, "grundflaeche_m2": 400.809383, "gebaeudealter_2026": 112.0, "gebaeude_nutzung": "Gebäude Industrie", "qualitaet": "AV93", "bev_pers_n": 181.0, "bev_dichte_pha": 181.0 }, "geometry": { "type": "Point", "coordinates": [ 8.521158181048545, 47.376826472411295 ] } },
{ "type": "Feature", "properties": { "egid_int": 9011680, "strasse": "Karl-Bürkli-Strasse", "hausnummer": "5", "plz": 8004.0, "ortschaft": "Zürich", "baujahr": 1966.0, "grundflaeche_m2": 321.0911685, "gebaeudealter_2026": 60.0, "gebaeude_nutzung": "Gebäude Industrie", "qualitaet": "AV93", "bev_pers_n": 85.0, "bev_dichte_pha": 85.0 }, "geometry": { "type": "Point", "coordinates": [ 8.517599321402889, 47.376661111091238 ] } },
{ "type": "Feature", "properties": { "egid_int": 9011685, "strasse": "Kernstrasse", "hausnummer": "60", "plz": 8004.0, "ortschaft": "Zürich", "baujahr": 1896.0, "grundflaeche_m2": 940.6692025, "gebaeudealter_2026": 130.0, "gebaeude_nutzung": "Gebäude Wohnen", "qualitaet": "AV93", "bev_pers_n": 204.0, "bev_dichte_pha": 204.0 }, "geometry": { "type": "Point", "coordinates": [ 8.52619881436798, 47.377940035274797 ] } },
{ "type": "Feature", "properties": { "egid_int": 9011732, "strasse": "Molkenstrasse", "hausnummer": "17", "plz": 8004.0, "ortschaft": "Zürich", "baujahr": 1955.0, "grundflaeche_m2": 172.2291585, "gebaeudealter_2026": 71.0, "gebaeude_nutzung": "Gebäude Wohnen", "qualitaet": "AV93", "bev_pers_n": -999.0, "bev_dichte_pha": -999.0 }, "geometry": { "type": "Point", "coordinates": [ 8.52651030579873, 47.37662932089296 ] } },
{ "type": "Feature", "properties": { "egid_int": 9011791, "strasse": "Remisenstrasse", "hausnummer": "15", "plz": 8004.0, "ortschaft": "Zürich", "baujahr": 1899.0, "grundflaeche_m2": 8766.0408315000004, "gebaeudealter_2026": 127.0, "gebaeude_nutzung": "Gebäude Verkehrswesen", "qualitaet": "AV93", "bev_pers_n": 84.0, "bev_dichte_pha": 84.0 }, "geometry": { "type": "Point", "coordinates": [ 8.523617317268537, 47.381879769395418 ] } },
{ "type": "Feature", "properties": { "egid_int": 9011828, "strasse": "Sihlfeldstrasse", "hausnummer": "88", "plz": 8004.0, "ortschaft": "Zürich", "baujahr": 1966.0, "grundflaeche_m2": 400.0511995, "gebaeudealter_2026": 60.0, "gebaeude_nutzung": "Gebäude Wohnen", "qualitaet": "AV93", "bev_pers_n": 85.0, "bev_dichte_pha": 85.0 }, "geometry": { "type": "Point", "coordinates": [ 8.516891494608718, 47.376370585093134 ] } },
{ "type": "Feature", "properties": { "egid_int": 9011880, "strasse": "Schöntalstrasse", "hausnummer": "21", "plz": 8004.0, "ortschaft": "Zürich", "baujahr": 1894.0, "grundflaeche_m2": 1240.8351255, "gebaeudealter_2026": 132.0, "gebaeude_nutzung": "Gebäude Wohnen", "qualitaet": "AV93", "bev_pers_n": 246.0, "bev_dichte_pha": 246.0 }, "geometry": { "type": "Point", "coordinates": [ 8.526828533697664, 47.370346890886758 ] } },
{ "type": "Feature", "properties": { "egid_int": 9011897, "strasse": "Werdstrasse", "hausnummer": "6", "plz": 8004.0, "ortschaft": "Zürich", "baujahr": 1992.0, "grundflaeche_m2": 3382.2049662600002, "gebaeudealter_2026": 34.0, "gebaeude_nutzung": "Gebäude Wohnen", "qualitaet": "AV93", "bev_pers_n": 63.0, "bev_dichte_pha": 63.0 }, "geometry": { "type": "Point", "coordinates": [ 8.530362478415459, 47.372987489675722 ] } },
{ "type": "Feature", "properties": { "egid_int": 9039288, "strasse": "Ankerstrasse", "hausnummer": "16a", "plz": 8004.0, "ortschaft": "Zürich", "baujahr": 1895.0, "grundflaeche_m2": 148.2167285, "gebaeudealter_2026": 131.0, "gebaeude_nutzung": "Nebengebäude", "qualitaet": "AV93", "bev_pers_n": 215.0, "bev_dichte_pha": 215.0 }, "geometry": { "type": "Point", "coordinates": [ 8.524511306419109, 47.372887199083259 ] } },
{ "type": "Feature", "properties": { "egid_int": 9039319, "strasse": "Freyastrasse", "hausnummer": "14", "plz": 8004.0, "ortschaft": "Zürich", "baujahr": 1889.0, "grundflaeche_m2": 153.1420195, "gebaeudealter_2026": 137.0, "gebaeude_nutzung": "Gebäude Verwaltung", "qualitaet": "AV93", "bev_pers_n": 139.0, "bev_dichte_pha": 139.0 }, "geometry": { "type": "Point", "coordinates": [ 8.524374622573959, 47.372107455473106 ] } },
{ "type": "Feature", "properties": { "egid_int": 9039323, "strasse": "Sihlstrasse", "hausnummer": "50", "plz": 8001.0, "ortschaft": "Zürich", "baujahr": 1932.0, "grundflaeche_m2": 1878.2966415000001, "gebaeudealter_2026": 94.0, "gebaeude_nutzung": "Gebäude Verwaltung", "qualitaet": "AV93", "bev_pers_n": 113.0, "bev_dichte_pha": 113.0 }, "geometry": { "type": "Point", "coordinates": [ 8.532715973409653, 47.373290008861396 ] } },
{ "type": "Feature", "properties": { "egid_int": 9040122, "strasse": null, "hausnummer": null, "plz": null, "ortschaft": null, "baujahr": 1965.0, "grundflaeche_m2": 133.391439, "gebaeudealter_2026": 61.0, "gebaeude_nutzung": "Gebäude Industrie", "qualitaet": "AV93", "bev_pers_n": 146.0, "bev_dichte_pha": 146.0 }, "geometry": { "type": "Point", "coordinates": [ 8.506091558240467, 47.38282095173998 ] } },
{ "type": "Feature", "properties": { "egid_int": 9040135, "strasse": "Militärstrasse", "hausnummer": "79a", "plz": 8004.0, "ortschaft": "Zürich", "baujahr": 1894.0, "grundflaeche_m2": 124.772223, "gebaeudealter_2026": 132.0, "gebaeude_nutzung": "Gebäude Industrie", "qualitaet": "AV93", "bev_pers_n": 87.0, "bev_dichte_pha": 87.0 }, "geometry": { "type": "Point", "coordinates": [ 8.529808211117576, 47.378257626020812 ] } },
{ "type": "Feature", "properties": { "egid_int": 9040166, "strasse": "Zweierstrasse", "hausnummer": "50a", "plz": 8004.0, "ortschaft": "Zürich", "baujahr": 1908.0, "grundflaeche_m2": 46.788527, "gebaeudealter_2026": 118.0, "gebaeude_nutzung": "Nebengebäude", "qualitaet": "AV93", "bev_pers_n": 215.0, "bev_dichte_pha": 215.0 }, "geometry": { "type": "Point", "coordinates": [ 8.524468547507301, 47.37278567732379 ] } },
{ "type": "Feature", "properties": { "egid_int": 9046684, "strasse": "Badenerstrasse", "hausnummer": "133", "plz": 8004.0, "ortschaft": "Zürich", "baujahr": 1968.0, "grundflaeche_m2": 398.809343, "gebaeudealter_2026": 58.0, "gebaeude_nutzung": "Gebäude Verwaltung", "qualitaet": "AV93", "bev_pers_n": 214.0, "bev_dichte_pha": 214.0 }, "geometry": { "type": "Point", "coordinates": [ 8.52277956338026, 47.374142147479908 ] } },
{ "type": "Feature", "properties": { "egid_int": 9083806, "strasse": "Weberstrasse", "hausnummer": "5", "plz": 8004.0, "ortschaft": "Zürich", "baujahr": 1908.0, "grundflaeche_m2": 600.928173, "gebaeudealter_2026": 118.0, "gebaeude_nutzung": "Gebäude Verwaltung", "qualitaet": "AV93", "bev_pers_n": 27.0, "bev_dichte_pha": 27.0 }, "geometry": { "type": "Point", "coordinates": [ 8.528549143965575, 47.370249585409859 ] } },
{ "type": "Feature", "properties": { "egid_int": 9083807, "strasse": "Morgartenstrasse", "hausnummer": "29", "plz": 8004.0, "ortschaft": "Zürich", "baujahr": 1928.0, "grundflaeche_m2": 618.95086512, "gebaeudealter_2026": 98.0, "gebaeude_nutzung": "Gebäude Verwaltung", "qualitaet": "AV93", "bev_pers_n": 187.0, "bev_dichte_pha": 187.0 }, "geometry": { "type": "Point", "coordinates": [ 8.527590654481825, 47.371220988216244 ] } },
{ "type": "Feature", "properties": { "egid_int": 9083808, "strasse": "Werdgässchen", "hausnummer": "11", "plz": 8004.0, "ortschaft": "Zürich", "baujahr": 1952.0, "grundflaeche_m2": 42.912898, "gebaeudealter_2026": 74.0, "gebaeude_nutzung": "Gebäude Verwaltung", "qualitaet": "AV93", "bev_pers_n": 195.0, "bev_dichte_pha": 195.0 }, "geometry": { "type": "Point", "coordinates": [ 8.528964966574174, 47.372052261369255 ] } },
{ "type": "Feature", "properties": { "egid_int": 9083809, "strasse": "Gartenhofstrasse", "hausnummer": "6", "plz": 8004.0, "ortschaft": "Zürich", "baujahr": 1972.0, "grundflaeche_m2": 687.8651475, "gebaeudealter_2026": 54.0, "gebaeude_nutzung": "Gebäude Wohnen", "qualitaet": "AV93", "bev_pers_n": 111.0, "bev_dichte_pha": 111.0 }, "geometry": { "type": "Point", "coordinates": [ 8.525796767557591, 47.372322276179915 ] } },
{ "type": "Feature", "properties": { "egid_int": 9083896, "strasse": "Hohlstrasse", "hausnummer": "322", "plz": 8004.0, "ortschaft": "Zürich", "baujahr": 1999.0, "grundflaeche_m2": 1925.1035255, "gebaeudealter_2026": 27.0, "gebaeude_nutzung": "Gebäude Industrie", "qualitaet": "AV93", "bev_pers_n": 19.0, "bev_dichte_pha": 19.0 }, "geometry": { "type": "Point", "coordinates": [ 8.513506927251095, 47.383908066563315 ] } },
{ "type": "Feature", "properties": { "egid_int": 9083921, "strasse": null, "hausnummer": null, "plz": null, "ortschaft": null, "baujahr": 1987.0, "grundflaeche_m2": 282.65541, "gebaeudealter_2026": 39.0, "gebaeude_nutzung": "Gebäude Verwaltung", "qualitaet": "AV93", "bev_pers_n": 219.0, "bev_dichte_pha": 219.0 }, "geometry": { "type": "Point", "coordinates": [ 8.528149824972546, 47.376246328597666 ] } },
{ "type": "Feature", "properties": { "egid_int": 9083922, "strasse": "Kanonengasse", "hausnummer": "20", "plz": 8004.0, "ortschaft": "Zürich", "baujahr": 1866.0, "grundflaeche_m2": 1389.363873, "gebaeudealter_2026": 160.0, "gebaeude_nutzung": "Gebäude Verwaltung", "qualitaet": "AV93", "bev_pers_n": 87.0, "bev_dichte_pha": 87.0 }, "geometry": { "type": "Point", "coordinates": [ 8.530343553368755, 47.377878299256523 ] } },
{ "type": "Feature", "properties": { "egid_int": 9083923, "strasse": "Langstrasse", "hausnummer": "33", "plz": 8004.0, "ortschaft": "Zürich", "baujahr": 1892.0, "grundflaeche_m2": 74.61304, "gebaeudealter_2026": 134.0, "gebaeude_nutzung": "Gebäude Verwaltung", "qualitaet": "AV93", "bev_pers_n": 98.0, "bev_dichte_pha": 98.0 }, "geometry": { "type": "Point", "coordinates": [ 8.524791848038729, 47.375731309346719 ] } },
{ "type": "Feature", "properties": { "egid_int": 9083926, "strasse": "Werdstrasse", "hausnummer": "2", "plz": 8004.0, "ortschaft": "Zürich", "baujahr": 1988.0, "grundflaeche_m2": 751.51543613499996, "gebaeudealter_2026": 38.0, "gebaeude_nutzung": "Gebäude Wohnen", "qualitaet": "AV93", "bev_pers_n": 113.0, "bev_dichte_pha": 113.0 }, "geometry": { "type": "Point", "coordinates": [ 8.531120582899183, 47.373248098006727 ] } },
{ "type": "Feature", "properties": { "egid_int": 9083928, "strasse": "Kasernenstrasse", "hausnummer": "77a", "plz": 8004.0, "ortschaft": "Zürich", "baujahr": 2001.0, "grundflaeche_m2": 734.8178065, "gebaeudealter_2026": 25.0, "gebaeude_nutzung": "Gebäude Wohnen", "qualitaet": "AV93", "bev_pers_n": 57.0, "bev_dichte_pha": 57.0 }, "geometry": { "type": "Point", "coordinates": [ 8.533890114677492, 47.376220946105121 ] } },
{ "type": "Feature", "properties": { "egid_int": 11518999, "strasse": "Stauffacherstrasse", "hausnummer": "31", "plz": 8004.0, "ortschaft": "Zürich", "baujahr": 1896.0, "grundflaeche_m2": 294.4882435, "gebaeudealter_2026": 130.0, "gebaeude_nutzung": "Gebäude Wohnen", "qualitaet": "AV93", "bev_pers_n": 65.0, "bev_dichte_pha": 65.0 }, "geometry": { "type": "Point", "coordinates": [ 8.528720208842767, 47.373512645835284 ] } },
{ "type": "Feature", "properties": { "egid_int": 302004314, "strasse": "Herdernstrasse", "hausnummer": "73", "plz": 8004.0, "ortschaft": "Zürich", "baujahr": 1956.0, "grundflaeche_m2": 59.061295, "gebaeudealter_2026": 70.0, "gebaeude_nutzung": "Gebäude Industrie", "qualitaet": "AV93", "bev_pers_n": 200.0, "bev_dichte_pha": 200.0 }, "geometry": { "type": "Point", "coordinates": [ 8.506875867114223, 47.38468796794578 ] } },
{ "type": "Feature", "properties": { "egid_int": 302004332, "strasse": "Neufrankengasse", "hausnummer": "30", "plz": 8004.0, "ortschaft": "Zürich", "baujahr": 1984.0, "grundflaeche_m2": 112.782287, "gebaeudealter_2026": 42.0, "gebaeude_nutzung": "Nebengebäude", "qualitaet": "AV93", "bev_pers_n": 177.0, "bev_dichte_pha": 177.0 }, "geometry": { "type": "Point", "coordinates": [ 8.526517596136845, 47.380933798362584 ] } },
{ "type": "Feature", "properties": { "egid_int": 302004342, "strasse": "Bullingerstrasse", "hausnummer": "48", "plz": 8004.0, "ortschaft": "Zürich", "baujahr": 1984.0, "grundflaeche_m2": 696.1672905, "gebaeudealter_2026": 42.0, "gebaeude_nutzung": "Gebäude Verwaltung", "qualitaet": "AV93", "bev_pers_n": 321.0, "bev_dichte_pha": 321.0 }, "geometry": { "type": "Point", "coordinates": [ 8.510797325277441, 47.3817250702511 ] } },
{ "type": "Feature", "properties": { "egid_int": 302004365, "strasse": "Hohlstrasse", "hausnummer": "412", "plz": 8048.0, "ortschaft": "Zürich", "baujahr": 1961.0, "grundflaeche_m2": 11.25222, "gebaeudealter_2026": 65.0, "gebaeude_nutzung": "Gebäude Industrie", "qualitaet": "AV93", "bev_pers_n": 52.0, "bev_dichte_pha": 52.0 }, "geometry": { "type": "Point", "coordinates": [ 8.503695141114841, 47.387650880286252 ] } },
{ "type": "Feature", "properties": { "egid_int": 302004373, "strasse": "Hohlstrasse", "hausnummer": "426", "plz": 8048.0, "ortschaft": "Zürich", "baujahr": 1963.0, "grundflaeche_m2": 6405.776879, "gebaeudealter_2026": 63.0, "gebaeude_nutzung": "Gebäude Industrie", "qualitaet": "AV93", "bev_pers_n": 41.0, "bev_dichte_pha": 41.0 }, "geometry": { "type": "Point", "coordinates": [ 8.500419284519261, 47.387937236001214 ] } },
{ "type": "Feature", "properties": { "egid_int": 302004410, "strasse": "Geroldstrasse", "hausnummer": "31b", "plz": 8005.0, "ortschaft": "Zürich", "baujahr": 1994.0, "grundflaeche_m2": 158.2034555, "gebaeudealter_2026": 32.0, "gebaeude_nutzung": "Gebäude Verwaltung", "qualitaet": "AV93", "bev_pers_n": 158.0, "bev_dichte_pha": 158.0 }, "geometry": { "type": "Point", "coordinates": [ 8.517976612821302, 47.385420790730635 ] } },
{ "type": "Feature", "properties": { "egid_int": 302004417, "strasse": "Hardstrasse", "hausnummer": "69a", "plz": 8004.0, "ortschaft": "Zürich", "baujahr": 1959.0, "grundflaeche_m2": 124.5647195, "gebaeudealter_2026": 67.0, "gebaeude_nutzung": "Gebäude Industrie", "qualitaet": "AV93", "bev_pers_n": 79.0, "bev_dichte_pha": 79.0 }, "geometry": { "type": "Point", "coordinates": [ 8.512203230132787, 47.381198107451631 ] } },
{ "type": "Feature", "properties": { "egid_int": 302004427, "strasse": "Hardstrasse", "hausnummer": "8a", "plz": 8004.0, "ortschaft": "Zürich", "baujahr": 1945.0, "grundflaeche_m2": 16.8803955, "gebaeudealter_2026": 81.0, "gebaeude_nutzung": "Gebäude Wohnen", "qualitaet": "AV93", "bev_pers_n": 168.0, "bev_dichte_pha": 168.0 }, "geometry": { "type": "Point", "coordinates": [ 8.51130539754856, 47.378598008588085 ] } },
{ "type": "Feature", "properties": { "egid_int": 302004495, "strasse": "Hohlstrasse", "hausnummer": "414", "plz": 8048.0, "ortschaft": "Zürich", "baujahr": 1977.0, "grundflaeche_m2": 105.4429985, "gebaeudealter_2026": 49.0, "gebaeude_nutzung": "Gebäude Handel", "qualitaet": "AV93", "bev_pers_n": 41.0, "bev_dichte_pha": 41.0 }, "geometry": { "type": "Point", "coordinates": [ 8.50284860389187, 47.387118590810779 ] } },
{ "type": "Feature", "properties": { "egid_int": 302004520, "strasse": "Geroldstrasse", "hausnummer": "31a", "plz": 8005.0, "ortschaft": "Zürich", "baujahr": 1967.0, "grundflaeche_m2": 77.5709315, "gebaeudealter_2026": 59.0, "gebaeude_nutzung": "Nebengebäude", "qualitaet": "AV93", "bev_pers_n": 158.0, "bev_dichte_pha": 158.0 }, "geometry": { "type": "Point", "coordinates": [ 8.518266768261862, 47.385296313378639 ] } },
{ "type": "Feature", "properties": { "egid_int": 302004527, "strasse": "Geroldstrasse", "hausnummer": "29", "plz": 8005.0, "ortschaft": "Zürich", "baujahr": 1949.0, "grundflaeche_m2": 406.0688625, "gebaeudealter_2026": 77.0, "gebaeude_nutzung": "Gebäude Handel", "qualitaet": "AV93", "bev_pers_n": 158.0, "bev_dichte_pha": 158.0 }, "geometry": { "type": "Point", "coordinates": [ 8.518654830980182, 47.385192373355309 ] } },
{ "type": "Feature", "properties": { "egid_int": 302004531, "strasse": "Hohlstrasse", "hausnummer": "350b", "plz": 8004.0, "ortschaft": "Zürich", "baujahr": 1974.0, "grundflaeche_m2": 1608.7745865, "gebaeudealter_2026": 52.0, "gebaeude_nutzung": "Gebäude Verkehrswesen", "qualitaet": "AV93", "bev_pers_n": 66.0, "bev_dichte_pha": 66.0 }, "geometry": { "type": "Point", "coordinates": [ 8.510300275556183, 47.384953389282536 ] } },
{ "type": "Feature", "properties": { "egid_int": 302004532, "strasse": "Hohlstrasse", "hausnummer": "350a", "plz": 8004.0, "ortschaft": "Zürich", "baujahr": 1974.0, "grundflaeche_m2": 347.187972, "gebaeudealter_2026": 52.0, "gebaeude_nutzung": "Gebäude Verkehrswesen", "qualitaet": "AV93", "bev_pers_n": 66.0, "bev_dichte_pha": 66.0 }, "geometry": { "type": "Point", "coordinates": [ 8.510182873990463, 47.384880763624551 ] } },
{ "type": "Feature", "properties": { "egid_int": 302004543, "strasse": null, "hausnummer": null, "plz": null, "ortschaft": null, "baujahr": 1995.0, "grundflaeche_m2": 598.4344625, "gebaeudealter_2026": 31.0, "gebaeude_nutzung": "Gebäude Verwaltung", "qualitaet": "AV93", "bev_pers_n": 18.0, "bev_dichte_pha": 18.0 }, "geometry": { "type": "Point", "coordinates": [ 8.53165144246049, 47.375708757499098 ] } },
{ "type": "Feature", "properties": { "egid_int": 302004559, "strasse": "Müllerstrasse", "hausnummer": "71", "plz": 8004.0, "ortschaft": "Zürich", "baujahr": 1969.0, "grundflaeche_m2": 378.1718075, "gebaeudealter_2026": 57.0, "gebaeude_nutzung": "Gebäude Verwaltung", "qualitaet": "AV93", "bev_pers_n": 219.0, "bev_dichte_pha": 219.0 }, "geometry": { "type": "Point", "coordinates": [ 8.528377692027613, 47.376081538447515 ] } },
{ "type": "Feature", "properties": { "egid_int": 302004567, "strasse": "Hirzelstrasse", "hausnummer": "16", "plz": 8004.0, "ortschaft": "Zürich", "baujahr": 1951.0, "grundflaeche_m2": 1020.359813665, "gebaeudealter_2026": 75.0, "gebaeude_nutzung": "Gebäude Verwaltung", "qualitaet": "AV93", "bev_pers_n": 121.0, "bev_dichte_pha": 121.0 }, "geometry": { "type": "Point", "coordinates": [ 8.513685019934641, 47.381111773764964 ] } },
{ "type": "Feature", "properties": { "egid_int": 302004589, "strasse": "Langstrasse", "hausnummer": "34", "plz": 8004.0, "ortschaft": "Zürich", "baujahr": 1980.0, "grundflaeche_m2": 74.116142, "gebaeudealter_2026": 46.0, "gebaeude_nutzung": "Nebengebäude", "qualitaet": "AV93", "bev_pers_n": 98.0, "bev_dichte_pha": 98.0 }, "geometry": { "type": "Point", "coordinates": [ 8.52545797493867, 47.375736926541627 ] } },
{ "type": "Feature", "properties": { "egid_int": 302004591, "strasse": "Neufrankengasse", "hausnummer": "9", "plz": 8004.0, "ortschaft": "Zürich", "baujahr": 1969.0, "grundflaeche_m2": 172.5923305, "gebaeudealter_2026": 57.0, "gebaeude_nutzung": "Gebäude Wohnen", "qualitaet": "AV93", "bev_pers_n": 119.0, "bev_dichte_pha": 119.0 }, "geometry": { "type": "Point", "coordinates": [ 8.527380934893269, 47.380278404513255 ] } },
{ "type": "Feature", "properties": { "egid_int": 302004592, "strasse": "Badenerstrasse", "hausnummer": "442", "plz": 8004.0, "ortschaft": "Zürich", "baujahr": 1951.0, "grundflaeche_m2": 99.073094, "gebaeudealter_2026": 75.0, "gebaeude_nutzung": "Gebäude Wohnen", "qualitaet": "AV93", "bev_pers_n": 309.0, "bev_dichte_pha": 309.0 }, "geometry": { "type": "Point", "coordinates": [ 8.505393524049815, 47.380809292875952 ] } },
{ "type": "Feature", "properties": { "egid_int": 302004607, "strasse": "Bullingerstrasse", "hausnummer": "90", "plz": 8004.0, "ortschaft": "Zürich", "baujahr": 1993.0, "grundflaeche_m2": 24.7761575, "gebaeudealter_2026": 33.0, "gebaeude_nutzung": "Nebengebäude", "qualitaet": "AV93", "bev_pers_n": 46.0, "bev_dichte_pha": 46.0 }, "geometry": { "type": "Point", "coordinates": [ 8.508000262492496, 47.382626340550772 ] } },
{ "type": "Feature", "properties": { "egid_int": 302004609, "strasse": "Zweierstrasse", "hausnummer": "38a", "plz": 8004.0, "ortschaft": "Zürich", "baujahr": 1866.0, "grundflaeche_m2": 35.8997275, "gebaeudealter_2026": 160.0, "gebaeude_nutzung": "Gebäude Industrie", "qualitaet": "AV93", "bev_pers_n": 215.0, "bev_dichte_pha": 215.0 }, "geometry": { "type": "Point", "coordinates": [ 8.525355917338917, 47.372941475208791 ] } },
{ "type": "Feature", "properties": { "egid_int": 302004631, "strasse": "Bullingerstrasse", "hausnummer": "98", "plz": 8004.0, "ortschaft": "Zürich", "baujahr": 1958.0, "grundflaeche_m2": 16.909504, "gebaeudealter_2026": 68.0, "gebaeude_nutzung": "Nebengebäude", "qualitaet": "AV93", "bev_pers_n": 146.0, "bev_dichte_pha": 146.0 }, "geometry": { "type": "Point", "coordinates": [ 8.507092683578417, 47.383242929994054 ] } },
{ "type": "Feature", "properties": { "egid_int": 302004636, "strasse": "Hardstrasse", "hausnummer": "86", "plz": 8004.0, "ortschaft": "Zürich", "baujahr": 1951.0, "grundflaeche_m2": 15.818232, "gebaeudealter_2026": 75.0, "gebaeude_nutzung": "Gebäude Verwaltung", "qualitaet": "AV93", "bev_pers_n": 121.0, "bev_dichte_pha": 121.0 }, "geometry": { "type": "Point", "coordinates": [ 8.513591062735692, 47.381285362608587 ] } },
{ "type": "Feature", "properties": { "egid_int": 302004639, "strasse": "Langstrasse", "hausnummer": "30", "plz": 8004.0, "ortschaft": "Zürich", "baujahr": 1958.0, "grundflaeche_m2": 7.166272, "gebaeudealter_2026": 68.0, "gebaeude_nutzung": "Gebäude Verwaltung", "qualitaet": "AV93", "bev_pers_n": 98.0, "bev_dichte_pha": 98.0 }, "geometry": { "type": "Point", "coordinates": [ 8.525194277054656, 47.375519593626059 ] } },
{ "type": "Feature", "properties": { "egid_int": 302004653, "strasse": "Hohlstrasse", "hausnummer": "98", "plz": 8004.0, "ortschaft": "Zürich", "baujahr": 1985.0, "grundflaeche_m2": 399.41360314999997, "gebaeudealter_2026": 41.0, "gebaeude_nutzung": "Gebäude Verwaltung", "qualitaet": "AV93", "bev_pers_n": 197.0, "bev_dichte_pha": 197.0 }, "geometry": { "type": "Point", "coordinates": [ 8.523147079677624, 47.379019650602899 ] } },
{ "type": "Feature", "properties": { "egid_int": 302004660, "strasse": "Zypressenstrasse", "hausnummer": "58", "plz": 8004.0, "ortschaft": "Zürich", "baujahr": 1953.0, "grundflaeche_m2": 145.198371, "gebaeudealter_2026": 73.0, "gebaeude_nutzung": "Gebäude Wohnen", "qualitaet": "AV93", "bev_pers_n": 196.0, "bev_dichte_pha": 196.0 }, "geometry": { "type": "Point", "coordinates": [ 8.513488023963667, 47.377475139263986 ] } },
{ "type": "Feature", "properties": { "egid_int": 302004669, "strasse": "Militärstrasse", "hausnummer": "49", "plz": 8004.0, "ortschaft": "Zürich", "baujahr": 1866.0, "grundflaeche_m2": 1853.9641345, "gebaeudealter_2026": 160.0, "gebaeude_nutzung": "Gebäude Verwaltung", "qualitaet": "AV93", "bev_pers_n": 87.0, "bev_dichte_pha": 87.0 }, "geometry": { "type": "Point", "coordinates": [ 8.530906409743306, 47.377793812589111 ] } },
{ "type": "Feature", "properties": { "egid_int": 302004671, "strasse": "Kanonengasse", "hausnummer": "16", "plz": 8004.0, "ortschaft": "Zürich", "baujahr": 1866.0, "grundflaeche_m2": 1379.7204485, "gebaeudealter_2026": 160.0, "gebaeude_nutzung": "Gebäude Verwaltung", "qualitaet": "AV93", "bev_pers_n": 193.0, "bev_dichte_pha": 193.0 }, "geometry": { "type": "Point", "coordinates": [ 8.529222199336433, 47.377031530629196 ] } },
{ "type": "Feature", "properties": { "egid_int": 302004673, "strasse": "Brauerstrasse", "hausnummer": "38b", "plz": 8004.0, "ortschaft": "Zürich", "baujahr": 1864.0, "grundflaeche_m2": 50.0631925, "gebaeudealter_2026": 162.0, "gebaeude_nutzung": "Gebäude Handel", "qualitaet": "AV93", "bev_pers_n": 260.0, "bev_dichte_pha": 260.0 }, "geometry": { "type": "Point", "coordinates": [ 8.527476997254821, 47.377943934012379 ] } },
{ "type": "Feature", "properties": { "egid_int": 302004674, "strasse": "Kanonengasse", "hausnummer": "18a", "plz": 8004.0, "ortschaft": "Zürich", "baujahr": 1866.0, "grundflaeche_m2": 1374.624514, "gebaeudealter_2026": 160.0, "gebaeude_nutzung": "Gebäude Verwaltung", "qualitaet": "AV93", "bev_pers_n": 7.0, "bev_dichte_pha": 7.0 }, "geometry": { "type": "Point", "coordinates": [ 8.530136464873719, 47.37663610536918 ] } },
{ "type": "Feature", "properties": { "egid_int": 302004675, "strasse": "Zeughausstrasse", "hausnummer": "56", "plz": 8004.0, "ortschaft": "Zürich", "baujahr": 1956.0, "grundflaeche_m2": 5.880387, "gebaeudealter_2026": 70.0, "gebaeude_nutzung": "Gebäude Verwaltung", "qualitaet": "AV93", "bev_pers_n": 7.0, "bev_dichte_pha": 7.0 }, "geometry": { "type": "Point", "coordinates": [ 8.529761139825057, 47.37624942487858 ] } },
{ "type": "Feature", "properties": { "egid_int": 302004683, "strasse": "Herdernstrasse", "hausnummer": "18", "plz": 8004.0, "ortschaft": "Zürich", "baujahr": 1964.0, "grundflaeche_m2": 556.5478745, "gebaeudealter_2026": 62.0, "gebaeude_nutzung": "Nebengebäude", "qualitaet": "AV93", "bev_pers_n": 47.0, "bev_dichte_pha": 47.0 }, "geometry": { "type": "Point", "coordinates": [ 8.504933734095754, 47.381841529855954 ] } },
{ "type": "Feature", "properties": { "egid_int": 302004685, "strasse": "Hohlstrasse", "hausnummer": "314", "plz": 8004.0, "ortschaft": "Zürich", "baujahr": 1953.0, "grundflaeche_m2": 57.73866, "gebaeudealter_2026": 73.0, "gebaeude_nutzung": "Gebäude Industrie", "qualitaet": "AV93", "bev_pers_n": 19.0, "bev_dichte_pha": 19.0 }, "geometry": { "type": "Point", "coordinates": [ 8.514825498280606, 47.383939498740716 ] } },
{ "type": "Feature", "properties": { "egid_int": 302004687, "strasse": "Eichbühlstrasse", "hausnummer": "2", "plz": 8004.0, "ortschaft": "Zürich", "baujahr": 1954.0, "grundflaeche_m2": 275.600388, "gebaeudealter_2026": 72.0, "gebaeude_nutzung": "Nebengebäude", "qualitaet": "AV93", "bev_pers_n": 302.0, "bev_dichte_pha": 302.0 }, "geometry": { "type": "Point", "coordinates": [ 8.513185953224571, 47.381954452387141 ] } },
{ "type": "Feature", "properties": { "egid_int": 302004695, "strasse": "Remisenstrasse", "hausnummer": "31", "plz": 8004.0, "ortschaft": "Zürich", "baujahr": 1979.0, "grundflaeche_m2": 230.7845995, "gebaeudealter_2026": 47.0, "gebaeude_nutzung": "Gebäude Verkehrswesen", "qualitaet": "AV93", "bev_pers_n": 84.0, "bev_dichte_pha": 84.0 }, "geometry": { "type": "Point", "coordinates": [ 8.521669174261167, 47.382984898714774 ] } },
{ "type": "Feature", "properties": { "egid_int": 302004699, "strasse": "Geroldstrasse", "hausnummer": "31c", "plz": 8005.0, "ortschaft": "Zürich", "baujahr": 1961.0, "grundflaeche_m2": 232.768332, "gebaeudealter_2026": 65.0, "gebaeude_nutzung": "Nebengebäude", "qualitaet": "AV93", "bev_pers_n": 158.0, "bev_dichte_pha": 158.0 }, "geometry": { "type": "Point", "coordinates": [ 8.517872157412253, 47.385600840479555 ] } },
{ "type": "Feature", "properties": { "egid_int": 302004712, "strasse": "Werdstrasse", "hausnummer": "63", "plz": 8004.0, "ortschaft": "Zürich", "baujahr": 1874.0, "grundflaeche_m2": 1002.5762245, "gebaeudealter_2026": 152.0, "gebaeude_nutzung": "Gebäude Verwaltung", "qualitaet": "AV93", "bev_pers_n": 212.0, "bev_dichte_pha": 212.0 }, "geometry": { "type": "Point", "coordinates": [ 8.527612401252288, 47.372317253473312 ] } },
{ "type": "Feature", "properties": { "egid_int": 302004714, "strasse": "Werdstrasse", "hausnummer": "102", "plz": 8004.0, "ortschaft": "Zürich", "baujahr": 1955.0, "grundflaeche_m2": 70.109796, "gebaeudealter_2026": 71.0, "gebaeude_nutzung": "Nebengebäude", "qualitaet": "AV93", "bev_pers_n": 242.0, "bev_dichte_pha": 242.0 }, "geometry": { "type": "Point", "coordinates": [ 8.525561468247718, 47.371361112613016 ] } },
{ "type": "Feature", "properties": { "egid_int": 302004718, "strasse": "Hohlstrasse", "hausnummer": "186a", "plz": 8004.0, "ortschaft": "Zürich", "baujahr": 1955.0, "grundflaeche_m2": 608.94899154999996, "gebaeudealter_2026": 71.0, "gebaeude_nutzung": "Gebäude Verwaltung", "qualitaet": "AV93", "bev_pers_n": 155.0, "bev_dichte_pha": 155.0 }, "geometry": { "type": "Point", "coordinates": [ 8.518616587510627, 47.381207360071592 ] } },
{ "type": "Feature", "properties": { "egid_int": 302004769, "strasse": "Kanonengasse", "hausnummer": "7", "plz": 8004.0, "ortschaft": "Zürich", "baujahr": 1876.0, "grundflaeche_m2": 147.238161, "gebaeudealter_2026": 150.0, "gebaeude_nutzung": "Gebäude Wohnen", "qualitaet": "AV93", "bev_pers_n": 193.0, "bev_dichte_pha": 193.0 }, "geometry": { "type": "Point", "coordinates": [ 8.528983601233891, 47.377186457084683 ] } },
{ "type": "Feature", "properties": { "egid_int": 302004776, "strasse": "Zeughausstrasse", "hausnummer": "37", "plz": 8004.0, "ortschaft": "Zürich", "baujahr": 1877.0, "grundflaeche_m2": 59.948865, "gebaeudealter_2026": 149.0, "gebaeude_nutzung": "Nebengebäude", "qualitaet": "AV93", "bev_pers_n": 128.0, "bev_dichte_pha": 128.0 }, "geometry": { "type": "Point", "coordinates": [ 8.530082640933555, 47.375570683059195 ] } },
{ "type": "Feature", "properties": { "egid_int": 302004780, "strasse": "Hohlstrasse", "hausnummer": "320", "plz": 8004.0, "ortschaft": "Zürich", "baujahr": 1966.0, "grundflaeche_m2": 564.279522, "gebaeudealter_2026": 60.0, "gebaeude_nutzung": "Gebäude Industrie", "qualitaet": "AV93", "bev_pers_n": 19.0, "bev_dichte_pha": 19.0 }, "geometry": { "type": "Point", "coordinates": [ 8.51379947011108, 47.383328724224462 ] } },
{ "type": "Feature", "properties": { "egid_int": 302004800, "strasse": "Hohlstrasse", "hausnummer": "370", "plz": 8004.0, "ortschaft": "Zürich", "baujahr": 1972.0, "grundflaeche_m2": 4088.5467175, "gebaeudealter_2026": 54.0, "gebaeude_nutzung": "Gebäude Industrie", "qualitaet": "AV93", "bev_pers_n": 200.0, "bev_dichte_pha": 200.0 }, "geometry": { "type": "Point", "coordinates": [ 8.507807124468261, 47.386159329158652 ] } },
{ "type": "Feature", "properties": { "egid_int": 302004801, "strasse": "Hohlstrasse", "hausnummer": "366a", "plz": 8004.0, "ortschaft": "Zürich", "baujahr": 1972.0, "grundflaeche_m2": 68.9996775, "gebaeudealter_2026": 54.0, "gebaeude_nutzung": "Gebäude Industrie", "qualitaet": "AV93", "bev_pers_n": 200.0, "bev_dichte_pha": 200.0 }, "geometry": { "type": "Point", "coordinates": [ 8.50700402517068, 47.386203161042189 ] } },
{ "type": "Feature", "properties": { "egid_int": 302004814, "strasse": "Badenerstrasse", "hausnummer": "452", "plz": 8004.0, "ortschaft": "Zürich", "baujahr": 1964.0, "grundflaeche_m2": 218.1063315, "gebaeudealter_2026": 62.0, "gebaeude_nutzung": "Nebengebäude", "qualitaet": "AV93", "bev_pers_n": 309.0, "bev_dichte_pha": 309.0 }, "geometry": { "type": "Point", "coordinates": [ 8.504722890664855, 47.381007708017826 ] } },
{ "type": "Feature", "properties": { "egid_int": 302004816, "strasse": "Gustav-Gull-Platz", "hausnummer": "6", "plz": 8004.0, "ortschaft": "Zürich", "baujahr": 1963.0, "grundflaeche_m2": 283.9311335, "gebaeudealter_2026": 63.0, "gebaeude_nutzung": "Gebäude Verkehrswesen", "qualitaet": "AV93", "bev_pers_n": 99.0, "bev_dichte_pha": 99.0 }, "geometry": { "type": "Point", "coordinates": [ 8.531146281784343, 47.379811811246405 ] } },
{ "type": "Feature", "properties": { "egid_int": 302004817, "strasse": "Neugasse", "hausnummer": "111", "plz": 8005.0, "ortschaft": "Zürich", "baujahr": 1963.0, "grundflaeche_m2": 98.1605115, "gebaeudealter_2026": 63.0, "gebaeude_nutzung": "Gebäude Verkehrswesen", "qualitaet": "AV93", "bev_pers_n": 66.0, "bev_dichte_pha": 66.0 }, "geometry": { "type": "Point", "coordinates": [ 8.524885397372042, 47.383382096585954 ] } },
{ "type": "Feature", "properties": { "egid_int": 302004818, "strasse": "Remisenstrasse", "hausnummer": "20", "plz": 8004.0, "ortschaft": "Zürich", "baujahr": 1963.0, "grundflaeche_m2": 254.515258, "gebaeudealter_2026": 63.0, "gebaeude_nutzung": "Gebäude Verkehrswesen", "qualitaet": "AV93", "bev_pers_n": 177.0, "bev_dichte_pha": 177.0 }, "geometry": { "type": "Point", "coordinates": [ 8.525918132048421, 47.381643281453613 ] } },
{ "type": "Feature", "properties": { "egid_int": 302004820, "strasse": "Hohlstrasse", "hausnummer": "294", "plz": 8004.0, "ortschaft": "Zürich", "baujahr": 1972.0, "grundflaeche_m2": 307.6941555, "gebaeudealter_2026": 54.0, "gebaeude_nutzung": "Gebäude Verkehrswesen", "qualitaet": "AV93", "bev_pers_n": 28.0, "bev_dichte_pha": 28.0 }, "geometry": { "type": "Point", "coordinates": [ 8.515330785933566, 47.383846935993631 ] } },
{ "type": "Feature", "properties": { "egid_int": 302004823, "strasse": "St. Jakobstrasse", "hausnummer": "55", "plz": 8004.0, "ortschaft": "Zürich", "baujahr": 1877.0, "grundflaeche_m2": 18.5070035, "gebaeudealter_2026": 149.0, "gebaeude_nutzung": "Gebäude Industrie", "qualitaet": "AV93", "bev_pers_n": 128.0, "bev_dichte_pha": 128.0 }, "geometry": { "type": "Point", "coordinates": [ 8.529993885443941, 47.375492733362513 ] } },
{ "type": "Feature", "properties": { "egid_int": 302004824, "strasse": "St. Jakobstrasse", "hausnummer": "51", "plz": 8004.0, "ortschaft": "Zürich", "baujahr": 1877.0, "grundflaeche_m2": 14.7723375, "gebaeudealter_2026": 149.0, "gebaeude_nutzung": "Gebäude Verwaltung", "qualitaet": "AV93", "bev_pers_n": 128.0, "bev_dichte_pha": 128.0 }, "geometry": { "type": "Point", "coordinates": [ 8.529897490494781, 47.375429059067983 ] } },
{ "type": "Feature", "properties": { "egid_int": 302004840, "strasse": "Bäckerstrasse", "hausnummer": "26", "plz": 8004.0, "ortschaft": "Zürich", "baujahr": 1878.0, "grundflaeche_m2": 180.89808558, "gebaeudealter_2026": 148.0, "gebaeude_nutzung": "Nebengebäude", "qualitaet": "AV93", "bev_pers_n": 201.0, "bev_dichte_pha": 201.0 }, "geometry": { "type": "Point", "coordinates": [ 8.529875436722239, 47.374642913673171 ] } },
{ "type": "Feature", "properties": { "egid_int": 302004843, "strasse": "Zweierstrasse", "hausnummer": "54a", "plz": 8004.0, "ortschaft": "Zürich", "baujahr": 1930.0, "grundflaeche_m2": 28.355193, "gebaeudealter_2026": 96.0, "gebaeude_nutzung": "Gebäude Wohnen", "qualitaet": "AV93", "bev_pers_n": 187.0, "bev_dichte_pha": 187.0 }, "geometry": { "type": "Point", "coordinates": [ 8.52433785096925, 47.372723067483093 ] } },
{ "type": "Feature", "properties": { "egid_int": 302004851, "strasse": "Hohlstrasse", "hausnummer": "290", "plz": 8004.0, "ortschaft": "Zürich", "baujahr": 1974.0, "grundflaeche_m2": 348.4543545, "gebaeudealter_2026": 52.0, "gebaeude_nutzung": "Gebäude Verwaltung", "qualitaet": "AV93", "bev_pers_n": 28.0, "bev_dichte_pha": 28.0 }, "geometry": { "type": "Point", "coordinates": [ 8.515258456426459, 47.38327181713769 ] } },
{ "type": "Feature", "properties": { "egid_int": 302004856, "strasse": "Morgartenstrasse", "hausnummer": "40", "plz": 8004.0, "ortschaft": "Zürich", "baujahr": 1977.0, "grundflaeche_m2": 263.154314, "gebaeudealter_2026": 49.0, "gebaeude_nutzung": "Gebäude Verwaltung", "qualitaet": "AV93", "bev_pers_n": 111.0, "bev_dichte_pha": 111.0 }, "geometry": { "type": "Point", "coordinates": [ 8.526525236644513, 47.371804557239209 ] } },
{ "type": "Feature", "properties": { "egid_int": 302004880, "strasse": "Gartenhofstrasse", "hausnummer": "5", "plz": 8004.0, "ortschaft": "Zürich", "baujahr": 1880.0, "grundflaeche_m2": 39.5562455, "gebaeudealter_2026": 146.0, "gebaeude_nutzung": "Nebengebäude", "qualitaet": "AV93", "bev_pers_n": 139.0, "bev_dichte_pha": 139.0 }, "geometry": { "type": "Point", "coordinates": [ 8.525401980658931, 47.371985282926815 ] } },
{ "type": "Feature", "properties": { "egid_int": 302004885, "strasse": "Ankerstrasse", "hausnummer": "63", "plz": 8004.0, "ortschaft": "Zürich", "baujahr": 1882.0, "grundflaeche_m2": 58.5713335, "gebaeudealter_2026": 144.0, "gebaeude_nutzung": "Gebäude Wohnen", "qualitaet": "AV93", "bev_pers_n": 77.0, "bev_dichte_pha": 77.0 }, "geometry": { "type": "Point", "coordinates": [ 8.525499920917657, 47.374922320949068 ] } },
{ "type": "Feature", "properties": { "egid_int": 302004886, "strasse": "Ankerstrasse", "hausnummer": "57", "plz": 8004.0, "ortschaft": "Zürich", "baujahr": 1892.0, "grundflaeche_m2": 81.434797, "gebaeudealter_2026": 134.0, "gebaeude_nutzung": "Gebäude Wohnen", "qualitaet": "AV93", "bev_pers_n": 77.0, "bev_dichte_pha": 77.0 }, "geometry": { "type": "Point", "coordinates": [ 8.525311051409558, 47.37481839625265 ] } },
{ "type": "Feature", "properties": { "egid_int": 302004887, "strasse": null, "hausnummer": null, "plz": null, "ortschaft": null, "baujahr": 1881.0, "grundflaeche_m2": 92.423261, "gebaeudealter_2026": 145.0, "gebaeude_nutzung": "Gebäude Wohnen", "qualitaet": "AV93", "bev_pers_n": 193.0, "bev_dichte_pha": 193.0 }, "geometry": { "type": "Point", "coordinates": [ 8.528791889048637, 47.37767912992264 ] } },
{ "type": "Feature", "properties": { "egid_int": 302004889, "strasse": "Dienerstrasse", "hausnummer": "18", "plz": 8004.0, "ortschaft": "Zürich", "baujahr": 1881.0, "grundflaeche_m2": 89.6969845, "gebaeudealter_2026": 145.0, "gebaeude_nutzung": "Nebengebäude", "qualitaet": "AV93", "bev_pers_n": 239.0, "bev_dichte_pha": 239.0 }, "geometry": { "type": "Point", "coordinates": [ 8.528852248287647, 47.377877208407611 ] } },
{ "type": "Feature", "properties": { "egid_int": 302004890, "strasse": "Dienerstrasse", "hausnummer": "10", "plz": 8004.0, "ortschaft": "Zürich", "baujahr": 1881.0, "grundflaeche_m2": 89.290502, "gebaeudealter_2026": 145.0, "gebaeude_nutzung": "Gebäude Verwaltung", "qualitaet": "AV93", "bev_pers_n": 239.0, "bev_dichte_pha": 239.0 }, "geometry": { "type": "Point", "coordinates": [ 8.529101504068473, 47.377751757622846 ] } },
{ "type": "Feature", "properties": { "egid_int": 302004900, "strasse": "Wyssgasse", "hausnummer": "8", "plz": 8004.0, "ortschaft": "Zürich", "baujahr": 1881.0, "grundflaeche_m2": 73.535766, "gebaeudealter_2026": 145.0, "gebaeude_nutzung": "Nebengebäude", "qualitaet": "AV93", "bev_pers_n": 120.0, "bev_dichte_pha": 120.0 }, "geometry": { "type": "Point", "coordinates": [ 8.525801707799792, 47.373687014730329 ] } },
{ "type": "Feature", "properties": { "egid_int": 302004902, "strasse": "Hohlstrasse", "hausnummer": "438", "plz": 8048.0, "ortschaft": "Zürich", "baujahr": 1881.0, "grundflaeche_m2": 2513.818702, "gebaeudealter_2026": 145.0, "gebaeude_nutzung": "Gebäude Handel", "qualitaet": "AV93", "bev_pers_n": 300.0, "bev_dichte_pha": 300.0 }, "geometry": { "type": "Point", "coordinates": [ 8.498470745356288, 47.388214938231876 ] } },
{ "type": "Feature", "properties": { "egid_int": 302004909, "strasse": "Brauerstrasse", "hausnummer": "69", "plz": 8004.0, "ortschaft": "Zürich", "baujahr": 1882.0, "grundflaeche_m2": 73.555725, "gebaeudealter_2026": 144.0, "gebaeude_nutzung": "Gebäude Industrie", "qualitaet": "AV93", "bev_pers_n": 201.0, "bev_dichte_pha": 201.0 }, "geometry": { "type": "Point", "coordinates": [ 8.524880406684385, 47.378685622141333 ] } },
{ "type": "Feature", "properties": { "egid_int": 302004912, "strasse": "Kanzleistrasse", "hausnummer": "54", "plz": 8004.0, "ortschaft": "Zürich", "baujahr": 1882.0, "grundflaeche_m2": 396.4890305, "gebaeudealter_2026": 144.0, "gebaeude_nutzung": "Gebäude Verwaltung", "qualitaet": "AV93", "bev_pers_n": 153.0, "bev_dichte_pha": 153.0 }, "geometry": { "type": "Point", "coordinates": [ 8.526440304860147, 47.375443137545332 ] } },
{ "type": "Feature", "properties": { "egid_int": 302004916, "strasse": null, "hausnummer": null, "plz": null, "ortschaft": null, "baujahr": 1908.0, "grundflaeche_m2": 185.2724925, "gebaeudealter_2026": 118.0, "gebaeude_nutzung": "Gebäude Industrie", "qualitaet": "AV93", "bev_pers_n": 27.0, "bev_dichte_pha": 27.0 }, "geometry": { "type": "Point", "coordinates": [ 8.528321609444831, 47.370108772591237 ] } },
{ "type": "Feature", "properties": { "egid_int": 302004944, "strasse": "Brauerstrasse", "hausnummer": "128", "plz": 8004.0, "ortschaft": "Zürich", "baujahr": 1885.0, "grundflaeche_m2": 179.6217975, "gebaeudealter_2026": 141.0, "gebaeude_nutzung": "Gebäude Wohnen", "qualitaet": "AV93", "bev_pers_n": 176.0, "bev_dichte_pha": 176.0 }, "geometry": { "type": "Point", "coordinates": [ 8.522671397648089, 47.380350703605416 ] } },
{ "type": "Feature", "properties": { "egid_int": 302004963, "strasse": "Badenerstrasse", "hausnummer": "87a", "plz": 8004.0, "ortschaft": "Zürich", "baujahr": 1888.0, "grundflaeche_m2": 50.1459675, "gebaeudealter_2026": 138.0, "gebaeude_nutzung": "Gebäude Wohnen", "qualitaet": "AV93", "bev_pers_n": 120.0, "bev_dichte_pha": 120.0 }, "geometry": { "type": "Point", "coordinates": [ 8.525853152465732, 47.373731209295329 ] } },
{ "type": "Feature", "properties": { "egid_int": 302004964, "strasse": "Kernstrasse", "hausnummer": "54", "plz": 8004.0, "ortschaft": "Zürich", "baujahr": 1888.0, "grundflaeche_m2": 87.274341, "gebaeudealter_2026": 138.0, "gebaeude_nutzung": "Gebäude Industrie", "qualitaet": "AV93", "bev_pers_n": 194.0, "bev_dichte_pha": 194.0 }, "geometry": { "type": "Point", "coordinates": [ 8.52582294861174, 47.377344103135663 ] } },
{ "type": "Feature", "properties": { "egid_int": 302004983, "strasse": "Lutherstrasse", "hausnummer": "30", "plz": 8004.0, "ortschaft": "Zürich", "baujahr": 1890.0, "grundflaeche_m2": 86.134746, "gebaeudealter_2026": 136.0, "gebaeude_nutzung": "Gebäude Wohnen", "qualitaet": "AV93", "bev_pers_n": 227.0, "bev_dichte_pha": 227.0 }, "geometry": { "type": "Point", "coordinates": [ 8.52874490307051, 47.374567963709133 ] } },
{ "type": "Feature", "properties": { "egid_int": 302004984, "strasse": "Bäckerstrasse", "hausnummer": "33", "plz": 8004.0, "ortschaft": "Zürich", "baujahr": 1890.0, "grundflaeche_m2": 37.4346855, "gebaeudealter_2026": 136.0, "gebaeude_nutzung": "Gebäude Wohnen", "qualitaet": "AV93", "bev_pers_n": 227.0, "bev_dichte_pha": 227.0 }, "geometry": { "type": "Point", "coordinates": [ 8.528849285515832, 47.374651334850128 ] } },
{ "type": "Feature", "properties": { "egid_int": 302004985, "strasse": "Langstrasse", "hausnummer": "113a", "plz": 8004.0, "ortschaft": "Zürich", "baujahr": 1890.0, "grundflaeche_m2": 230.973478, "gebaeudealter_2026": 136.0, "gebaeude_nutzung": "Gebäude Handel", "qualitaet": "AV93", "bev_pers_n": 233.0, "bev_dichte_pha": 233.0 }, "geometry": { "type": "Point", "coordinates": [ 8.526981261406956, 47.379181493290069 ] } },
{ "type": "Feature", "properties": { "egid_int": 302004987, "strasse": "Kanonengasse", "hausnummer": "33a", "plz": 8004.0, "ortschaft": "Zürich", "baujahr": 1890.0, "grundflaeche_m2": 52.506396, "gebaeudealter_2026": 136.0, "gebaeude_nutzung": "Gebäude Handel", "qualitaet": "AV93", "bev_pers_n": 87.0, "bev_dichte_pha": 87.0 }, "geometry": { "type": "Point", "coordinates": [ 8.529918218388874, 47.378216216787706 ] } },
{ "type": "Feature", "properties": { "egid_int": 302004988, "strasse": "Zimmerlistrasse", "hausnummer": "7a", "plz": 8004.0, "ortschaft": "Zürich", "baujahr": 1957.0, "grundflaeche_m2": 143.173482, "gebaeudealter_2026": 69.0, "gebaeude_nutzung": "Gebäude Handel", "qualitaet": "AV93", "bev_pers_n": 281.0, "bev_dichte_pha": 281.0 }, "geometry": { "type": "Point", "coordinates": [ 8.509669504225412, 47.383807635942759 ] } },
{ "type": "Feature", "properties": { "egid_int": 302004997, "strasse": "Militärstrasse", "hausnummer": "10", "plz": 8004.0, "ortschaft": "Zürich", "baujahr": 1890.0, "grundflaeche_m2": 651.549239, "gebaeudealter_2026": 136.0, "gebaeude_nutzung": "Gebäude Verwaltung", "qualitaet": "AV93", "bev_pers_n": 36.0, "bev_dichte_pha": 36.0 }, "geometry": { "type": "Point", "coordinates": [ 8.533624298774306, 47.376414126833062 ] } },
{ "type": "Feature", "properties": { "egid_int": 302004999, "strasse": "Müllerstrasse", "hausnummer": "34a", "plz": 8004.0, "ortschaft": "Zürich", "baujahr": 1890.0, "grundflaeche_m2": 210.3621195, "gebaeudealter_2026": 136.0, "gebaeude_nutzung": "Gebäude Industrie", "qualitaet": "AV93", "bev_pers_n": 128.0, "bev_dichte_pha": 128.0 }, "geometry": { "type": "Point", "coordinates": [ 8.530510836264598, 47.374999844628853 ] } },
{ "type": "Feature", "properties": { "egid_int": 302005001, "strasse": "Langstrasse", "hausnummer": "119a", "plz": 8004.0, "ortschaft": "Zürich", "baujahr": 1891.0, "grundflaeche_m2": 54.614618, "gebaeudealter_2026": 135.0, "gebaeude_nutzung": "Gebäude Gastgewerbe", "qualitaet": "AV93", "bev_pers_n": 233.0, "bev_dichte_pha": 233.0 }, "geometry": { "type": "Point", "coordinates": [ 8.527113398026987, 47.379347404431542 ] } },
{ "type": "Feature", "properties": { "egid_int": 302005002, "strasse": "Kochstrasse", "hausnummer": "24a", "plz": 8004.0, "ortschaft": "Zürich", "baujahr": 1948.0, "grundflaeche_m2": 183.536615, "gebaeudealter_2026": 78.0, "gebaeude_nutzung": "Gebäude Wohnen", "qualitaet": "AV93", "bev_pers_n": 239.0, "bev_dichte_pha": 239.0 }, "geometry": { "type": "Point", "coordinates": [ 8.515167431030775, 47.37855775683245 ] } },
{ "type": "Feature", "properties": { "egid_int": 302005005, "strasse": "Freyastrasse", "hausnummer": "4a", "plz": 8004.0, "ortschaft": "Zürich", "baujahr": 1891.0, "grundflaeche_m2": 86.931626, "gebaeudealter_2026": 135.0, "gebaeude_nutzung": "Gebäude Industrie", "qualitaet": "AV93", "bev_pers_n": 139.0, "bev_dichte_pha": 139.0 }, "geometry": { "type": "Point", "coordinates": [ 8.524957506075971, 47.371896544366479 ] } },
{ "type": "Feature", "properties": { "egid_int": 302005007, "strasse": "Birmensdorferstrasse", "hausnummer": "9", "plz": 8004.0, "ortschaft": "Zürich", "baujahr": 1976.0, "grundflaeche_m2": 82.8894895, "gebaeudealter_2026": 50.0, "gebaeude_nutzung": "Gebäude Wohnen", "qualitaet": "AV93", "bev_pers_n": 212.0, "bev_dichte_pha": 212.0 }, "geometry": { "type": "Point", "coordinates": [ 8.527547396728792, 47.372816205337905 ] } },
{ "type": "Feature", "properties": { "egid_int": 302005015, "strasse": "Rotwandstrasse", "hausnummer": "50a", "plz": 8004.0, "ortschaft": "Zürich", "baujahr": 1892.0, "grundflaeche_m2": 44.3358535, "gebaeudealter_2026": 134.0, "gebaeude_nutzung": "Nebengebäude", "qualitaet": "AV93", "bev_pers_n": 240.0, "bev_dichte_pha": 240.0 }, "geometry": { "type": "Point", "coordinates": [ 8.528925551447696, 47.375351434011101 ] } },
{ "type": "Feature", "properties": { "egid_int": 302005031, "strasse": "Ankerstrasse", "hausnummer": "118a", "plz": 8004.0, "ortschaft": "Zürich", "baujahr": 1892.0, "grundflaeche_m2": 36.158763, "gebaeudealter_2026": 134.0, "gebaeude_nutzung": "Gebäude Verwaltung", "qualitaet": "AV93", "bev_pers_n": 275.0, "bev_dichte_pha": 275.0 }, "geometry": { "type": "Point", "coordinates": [ 8.528909696424879, 47.376350770604873 ] } },
{ "type": "Feature", "properties": { "egid_int": 302005032, "strasse": "St. Jakobstrasse", "hausnummer": "56", "plz": 8004.0, "ortschaft": "Zürich", "baujahr": 1893.0, "grundflaeche_m2": 84.79305, "gebaeudealter_2026": 133.0, "gebaeude_nutzung": "Gebäude Wohnen", "qualitaet": "AV93", "bev_pers_n": 128.0, "bev_dichte_pha": 128.0 }, "geometry": { "type": "Point", "coordinates": [ 8.530378504799426, 47.375104350445184 ] } },
{ "type": "Feature", "properties": { "egid_int": 302005040, "strasse": "Tellstrasse", "hausnummer": "7", "plz": 8004.0, "ortschaft": "Zürich", "baujahr": 1893.0, "grundflaeche_m2": 56.45897, "gebaeudealter_2026": 133.0, "gebaeude_nutzung": "Gebäude Wohnen", "qualitaet": "AV93", "bev_pers_n": 260.0, "bev_dichte_pha": 260.0 }, "geometry": { "type": "Point", "coordinates": [ 8.528133552583695, 47.378333123875279 ] } },
{ "type": "Feature", "properties": { "egid_int": 302005044, "strasse": "Rotwandstrasse", "hausnummer": "39a", "plz": 8004.0, "ortschaft": "Zürich", "baujahr": 1893.0, "grundflaeche_m2": 139.2946545, "gebaeudealter_2026": 133.0, "gebaeude_nutzung": "Gebäude Wohnen", "qualitaet": "AV93", "bev_pers_n": 153.0, "bev_dichte_pha": 153.0 }, "geometry": { "type": "Point", "coordinates": [ 8.527817309825071, 47.375322787200943 ] } },
{ "type": "Feature", "properties": { "egid_int": 302005049, "strasse": "Militärstrasse", "hausnummer": "87a", "plz": 8004.0, "ortschaft": "Zürich", "baujahr": 1893.0, "grundflaeche_m2": 104.03021, "gebaeudealter_2026": 133.0, "gebaeude_nutzung": "Gebäude Wohnen", "qualitaet": "AV93", "bev_pers_n": 239.0, "bev_dichte_pha": 239.0 }, "geometry": { "type": "Point", "coordinates": [ 8.529277761434008, 47.378518537300096 ] } },
{ "type": "Feature", "properties": { "egid_int": 302005050, "strasse": "Tellstrasse", "hausnummer": "22a", "plz": 8004.0, "ortschaft": "Zürich", "baujahr": 1894.0, "grundflaeche_m2": 77.715576, "gebaeudealter_2026": 132.0, "gebaeude_nutzung": "Gebäude Verwaltung", "qualitaet": "AV93", "bev_pers_n": 239.0, "bev_dichte_pha": 239.0 }, "geometry": { "type": "Point", "coordinates": [ 8.529185555395845, 47.37857826281801 ] } },
{ "type": "Feature", "properties": { "egid_int": 302005051, "strasse": "Tellstrasse", "hausnummer": "22", "plz": 8004.0, "ortschaft": "Zürich", "baujahr": 1893.0, "grundflaeche_m2": 214.779321, "gebaeudealter_2026": 133.0, "gebaeude_nutzung": "Gebäude Verwaltung", "qualitaet": "AV93", "bev_pers_n": 239.0, "bev_dichte_pha": 239.0 }, "geometry": { "type": "Point", "coordinates": [ 8.529064658283678, 47.378536677275349 ] } },
{ "type": "Feature", "properties": { "egid_int": 302005057, "strasse": "Badenerstrasse", "hausnummer": "372", "plz": 8004.0, "ortschaft": "Zürich", "baujahr": 1910.0, "grundflaeche_m2": 463.786076, "gebaeudealter_2026": 116.0, "gebaeude_nutzung": "Gebäude Industrie", "qualitaet": "AV93", "bev_pers_n": 81.0, "bev_dichte_pha": 81.0 }, "geometry": { "type": "Point", "coordinates": [ 8.509248758510985, 47.379158743745293 ] } },
{ "type": "Feature", "properties": { "egid_int": 302005067, "strasse": "Magnusstrasse", "hausnummer": "22a", "plz": 8004.0, "ortschaft": "Zürich", "baujahr": 1894.0, "grundflaeche_m2": 30.09039, "gebaeudealter_2026": 132.0, "gebaeude_nutzung": "Gebäude Industrie", "qualitaet": "AV93", "bev_pers_n": 290.0, "bev_dichte_pha": 290.0 }, "geometry": { "type": "Point", "coordinates": [ 8.525452708890699, 47.38001496903982 ] } },
{ "type": "Feature", "properties": { "egid_int": 302005068, "strasse": "Zwinglistrasse", "hausnummer": "6a", "plz": 8004.0, "ortschaft": "Zürich", "baujahr": 1894.0, "grundflaeche_m2": 185.0031005, "gebaeudealter_2026": 132.0, "gebaeude_nutzung": "Gebäude Industrie", "qualitaet": "AV93", "bev_pers_n": 239.0, "bev_dichte_pha": 239.0 }, "geometry": { "type": "Point", "coordinates": [ 8.529690781365453, 47.378217213725549 ] } },
{ "type": "Feature", "properties": { "egid_int": 302005070, "strasse": "Kurzgasse", "hausnummer": "4", "plz": 8004.0, "ortschaft": "Zürich", "baujahr": 1894.0, "grundflaeche_m2": 68.3691885, "gebaeudealter_2026": 132.0, "gebaeude_nutzung": "Gebäude Wohnen", "qualitaet": "AV93", "bev_pers_n": 334.0, "bev_dichte_pha": 334.0 }, "geometry": { "type": "Point", "coordinates": [ 8.527673922120741, 47.377204100602718 ] } },
{ "type": "Feature", "properties": { "egid_int": 302005075, "strasse": "Militärstrasse", "hausnummer": "85a", "plz": 8004.0, "ortschaft": "Zürich", "baujahr": 1893.0, "grundflaeche_m2": 79.5721395, "gebaeudealter_2026": 133.0, "gebaeude_nutzung": "Gebäude Verwaltung", "qualitaet": "AV93", "bev_pers_n": 239.0, "bev_dichte_pha": 239.0 }, "geometry": { "type": "Point", "coordinates": [ 8.529473112397524, 47.37842501460063 ] } },
{ "type": "Feature", "properties": { "egid_int": 302005076, "strasse": "Militärstrasse", "hausnummer": "83a", "plz": 8004.0, "ortschaft": "Zürich", "baujahr": 1894.0, "grundflaeche_m2": 68.549281, "gebaeudealter_2026": 132.0, "gebaeude_nutzung": "Gebäude Industrie", "qualitaet": "AV93", "bev_pers_n": 239.0, "bev_dichte_pha": 239.0 }, "geometry": { "type": "Point", "coordinates": [ 8.529549803768296, 47.37838177948128 ] } },
{ "type": "Feature", "properties": { "egid_int": 302005078, "strasse": "Zwinglistrasse", "hausnummer": "10a", "plz": 8004.0, "ortschaft": "Zürich", "baujahr": 1894.0, "grundflaeche_m2": 42.09568, "gebaeudealter_2026": 132.0, "gebaeude_nutzung": "Nebengebäude", "qualitaet": "AV93", "bev_pers_n": 239.0, "bev_dichte_pha": 239.0 }, "geometry": { "type": "Point", "coordinates": [ 8.529502865635454, 47.378323916401989 ] } },
{ "type": "Feature", "properties": { "egid_int": 302005079, "strasse": "Zwinglistrasse", "hausnummer": "12a", "plz": 8004.0, "ortschaft": "Zürich", "baujahr": 1894.0, "grundflaeche_m2": 88.035429, "gebaeudealter_2026": 132.0, "gebaeude_nutzung": "Nebengebäude", "qualitaet": "AV93", "bev_pers_n": 239.0, "bev_dichte_pha": 239.0 }, "geometry": { "type": "Point", "coordinates": [ 8.529415445458676, 47.378365102964636 ] } },
{ "type": "Feature", "properties": { "egid_int": 302005084, "strasse": "Militärstrasse", "hausnummer": "81a", "plz": 8004.0, "ortschaft": "Zürich", "baujahr": 1894.0, "grundflaeche_m2": 64.849007, "gebaeudealter_2026": 132.0, "gebaeude_nutzung": "Gebäude Industrie", "qualitaet": "AV93", "bev_pers_n": 239.0, "bev_dichte_pha": 239.0 }, "geometry": { "type": "Point", "coordinates": [ 8.529714371903378, 47.37831838385025 ] } },
{ "type": "Feature", "properties": { "egid_int": 302005091, "strasse": "Kräuelgasse", "hausnummer": "9", "plz": 8004.0, "ortschaft": "Zürich", "baujahr": 1894.0, "grundflaeche_m2": 153.6018515, "gebaeudealter_2026": 132.0, "gebaeude_nutzung": "Gebäude Verwaltung", "qualitaet": "AV93", "bev_pers_n": 275.0, "bev_dichte_pha": 275.0 }, "geometry": { "type": "Point", "coordinates": [ 8.529086339375375, 47.376242232243911 ] } },
{ "type": "Feature", "properties": { "egid_int": 302005099, "strasse": "Kochstrasse", "hausnummer": "12", "plz": 8004.0, "ortschaft": "Zürich", "baujahr": 1927.0, "grundflaeche_m2": 174.0560745, "gebaeudealter_2026": 99.0, "gebaeude_nutzung": "Gebäude Wohnen", "qualitaet": "AV93", "bev_pers_n": 278.0, "bev_dichte_pha": 278.0 }, "geometry": { "type": "Point", "coordinates": [ 8.515758027628552, 47.378150539793722 ] } },
{ "type": "Feature", "properties": { "egid_int": 302005114, "strasse": "Nietengasse", "hausnummer": "3", "plz": 8004.0, "ortschaft": "Zürich", "baujahr": 1894.0, "grundflaeche_m2": 46.924336, "gebaeudealter_2026": 132.0, "gebaeude_nutzung": "Gebäude Industrie", "qualitaet": "AV93", "bev_pers_n": 201.0, "bev_dichte_pha": 201.0 }, "geometry": { "type": "Point", "coordinates": [ 8.524862547665148, 47.379257060204154 ] } },
{ "type": "Feature", "properties": { "egid_int": 302005115, "strasse": "Nietengasse", "hausnummer": "5", "plz": 8004.0, "ortschaft": "Zürich", "baujahr": 1894.0, "grundflaeche_m2": 47.364895, "gebaeudealter_2026": 132.0, "gebaeude_nutzung": "Gebäude Industrie", "qualitaet": "AV93", "bev_pers_n": 201.0, "bev_dichte_pha": 201.0 }, "geometry": { "type": "Point", "coordinates": [ 8.524906045071672, 47.379296409562727 ] } },
{ "type": "Feature", "properties": { "egid_int": 302005123, "strasse": "Körnerstrasse", "hausnummer": "6", "plz": 8004.0, "ortschaft": "Zürich", "baujahr": 1887.0, "grundflaeche_m2": 26.789156, "gebaeudealter_2026": 139.0, "gebaeude_nutzung": "Nebengebäude", "qualitaet": "AV93", "bev_pers_n": 214.0, "bev_dichte_pha": 214.0 }, "geometry": { "type": "Point", "coordinates": [ 8.522090588369585, 47.374121536575252 ] } },
{ "type": "Feature", "properties": { "egid_int": 302005125, "strasse": "Dienerstrasse", "hausnummer": "52", "plz": 8004.0, "ortschaft": "Zürich", "baujahr": 1972.0, "grundflaeche_m2": 21.7185435, "gebaeudealter_2026": 54.0, "gebaeude_nutzung": "Nebengebäude", "qualitaet": "AV93", "bev_pers_n": 233.0, "bev_dichte_pha": 233.0 }, "geometry": { "type": "Point", "coordinates": [ 8.526822353461087, 47.378765464328936 ] } },
{ "type": "Feature", "properties": { "egid_int": 302005127, "strasse": "Dienerstrasse", "hausnummer": "28a", "plz": 8004.0, "ortschaft": "Zürich", "baujahr": 1895.0, "grundflaeche_m2": 65.258025, "gebaeudealter_2026": 131.0, "gebaeude_nutzung": "Gebäude Verwaltung", "qualitaet": "AV93", "bev_pers_n": 260.0, "bev_dichte_pha": 260.0 }, "geometry": { "type": "Point", "coordinates": [ 8.527734923692096, 47.378435766013645 ] } },
{ "type": "Feature", "properties": { "egid_int": 302005128, "strasse": "Morgartenstrasse", "hausnummer": "17", "plz": 8004.0, "ortschaft": "Zürich", "baujahr": 1895.0, "grundflaeche_m2": 146.4787395, "gebaeudealter_2026": 131.0, "gebaeude_nutzung": "Gebäude Industrie", "qualitaet": "AV93", "bev_pers_n": 144.0, "bev_dichte_pha": 144.0 }, "geometry": { "type": "Point", "coordinates": [ 8.528811857878969, 47.370978140635835 ] } },
{ "type": "Feature", "properties": { "egid_int": 302005129, "strasse": "Weberstrasse", "hausnummer": "12b", "plz": 8004.0, "ortschaft": "Zürich", "baujahr": 1895.0, "grundflaeche_m2": 163.3057645, "gebaeudealter_2026": 131.0, "gebaeude_nutzung": "Gebäude Handel", "qualitaet": "AV93", "bev_pers_n": 144.0, "bev_dichte_pha": 144.0 }, "geometry": { "type": "Point", "coordinates": [ 8.528712109154277, 47.370898917437017 ] } },
{ "type": "Feature", "properties": { "egid_int": 302005131, "strasse": "Weberstrasse", "hausnummer": "12a", "plz": 8004.0, "ortschaft": "Zürich", "baujahr": 1895.0, "grundflaeche_m2": 50.6897275, "gebaeudealter_2026": 131.0, "gebaeude_nutzung": "Nebengebäude", "qualitaet": "AV93", "bev_pers_n": 144.0, "bev_dichte_pha": 144.0 }, "geometry": { "type": "Point", "coordinates": [ 8.528678701629685, 47.370783627262398 ] } },
{ "type": "Feature", "properties": { "egid_int": 302005140, "strasse": "Stierliweg", "hausnummer": "10", "plz": 8004.0, "ortschaft": "Zürich", "baujahr": 1895.0, "grundflaeche_m2": 161.6495295, "gebaeudealter_2026": 131.0, "gebaeude_nutzung": "Gebäude Industrie", "qualitaet": "AV93", "bev_pers_n": 196.0, "bev_dichte_pha": 196.0 }, "geometry": { "type": "Point", "coordinates": [ 8.512906957176368, 47.377799807069422 ] } },
{ "type": "Feature", "properties": { "egid_int": 302005145, "strasse": "Badenerstrasse", "hausnummer": "73", "plz": 8004.0, "ortschaft": "Zürich", "baujahr": 1899.0, "grundflaeche_m2": 161.5301345, "gebaeudealter_2026": 127.0, "gebaeude_nutzung": "Gebäude Wohnen", "qualitaet": "AV93", "bev_pers_n": 120.0, "bev_dichte_pha": 120.0 }, "geometry": { "type": "Point", "coordinates": [ 8.526680175897837, 47.373241661324371 ] } },
{ "type": "Feature", "properties": { "egid_int": 302005150, "strasse": "Tellstrasse", "hausnummer": "36", "plz": 8004.0, "ortschaft": "Zürich", "baujahr": 1983.0, "grundflaeche_m2": 43.7956575, "gebaeudealter_2026": 43.0, "gebaeude_nutzung": "Gebäude Wohnen", "qualitaet": "AV93", "bev_pers_n": 238.0, "bev_dichte_pha": 238.0 }, "geometry": { "type": "Point", "coordinates": [ 8.529736895490428, 47.379214201352312 ] } },
{ "type": "Feature", "properties": { "egid_int": 302005152, "strasse": "Anwandstrasse", "hausnummer": "62a", "plz": 8004.0, "ortschaft": "Zürich", "baujahr": 1895.0, "grundflaeche_m2": 166.215441, "gebaeudealter_2026": 131.0, "gebaeude_nutzung": "Gebäude Industrie", "qualitaet": "AV93", "bev_pers_n": 397.0, "bev_dichte_pha": 397.0 }, "geometry": { "type": "Point", "coordinates": [ 8.521681004051747, 47.377484061309929 ] } },
{ "type": "Feature", "properties": { "egid_int": 302005163, "strasse": "Zwinglistrasse", "hausnummer": "19", "plz": 8004.0, "ortschaft": "Zürich", "baujahr": 1931.0, "grundflaeche_m2": 65.2879175, "gebaeudealter_2026": 95.0, "gebaeude_nutzung": "Gebäude Industrie", "qualitaet": "AV93", "bev_pers_n": 239.0, "bev_dichte_pha": 239.0 }, "geometry": { "type": "Point", "coordinates": [ 8.528931128278856, 47.377942272204358 ] } },
{ "type": "Feature", "properties": { "egid_int": 302005165, "strasse": "Verena-Conzett-Strasse", "hausnummer": "9", "plz": 8004.0, "ortschaft": "Zürich", "baujahr": 1896.0, "grundflaeche_m2": 111.967362, "gebaeudealter_2026": 130.0, "gebaeude_nutzung": "Gebäude Verwaltung", "qualitaet": "AV93", "bev_pers_n": 187.0, "bev_dichte_pha": 187.0 }, "geometry": { "type": "Point", "coordinates": [ 8.527426828042788, 47.370850404054629 ] } },
{ "type": "Feature", "properties": { "egid_int": 302005175, "strasse": "Freyastrasse", "hausnummer": "9a", "plz": 8004.0, "ortschaft": "Zürich", "baujahr": 1897.0, "grundflaeche_m2": 72.409567, "gebaeudealter_2026": 129.0, "gebaeude_nutzung": "Nebengebäude", "qualitaet": "AV93", "bev_pers_n": 78.0, "bev_dichte_pha": 78.0 }, "geometry": { "type": "Point", "coordinates": [ 8.523978342342868, 47.371797393869294 ] } },
{ "type": "Feature", "properties": { "egid_int": 302005187, "strasse": "Schreinerstrasse", "hausnummer": "62a", "plz": 8004.0, "ortschaft": "Zürich", "baujahr": 1897.0, "grundflaeche_m2": 93.720135, "gebaeudealter_2026": 129.0, "gebaeude_nutzung": "Nebengebäude", "qualitaet": "AV93", "bev_pers_n": 404.0, "bev_dichte_pha": 404.0 }, "geometry": { "type": "Point", "coordinates": [ 8.523418053555654, 47.376842413648532 ] } },
{ "type": "Feature", "properties": { "egid_int": 302005204, "strasse": "Hildastrasse", "hausnummer": "5a", "plz": 8004.0, "ortschaft": "Zürich", "baujahr": 1898.0, "grundflaeche_m2": 43.545471, "gebaeudealter_2026": 128.0, "gebaeude_nutzung": "Gebäude Wohnen", "qualitaet": "AV93", "bev_pers_n": 347.0, "bev_dichte_pha": 347.0 }, "geometry": { "type": "Point", "coordinates": [ 8.515767459803689, 47.376283159924476 ] } },
{ "type": "Feature", "properties": { "egid_int": 302005214, "strasse": "Rolandstrasse", "hausnummer": "8a", "plz": 8004.0, "ortschaft": "Zürich", "baujahr": 1944.0, "grundflaeche_m2": 22.146125, "gebaeudealter_2026": 82.0, "gebaeude_nutzung": "Nebengebäude", "qualitaet": "AV93", "bev_pers_n": 233.0, "bev_dichte_pha": 233.0 }, "geometry": { "type": "Point", "coordinates": [ 8.526661843864872, 47.379172565608776 ] } },
{ "type": "Feature", "properties": { "egid_int": 302005215, "strasse": "Stauffacherstrasse", "hausnummer": "99a", "plz": 8004.0, "ortschaft": "Zürich", "baujahr": 1898.0, "grundflaeche_m2": 68.98066, "gebaeudealter_2026": 128.0, "gebaeude_nutzung": "Gebäude Wohnen", "qualitaet": "AV93", "bev_pers_n": 204.0, "bev_dichte_pha": 204.0 }, "geometry": { "type": "Point", "coordinates": [ 8.525083506268476, 47.37624326699607 ] } },
{ "type": "Feature", "properties": { "egid_int": 302005216, "strasse": "Zinistrasse", "hausnummer": "9a", "plz": 8004.0, "ortschaft": "Zürich", "baujahr": 1899.0, "grundflaeche_m2": 41.541743, "gebaeudealter_2026": 127.0, "gebaeude_nutzung": "Gebäude Wohnen", "qualitaet": "AV93", "bev_pers_n": 422.0, "bev_dichte_pha": 422.0 }, "geometry": { "type": "Point", "coordinates": [ 8.526065407742003, 47.379704206301113 ] } },
{ "type": "Feature", "properties": { "egid_int": 302005221, "strasse": "Köchlistrasse", "hausnummer": "20a", "plz": 8004.0, "ortschaft": "Zürich", "baujahr": 1953.0, "grundflaeche_m2": 19.788366, "gebaeudealter_2026": 73.0, "gebaeude_nutzung": "Nebengebäude", "qualitaet": "AV93", "bev_pers_n": 275.0, "bev_dichte_pha": 275.0 }, "geometry": { "type": "Point", "coordinates": [ 8.523268550953926, 47.373763935842227 ] } },
{ "type": "Feature", "properties": { "egid_int": 302005234, "strasse": "Engelstrasse", "hausnummer": "41", "plz": 8004.0, "ortschaft": "Zürich", "baujahr": 1900.0, "grundflaeche_m2": 101.778431, "gebaeudealter_2026": 126.0, "gebaeude_nutzung": "Gebäude Verwaltung", "qualitaet": "AV93", "bev_pers_n": 107.0, "bev_dichte_pha": 107.0 }, "geometry": { "type": "Point", "coordinates": [ 8.522754455424348, 47.375856941580402 ] } },
{ "type": "Feature", "properties": { "egid_int": 302005236, "strasse": "Stauffacherstrasse", "hausnummer": "34", "plz": 8004.0, "ortschaft": "Zürich", "baujahr": 1900.0, "grundflaeche_m2": 1002.991648, "gebaeudealter_2026": 126.0, "gebaeude_nutzung": "Gebäude Verwaltung", "qualitaet": "AV93", "bev_pers_n": 65.0, "bev_dichte_pha": 65.0 }, "geometry": { "type": "Point", "coordinates": [ 8.529078445691603, 47.373868610832474 ] } },
{ "type": "Feature", "properties": { "egid_int": 302005238, "strasse": "Köchlistrasse", "hausnummer": "27a", "plz": 8004.0, "ortschaft": "Zürich", "baujahr": 1894.0, "grundflaeche_m2": 46.2991765, "gebaeudealter_2026": 132.0, "gebaeude_nutzung": "Nebengebäude", "qualitaet": "AV93", "bev_pers_n": 214.0, "bev_dichte_pha": 214.0 }, "geometry": { "type": "Point", "coordinates": [ 8.522543233377558, 47.373618348971441 ] } },
{ "type": "Feature", "properties": { "egid_int": 302005239, "strasse": "Köchlistrasse", "hausnummer": "29", "plz": 8004.0, "ortschaft": "Zürich", "baujahr": 1901.0, "grundflaeche_m2": 94.3169395, "gebaeudealter_2026": 125.0, "gebaeude_nutzung": "Nebengebäude", "qualitaet": "AV93", "bev_pers_n": 214.0, "bev_dichte_pha": 214.0 }, "geometry": { "type": "Point", "coordinates": [ 8.52242307399584, 47.373681263893872 ] } },
{ "type": "Feature", "properties": { "egid_int": 302005243, "strasse": "Kanzleistrasse", "hausnummer": "129", "plz": 8004.0, "ortschaft": "Zürich", "baujahr": 1902.0, "grundflaeche_m2": 248.868859, "gebaeudealter_2026": 124.0, "gebaeude_nutzung": "Gebäude Handel", "qualitaet": "AV93", "bev_pers_n": 239.0, "bev_dichte_pha": 239.0 }, "geometry": { "type": "Point", "coordinates": [ 8.520003879131274, 47.37680215780933 ] } },
{ "type": "Feature", "properties": { "egid_int": 302005252, "strasse": "Kernstrasse", "hausnummer": "41", "plz": 8004.0, "ortschaft": "Zürich", "baujahr": 1904.0, "grundflaeche_m2": 948.9210725, "gebaeudealter_2026": 122.0, "gebaeude_nutzung": "Gebäude Verwaltung", "qualitaet": "AV93", "bev_pers_n": 94.0, "bev_dichte_pha": 94.0 }, "geometry": { "type": "Point", "coordinates": [ 8.524503855479852, 47.377059770446692 ] } },
{ "type": "Feature", "properties": { "egid_int": 302005253, "strasse": "Kanzleistrasse", "hausnummer": "52", "plz": 8004.0, "ortschaft": "Zürich", "baujahr": 1904.0, "grundflaeche_m2": 293.320598, "gebaeudealter_2026": 122.0, "gebaeude_nutzung": "Gebäude Verwaltung", "qualitaet": "AV93", "bev_pers_n": 11.0, "bev_dichte_pha": 11.0 }, "geometry": { "type": "Point", "coordinates": [ 8.526130227511128, 47.375252248361321 ] } },
{ "type": "Feature", "properties": { "egid_int": 302005273, "strasse": null, "hausnummer": null, "plz": null, "ortschaft": null, "baujahr": 1964.0, "grundflaeche_m2": 32441.082176380001, "gebaeudealter_2026": 62.0, "gebaeude_nutzung": "Gebäude Industrie", "qualitaet": "AV93", "bev_pers_n": 52.0, "bev_dichte_pha": 52.0 }, "geometry": { "type": "Point", "coordinates": [ 8.507455295088905, 47.390264993872215 ] } },
{ "type": "Feature", "properties": { "egid_int": 302005277, "strasse": "Hardgutstrasse", "hausnummer": "9", "plz": 8048.0, "ortschaft": "Zürich", "baujahr": 1907.0, "grundflaeche_m2": 507.9445955, "gebaeudealter_2026": 119.0, "gebaeude_nutzung": "Gebäude Industrie", "qualitaet": "AV93", "bev_pers_n": -999.0, "bev_dichte_pha": -999.0 }, "geometry": { "type": "Point", "coordinates": [ 8.50465227135938, 47.385254901500822 ] } },
{ "type": "Feature", "properties": { "egid_int": 302005283, "strasse": "Zweierstrasse", "hausnummer": "48a", "plz": 8004.0, "ortschaft": "Zürich", "baujahr": 1935.0, "grundflaeche_m2": 17.454393, "gebaeudealter_2026": 91.0, "gebaeude_nutzung": "Nebengebäude", "qualitaet": "AV93", "bev_pers_n": 215.0, "bev_dichte_pha": 215.0 }, "geometry": { "type": "Point", "coordinates": [ 8.524552983177639, 47.372810798502563 ] } },
{ "type": "Feature", "properties": { "egid_int": 302005285, "strasse": "Herdernstrasse", "hausnummer": "75", "plz": 8004.0, "ortschaft": "Zürich", "baujahr": 1957.0, "grundflaeche_m2": 50.96671719, "gebaeudealter_2026": 69.0, "gebaeude_nutzung": "Gebäude Industrie", "qualitaet": "AV93", "bev_pers_n": 200.0, "bev_dichte_pha": 200.0 }, "geometry": { "type": "Point", "coordinates": [ 8.507391820282093, 47.384833000079794 ] } },
{ "type": "Feature", "properties": { "egid_int": 302005286, "strasse": "Herdernstrasse", "hausnummer": "69", "plz": 8004.0, "ortschaft": "Zürich", "baujahr": 1909.0, "grundflaeche_m2": 593.0947545, "gebaeudealter_2026": 117.0, "gebaeude_nutzung": "Gebäude Industrie", "qualitaet": "AV93", "bev_pers_n": 163.0, "bev_dichte_pha": 163.0 }, "geometry": { "type": "Point", "coordinates": [ 8.506963872031585, 47.38426561863492 ] } },
{ "type": "Feature", "properties": { "egid_int": 302005287, "strasse": "Herdernstrasse", "hausnummer": "71", "plz": 8004.0, "ortschaft": "Zürich", "baujahr": 1909.0, "grundflaeche_m2": 339.2813515, "gebaeudealter_2026": 117.0, "gebaeude_nutzung": "Gebäude Industrie", "qualitaet": "AV93", "bev_pers_n": 200.0, "bev_dichte_pha": 200.0 }, "geometry": { "type": "Point", "coordinates": [ 8.507173881428589, 47.384472838724101 ] } },
{ "type": "Feature", "properties": { "egid_int": 302005292, "strasse": "Hohlstrasse", "hausnummer": "388", "plz": 8048.0, "ortschaft": "Zürich", "baujahr": 1909.0, "grundflaeche_m2": 5188.32242, "gebaeudealter_2026": 117.0, "gebaeude_nutzung": "Gebäude Verkehrswesen", "qualitaet": "AV93", "bev_pers_n": 52.0, "bev_dichte_pha": 52.0 }, "geometry": { "type": "Point", "coordinates": [ 8.505683446835212, 47.386143413144623 ] } },
{ "type": "Feature", "properties": { "egid_int": 302005293, "strasse": "Hohlstrasse", "hausnummer": "408", "plz": 8048.0, "ortschaft": "Zürich", "baujahr": 1909.0, "grundflaeche_m2": 2913.305068, "gebaeudealter_2026": 117.0, "gebaeude_nutzung": "Gebäude Industrie", "qualitaet": "AV93", "bev_pers_n": 52.0, "bev_dichte_pha": 52.0 }, "geometry": { "type": "Point", "coordinates": [ 8.503486319952057, 47.387149774887639 ] } },
{ "type": "Feature", "properties": { "egid_int": 302005294, "strasse": "Hohlstrasse", "hausnummer": "410", "plz": 8048.0, "ortschaft": "Zürich", "baujahr": 1971.0, "grundflaeche_m2": 441.80931, "gebaeudealter_2026": 55.0, "gebaeude_nutzung": "Gebäude Industrie", "qualitaet": "AV93", "bev_pers_n": 52.0, "bev_dichte_pha": 52.0 }, "geometry": { "type": "Point", "coordinates": [ 8.503861907676038, 47.387516288175874 ] } },
{ "type": "Feature", "properties": { "egid_int": 302005295, "strasse": "Hohlstrasse", "hausnummer": "436", "plz": 8048.0, "ortschaft": "Zürich", "baujahr": 1970.0, "grundflaeche_m2": 337.1785615, "gebaeudealter_2026": 56.0, "gebaeude_nutzung": "Gebäude Verkehrswesen", "qualitaet": "AV93", "bev_pers_n": 300.0, "bev_dichte_pha": 300.0 }, "geometry": { "type": "Point", "coordinates": [ 8.499975570221059, 47.388606082114698 ] } },
{ "type": "Feature", "properties": { "egid_int": 302005296, "strasse": "Hardgutstrasse", "hausnummer": "1", "plz": 8048.0, "ortschaft": "Zürich", "baujahr": 1909.0, "grundflaeche_m2": 96.3686105, "gebaeudealter_2026": 117.0, "gebaeude_nutzung": "Gebäude Verkehrswesen", "qualitaet": "AV93", "bev_pers_n": 52.0, "bev_dichte_pha": 52.0 }, "geometry": { "type": "Point", "coordinates": [ 8.505093220359672, 47.385879109888165 ] } },
{ "type": "Feature", "properties": { "egid_int": 302005297, "strasse": "Herdernstrasse", "hausnummer": "61a", "plz": 8004.0, "ortschaft": "Zürich", "baujahr": 1909.0, "grundflaeche_m2": 23.7479865, "gebaeudealter_2026": 117.0, "gebaeude_nutzung": "Nebengebäude", "qualitaet": "AV93", "bev_pers_n": 163.0, "bev_dichte_pha": 163.0 }, "geometry": { "type": "Point", "coordinates": [ 8.506310248070063, 47.383785855380495 ] } },
{ "type": "Feature", "properties": { "egid_int": 302005298, "strasse": "Hardgutstrasse", "hausnummer": "1a", "plz": 8048.0, "ortschaft": "Zürich", "baujahr": 1909.0, "grundflaeche_m2": 43.9384185, "gebaeudealter_2026": 117.0, "gebaeude_nutzung": "Gebäude Industrie", "qualitaet": "AV93", "bev_pers_n": -999.0, "bev_dichte_pha": -999.0 }, "geometry": { "type": "Point", "coordinates": [ 8.505555749783113, 47.385633754183893 ] } },
{ "type": "Feature", "properties": { "egid_int": 302005299, "strasse": "Herdernstrasse", "hausnummer": "77", "plz": 8004.0, "ortschaft": "Zürich", "baujahr": 1909.0, "grundflaeche_m2": 27.223064, "gebaeudealter_2026": 117.0, "gebaeude_nutzung": "Gebäude Industrie", "qualitaet": "AV93", "bev_pers_n": 200.0, "bev_dichte_pha": 200.0 }, "geometry": { "type": "Point", "coordinates": [ 8.507969613504196, 47.384925187284892 ] } },
{ "type": "Feature", "properties": { "egid_int": 302005308, "strasse": "Hohlstrasse", "hausnummer": "268", "plz": 8004.0, "ortschaft": "Zürich", "baujahr": 1910.0, "grundflaeche_m2": 102.201984, "gebaeudealter_2026": 116.0, "gebaeude_nutzung": "Gebäude Industrie", "qualitaet": "AV93", "bev_pers_n": 28.0, "bev_dichte_pha": 28.0 }, "geometry": { "type": "Point", "coordinates": [ 8.51612539221744, 47.384050615540268 ] } },
{ "type": "Feature", "properties": { "egid_int": 302005322, "strasse": "Hohlstrasse", "hausnummer": "394", "plz": 8048.0, "ortschaft": "Zürich", "baujahr": 1911.0, "grundflaeche_m2": 319.9131315, "gebaeudealter_2026": 115.0, "gebaeude_nutzung": "Gebäude Industrie", "qualitaet": "AV93", "bev_pers_n": 52.0, "bev_dichte_pha": 52.0 }, "geometry": { "type": "Point", "coordinates": [ 8.504196154125017, 47.387177582866876 ] } },
{ "type": "Feature", "properties": { "egid_int": 302005323, "strasse": "Hohlstrasse", "hausnummer": "418", "plz": 8048.0, "ortschaft": "Zürich", "baujahr": 1911.0, "grundflaeche_m2": 10172.011045499999, "gebaeudealter_2026": 115.0, "gebaeude_nutzung": "Gebäude Industrie", "qualitaet": "AV93", "bev_pers_n": 41.0, "bev_dichte_pha": 41.0 }, "geometry": { "type": "Point", "coordinates": [ 8.501988984993202, 47.387502327270631 ] } },
{ "type": "Feature", "properties": { "egid_int": 302005324, "strasse": "Hohlstrasse", "hausnummer": "422a", "plz": 8048.0, "ortschaft": "Zürich", "baujahr": 1911.0, "grundflaeche_m2": 34.662269, "gebaeudealter_2026": 115.0, "gebaeude_nutzung": "Gebäude Verwaltung", "qualitaet": "AV93", "bev_pers_n": 41.0, "bev_dichte_pha": 41.0 }, "geometry": { "type": "Point", "coordinates": [ 8.501044139935434, 47.387633855241333 ] } },
{ "type": "Feature", "properties": { "egid_int": 302005325, "strasse": "Hohlstrasse", "hausnummer": "430", "plz": 8048.0, "ortschaft": "Zürich", "baujahr": 1911.0, "grundflaeche_m2": 240.2657565, "gebaeudealter_2026": 115.0, "gebaeude_nutzung": "Gebäude Industrie", "qualitaet": "AV93", "bev_pers_n": 300.0, "bev_dichte_pha": 300.0 }, "geometry": { "type": "Point", "coordinates": [ 8.499771740987073, 47.387877835770148 ] } },
{ "type": "Feature", "properties": { "egid_int": 302005340, "strasse": "Weberstrasse", "hausnummer": "6", "plz": 8004.0, "ortschaft": "Zürich", "baujahr": 1912.0, "grundflaeche_m2": 282.9039345, "gebaeudealter_2026": 114.0, "gebaeude_nutzung": "Gebäude Verwaltung", "qualitaet": "AV93", "bev_pers_n": 144.0, "bev_dichte_pha": 144.0 }, "geometry": { "type": "Point", "coordinates": [ 8.528949406034807, 47.370701780111631 ] } },
{ "type": "Feature", "properties": { "egid_int": 302005351, "strasse": "Hohlstrasse", "hausnummer": "366", "plz": 8004.0, "ortschaft": "Zürich", "baujahr": 1913.0, "grundflaeche_m2": 1083.985975, "gebaeudealter_2026": 113.0, "gebaeude_nutzung": "Gebäude Industrie", "qualitaet": "AV93", "bev_pers_n": 200.0, "bev_dichte_pha": 200.0 }, "geometry": { "type": "Point", "coordinates": [ 8.507627119481846, 47.385736922687045 ] } },
{ "type": "Feature", "properties": { "egid_int": 302005353, "strasse": "Langstrasse", "hausnummer": "38", "plz": 8004.0, "ortschaft": "Zürich", "baujahr": 1913.0, "grundflaeche_m2": 46.6993815, "gebaeudealter_2026": 113.0, "gebaeude_nutzung": "Gebäude Industrie", "qualitaet": "AV93", "bev_pers_n": 98.0, "bev_dichte_pha": 98.0 }, "geometry": { "type": "Point", "coordinates": [ 8.525551596543018, 47.375909651380653 ] } },
{ "type": "Feature", "properties": { "egid_int": 302005354, "strasse": "Rotwandstrasse", "hausnummer": "34", "plz": 8004.0, "ortschaft": "Zürich", "baujahr": 1914.0, "grundflaeche_m2": 44.70737, "gebaeudealter_2026": 112.0, "gebaeude_nutzung": "Gebäude Verwaltung", "qualitaet": "AV93", "bev_pers_n": 36.0, "bev_dichte_pha": 36.0 }, "geometry": { "type": "Point", "coordinates": [ 8.527918926311216, 47.374801038501744 ] } },
{ "type": "Feature", "properties": { "egid_int": 302005355, "strasse": "Kernstrasse", "hausnummer": "56", "plz": 8004.0, "ortschaft": "Zürich", "baujahr": 1914.0, "grundflaeche_m2": 53.5963445, "gebaeudealter_2026": 112.0, "gebaeude_nutzung": "Gebäude Industrie", "qualitaet": "AV93", "bev_pers_n": 94.0, "bev_dichte_pha": 94.0 }, "geometry": { "type": "Point", "coordinates": [ 8.525638968543058, 47.377455053134334 ] } },
{ "type": "Feature", "properties": { "egid_int": 302005358, "strasse": "Rotwandstrasse", "hausnummer": "19a", "plz": 8004.0, "ortschaft": "Zürich", "baujahr": 1916.0, "grundflaeche_m2": 195.9985735, "gebaeudealter_2026": 110.0, "gebaeude_nutzung": "Nebengebäude", "qualitaet": "AV93", "bev_pers_n": 11.0, "bev_dichte_pha": 11.0 }, "geometry": { "type": "Point", "coordinates": [ 8.526963571519394, 47.374737228064291 ] } },
{ "type": "Feature", "properties": { "egid_int": 302005361, "strasse": "Rotwandstrasse", "hausnummer": "21a", "plz": 8004.0, "ortschaft": "Zürich", "baujahr": 1916.0, "grundflaeche_m2": 192.491484, "gebaeudealter_2026": 110.0, "gebaeude_nutzung": "Nebengebäude", "qualitaet": "AV93", "bev_pers_n": 11.0, "bev_dichte_pha": 11.0 }, "geometry": { "type": "Point", "coordinates": [ 8.526730290777797, 47.375026603923615 ] } },
{ "type": "Feature", "properties": { "egid_int": 302005362, "strasse": "Rotwandstrasse", "hausnummer": "37a", "plz": 8004.0, "ortschaft": "Zürich", "baujahr": 1915.0, "grundflaeche_m2": 71.635888, "gebaeudealter_2026": 111.0, "gebaeude_nutzung": "Nebengebäude", "qualitaet": "AV93", "bev_pers_n": 153.0, "bev_dichte_pha": 153.0 }, "geometry": { "type": "Point", "coordinates": [ 8.527727571430352, 47.37526654128785 ] } },
{ "type": "Feature", "properties": { "egid_int": 302005363, "strasse": null, "hausnummer": null, "plz": null, "ortschaft": null, "baujahr": 1974.0, "grundflaeche_m2": 24.61228, "gebaeudealter_2026": 52.0, "gebaeude_nutzung": "Gebäude Wohnen", "qualitaet": "AV93", "bev_pers_n": 94.0, "bev_dichte_pha": 94.0 }, "geometry": { "type": "Point", "coordinates": [ 8.522725734628196, 47.372664808909278 ] } },
{ "type": "Feature", "properties": { "egid_int": 302005364, "strasse": "Elisabethenstrasse", "hausnummer": "20b", "plz": 8004.0, "ortschaft": "Zürich", "baujahr": 1912.0, "grundflaeche_m2": 397.637859, "gebaeudealter_2026": 114.0, "gebaeude_nutzung": "Gebäude Verwaltung", "qualitaet": "AV93", "bev_pers_n": 214.0, "bev_dichte_pha": 214.0 }, "geometry": { "type": "Point", "coordinates": [ 8.522385186855461, 47.373337897983255 ] } },
{ "type": "Feature", "properties": { "egid_int": 302005365, "strasse": "Elisabethenstrasse", "hausnummer": "20a", "plz": 8004.0, "ortschaft": "Zürich", "baujahr": 1912.0, "grundflaeche_m2": 65.06465, "gebaeudealter_2026": 114.0, "gebaeude_nutzung": "Gebäude Industrie", "qualitaet": "AV93", "bev_pers_n": 214.0, "bev_dichte_pha": 214.0 }, "geometry": { "type": "Point", "coordinates": [ 8.522763041117292, 47.373346081844709 ] } },
{ "type": "Feature", "properties": { "egid_int": 302005366, "strasse": "Elisabethenstrasse", "hausnummer": "22a", "plz": 8004.0, "ortschaft": "Zürich", "baujahr": 1912.0, "grundflaeche_m2": 100.3757275, "gebaeudealter_2026": 114.0, "gebaeude_nutzung": "Gebäude Industrie", "qualitaet": "AV93", "bev_pers_n": 214.0, "bev_dichte_pha": 214.0 }, "geometry": { "type": "Point", "coordinates": [ 8.52235187003504, 47.373609431315884 ] } },
{ "type": "Feature", "properties": { "egid_int": 302005367, "strasse": "Elisabethenstrasse", "hausnummer": "27", "plz": 8004.0, "ortschaft": "Zürich", "baujahr": 1939.0, "grundflaeche_m2": 9124.606787000001, "gebaeudealter_2026": 87.0, "gebaeude_nutzung": "Gebäude Verkehrswesen", "qualitaet": "AV93", "bev_pers_n": 214.0, "bev_dichte_pha": 214.0 }, "geometry": { "type": "Point", "coordinates": [ 8.521787712008306, 47.373367006379176 ] } },
{ "type": "Feature", "properties": { "egid_int": 302005376, "strasse": "Sihlfeldstrasse", "hausnummer": "161", "plz": 8004.0, "ortschaft": "Zürich", "baujahr": 1917.0, "grundflaeche_m2": 518.841287, "gebaeudealter_2026": 109.0, "gebaeude_nutzung": "Gebäude Verwaltung", "qualitaet": "AV93", "bev_pers_n": 265.0, "bev_dichte_pha": 265.0 }, "geometry": { "type": "Point", "coordinates": [ 8.515423111215986, 47.38055248149697 ] } },
{ "type": "Feature", "properties": { "egid_int": 302005395, "strasse": "Stierliweg", "hausnummer": "14", "plz": 8004.0, "ortschaft": "Zürich", "baujahr": 1921.0, "grundflaeche_m2": 84.1331, "gebaeudealter_2026": 105.0, "gebaeude_nutzung": "Nebengebäude", "qualitaet": "AV93", "bev_pers_n": 235.0, "bev_dichte_pha": 235.0 }, "geometry": { "type": "Point", "coordinates": [ 8.513221720541145, 47.378021810743988 ] } },
{ "type": "Feature", "properties": { "egid_int": 302005397, "strasse": "Reitergasse", "hausnummer": "11", "plz": 8004.0, "ortschaft": "Zürich", "baujahr": 1923.0, "grundflaeche_m2": 250.818576, "gebaeudealter_2026": 103.0, "gebaeude_nutzung": "Gebäude Verwaltung", "qualitaet": "AV93", "bev_pers_n": 63.0, "bev_dichte_pha": 63.0 }, "geometry": { "type": "Point", "coordinates": [ 8.533560606520492, 47.377141419729952 ] } },
{ "type": "Feature", "properties": { "egid_int": 302005408, "strasse": "Pflanzschulstrasse", "hausnummer": "34", "plz": 8004.0, "ortschaft": "Zürich", "baujahr": 1923.0, "grundflaeche_m2": 315.0035485, "gebaeudealter_2026": 103.0, "gebaeude_nutzung": "Gebäude Wohnen", "qualitaet": "AV93", "bev_pers_n": 181.0, "bev_dichte_pha": 181.0 }, "geometry": { "type": "Point", "coordinates": [ 8.520556255188495, 47.376432108216513 ] } },
{ "type": "Feature", "properties": { "egid_int": 302005411, "strasse": "Bullingerstrasse", "hausnummer": "4a", "plz": 8004.0, "ortschaft": "Zürich", "baujahr": 1955.0, "grundflaeche_m2": 712.4606703, "gebaeudealter_2026": 71.0, "gebaeude_nutzung": "Gebäude Verwaltung", "qualitaet": "AV93", "bev_pers_n": 51.0, "bev_dichte_pha": 51.0 }, "geometry": { "type": "Point", "coordinates": [ 8.515212652120891, 47.380117317723546 ] } },
{ "type": "Feature", "properties": { "egid_int": 302005412, "strasse": "Bullingerstrasse", "hausnummer": "4", "plz": 8004.0, "ortschaft": "Zürich", "baujahr": 1925.0, "grundflaeche_m2": 460.2771305, "gebaeudealter_2026": 101.0, "gebaeude_nutzung": "Gebäude Verwaltung", "qualitaet": "AV93", "bev_pers_n": 118.0, "bev_dichte_pha": 118.0 }, "geometry": { "type": "Point", "coordinates": [ 8.515508863249451, 47.379937110866024 ] } },
{ "type": "Feature", "properties": { "egid_int": 302005420, "strasse": "Badenerstrasse", "hausnummer": "422", "plz": 8004.0, "ortschaft": "Zürich", "baujahr": 1973.0, "grundflaeche_m2": 781.771137, "gebaeudealter_2026": 53.0, "gebaeude_nutzung": "Gebäude Gastgewerbe", "qualitaet": "AV93", "bev_pers_n": 62.0, "bev_dichte_pha": 62.0 }, "geometry": { "type": "Point", "coordinates": [ 8.506631410023781, 47.380553765599039 ] } },
{ "type": "Feature", "properties": { "egid_int": 302005426, "strasse": "Badenerstrasse", "hausnummer": "272", "plz": 8004.0, "ortschaft": "Zürich", "baujahr": 1924.0, "grundflaeche_m2": 175.6691015, "gebaeudealter_2026": 102.0, "gebaeude_nutzung": "Gebäude Verwaltung", "qualitaet": "AV93", "bev_pers_n": 334.0, "bev_dichte_pha": 334.0 }, "geometry": { "type": "Point", "coordinates": [ 8.514899748178259, 47.376602486939156 ] } },
{ "type": "Feature", "properties": { "egid_int": 302005470, "strasse": "Hohlstrasse", "hausnummer": "91", "plz": 8004.0, "ortschaft": "Zürich", "baujahr": 1927.0, "grundflaeche_m2": 90.6310195, "gebaeudealter_2026": 99.0, "gebaeude_nutzung": "Gebäude Verwaltung", "qualitaet": "AV93", "bev_pers_n": 37.0, "bev_dichte_pha": 37.0 }, "geometry": { "type": "Point", "coordinates": [ 8.523194971784829, 47.378432918146594 ] } },
{ "type": "Feature", "properties": { "egid_int": 302005477, "strasse": "Militärstrasse", "hausnummer": "116a", "plz": 8004.0, "ortschaft": "Zürich", "baujahr": 1927.0, "grundflaeche_m2": 67.119626, "gebaeudealter_2026": 99.0, "gebaeude_nutzung": "Nebengebäude", "qualitaet": "AV93", "bev_pers_n": 119.0, "bev_dichte_pha": 119.0 }, "geometry": { "type": "Point", "coordinates": [ 8.528290590402547, 47.379693628367413 ] } },
{ "type": "Feature", "properties": { "egid_int": 302005478, "strasse": "Körnerstrasse", "hausnummer": "8", "plz": 8004.0, "ortschaft": "Zürich", "baujahr": 1928.0, "grundflaeche_m2": 47.2883415, "gebaeudealter_2026": 98.0, "gebaeude_nutzung": "Nebengebäude", "qualitaet": "AV93", "bev_pers_n": 19.0, "bev_dichte_pha": 19.0 }, "geometry": { "type": "Point", "coordinates": [ 8.521662953996337, 47.374064514992135 ] } },
{ "type": "Feature", "properties": { "egid_int": 302005486, "strasse": "Erismannhof", "hausnummer": "6a", "plz": 8004.0, "ortschaft": "Zürich", "baujahr": 1928.0, "grundflaeche_m2": 264.0147655, "gebaeudealter_2026": 98.0, "gebaeude_nutzung": "Gebäude Verwaltung", "qualitaet": "AV93", "bev_pers_n": 160.0, "bev_dichte_pha": 160.0 }, "geometry": { "type": "Point", "coordinates": [ 8.519830574430795, 47.379776948109424 ] } },
{ "type": "Feature", "properties": { "egid_int": 302005488, "strasse": "Zypressenstrasse", "hausnummer": "52a", "plz": 8004.0, "ortschaft": "Zürich", "baujahr": 1928.0, "grundflaeche_m2": 45.5079225, "gebaeudealter_2026": 98.0, "gebaeude_nutzung": "Gebäude Wohnen", "qualitaet": "AV93", "bev_pers_n": 196.0, "bev_dichte_pha": 196.0 }, "geometry": { "type": "Point", "coordinates": [ 8.513403363549756, 47.377313538568067 ] } },
{ "type": "Feature", "properties": { "egid_int": 302005498, "strasse": "Feldstrasse", "hausnummer": "35", "plz": 8004.0, "ortschaft": "Zürich", "baujahr": 1929.0, "grundflaeche_m2": 37.7603395, "gebaeudealter_2026": 97.0, "gebaeude_nutzung": "Nebengebäude", "qualitaet": "AV93", "bev_pers_n": 144.0, "bev_dichte_pha": 144.0 }, "geometry": { "type": "Point", "coordinates": [ 8.520921545328722, 47.375881774871601 ] } },
{ "type": "Feature", "properties": { "egid_int": 302005517, "strasse": "Hallwylplatz", "hausnummer": "1", "plz": 8004.0, "ortschaft": "Zürich", "baujahr": 1930.0, "grundflaeche_m2": 22.9130845, "gebaeudealter_2026": 96.0, "gebaeude_nutzung": "Gebäude Industrie", "qualitaet": "AV93", "bev_pers_n": 187.0, "bev_dichte_pha": 187.0 }, "geometry": { "type": "Point", "coordinates": [ 8.52801815107359, 47.371248080220091 ] } },
{ "type": "Feature", "properties": { "egid_int": 302005519, "strasse": "Agnesstrasse", "hausnummer": "24a", "plz": 8004.0, "ortschaft": "Zürich", "baujahr": 1930.0, "grundflaeche_m2": 210.2436305, "gebaeudealter_2026": 96.0, "gebaeude_nutzung": "Gebäude Verwaltung", "qualitaet": "AV93", "bev_pers_n": 239.0, "bev_dichte_pha": 239.0 }, "geometry": { "type": "Point", "coordinates": [ 8.513903888754031, 47.37854754968545 ] } },
{ "type": "Feature", "properties": { "egid_int": 302005529, "strasse": "Brauerstrasse", "hausnummer": "114a", "plz": 8004.0, "ortschaft": "Zürich", "baujahr": 1975.0, "grundflaeche_m2": 19.0731815, "gebaeudealter_2026": 51.0, "gebaeude_nutzung": "Nebengebäude", "qualitaet": "AV93", "bev_pers_n": 266.0, "bev_dichte_pha": 266.0 }, "geometry": { "type": "Point", "coordinates": [ 8.523626911830561, 47.380016308799355 ] } },
{ "type": "Feature", "properties": { "egid_int": 302005530, "strasse": "Zeughausstrasse", "hausnummer": "10", "plz": 8004.0, "ortschaft": "Zürich", "baujahr": 1931.0, "grundflaeche_m2": 584.8293885000001, "gebaeudealter_2026": 95.0, "gebaeude_nutzung": "Gebäude Industrie", "qualitaet": "AV93", "bev_pers_n": 18.0, "bev_dichte_pha": 18.0 }, "geometry": { "type": "Point", "coordinates": [ 8.531633171500403, 47.375161307131883 ] } },
{ "type": "Feature", "properties": { "egid_int": 302005578, "strasse": "Schöntalstrasse", "hausnummer": "7", "plz": 8004.0, "ortschaft": "Zürich", "baujahr": 1994.0, "grundflaeche_m2": 175.50112705500001, "gebaeudealter_2026": 32.0, "gebaeude_nutzung": "Nebengebäude", "qualitaet": "AV93", "bev_pers_n": 169.0, "bev_dichte_pha": 169.0 }, "geometry": { "type": "Point", "coordinates": [ 8.527643064323627, 47.369661682520842 ] } },
{ "type": "Feature", "properties": { "egid_int": 302005580, "strasse": "Zweierstrasse", "hausnummer": "47a", "plz": 8004.0, "ortschaft": "Zürich", "baujahr": 1932.0, "grundflaeche_m2": 56.7355385, "gebaeudealter_2026": 94.0, "gebaeude_nutzung": "Gebäude Wohnen", "qualitaet": "AV93", "bev_pers_n": 215.0, "bev_dichte_pha": 215.0 }, "geometry": { "type": "Point", "coordinates": [ 8.524828913062089, 47.372535561936971 ] } },
{ "type": "Feature", "properties": { "egid_int": 302005583, "strasse": "Remisenstrasse", "hausnummer": "7a", "plz": 8004.0, "ortschaft": "Zürich", "baujahr": 1950.0, "grundflaeche_m2": 542.31967, "gebaeudealter_2026": 76.0, "gebaeude_nutzung": "Gebäude Verkehrswesen", "qualitaet": "AV93", "bev_pers_n": 10.0, "bev_dichte_pha": 10.0 }, "geometry": { "type": "Point", "coordinates": [ 8.521671174093665, 47.381003719988477 ] } },
{ "type": "Feature", "properties": { "egid_int": 302005596, "strasse": "Pflanzschulstrasse", "hausnummer": "45a", "plz": 8004.0, "ortschaft": "Zürich", "baujahr": 1974.0, "grundflaeche_m2": 48.460198, "gebaeudealter_2026": 52.0, "gebaeude_nutzung": "Gebäude Wohnen", "qualitaet": "AV93", "bev_pers_n": 239.0, "bev_dichte_pha": 239.0 }, "geometry": { "type": "Point", "coordinates": [ 8.519925958251406, 47.37667930347861 ] } },
{ "type": "Feature", "properties": { "egid_int": 302005598, "strasse": "Kasernenstrasse", "hausnummer": "2", "plz": 8004.0, "ortschaft": "Zürich", "baujahr": 1933.0, "grundflaeche_m2": 125.25630347000001, "gebaeudealter_2026": 93.0, "gebaeude_nutzung": "Gebäude Gastgewerbe", "qualitaet": "AV93", "bev_pers_n": 113.0, "bev_dichte_pha": 113.0 }, "geometry": { "type": "Point", "coordinates": [ 8.532035113980617, 47.373571140196077 ] } },
{ "type": "Feature", "properties": { "egid_int": 302005600, "strasse": "Agnesstrasse", "hausnummer": "30", "plz": 8004.0, "ortschaft": "Zürich", "baujahr": 1957.0, "grundflaeche_m2": 197.0196235, "gebaeudealter_2026": 69.0, "gebaeude_nutzung": "Gebäude Verwaltung", "qualitaet": "AV93", "bev_pers_n": 235.0, "bev_dichte_pha": 235.0 }, "geometry": { "type": "Point", "coordinates": [ 8.513804211428617, 47.378560081095173 ] } },
{ "type": "Feature", "properties": { "egid_int": 302005603, "strasse": "Hohlstrasse", "hausnummer": "436a", "plz": 8048.0, "ortschaft": "Zürich", "baujahr": 1934.0, "grundflaeche_m2": 226.9701075, "gebaeudealter_2026": 92.0, "gebaeude_nutzung": "Gebäude Industrie", "qualitaet": "AV93", "bev_pers_n": 300.0, "bev_dichte_pha": 300.0 }, "geometry": { "type": "Point", "coordinates": [ 8.500095784429856, 47.388693866810186 ] } },
{ "type": "Feature", "properties": { "egid_int": 302005606, "strasse": "Hildastrasse", "hausnummer": "14a", "plz": 8004.0, "ortschaft": "Zürich", "baujahr": 1935.0, "grundflaeche_m2": 428.1657225, "gebaeudealter_2026": 91.0, "gebaeude_nutzung": "Gebäude Industrie", "qualitaet": "AV93", "bev_pers_n": 179.0, "bev_dichte_pha": 179.0 }, "geometry": { "type": "Point", "coordinates": [ 8.515303832803928, 47.377091967511717 ] } },
{ "type": "Feature", "properties": { "egid_int": 302005621, "strasse": "Ernastrasse", "hausnummer": "7a", "plz": 8004.0, "ortschaft": "Zürich", "baujahr": 1955.0, "grundflaeche_m2": 109.2263275, "gebaeudealter_2026": 71.0, "gebaeude_nutzung": "Gebäude Industrie", "qualitaet": "AV93", "bev_pers_n": 205.0, "bev_dichte_pha": 205.0 }, "geometry": { "type": "Point", "coordinates": [ 8.517918345793623, 47.379672819475239 ] } },
{ "type": "Feature", "properties": { "egid_int": 302005625, "strasse": "Herman-Greulich-Strasse", "hausnummer": "62", "plz": 8004.0, "ortschaft": "Zürich", "baujahr": 1941.0, "grundflaeche_m2": 352.66972, "gebaeudealter_2026": 85.0, "gebaeude_nutzung": "Gebäude Wohnen", "qualitaet": "AV93", "bev_pers_n": 244.0, "bev_dichte_pha": 244.0 }, "geometry": { "type": "Point", "coordinates": [ 8.521121068510114, 47.378627684731207 ] } },
{ "type": "Feature", "properties": { "egid_int": 302005637, "strasse": "Sihlfeldstrasse", "hausnummer": "125", "plz": 8004.0, "ortschaft": "Zürich", "baujahr": 1940.0, "grundflaeche_m2": 23.3677585, "gebaeudealter_2026": 86.0, "gebaeude_nutzung": "Gebäude Verwaltung", "qualitaet": "AV93", "bev_pers_n": 278.0, "bev_dichte_pha": 278.0 }, "geometry": { "type": "Point", "coordinates": [ 8.516011818443225, 47.378133888947886 ] } },
{ "type": "Feature", "properties": { "egid_int": 302005640, "strasse": "Stauffacherstrasse", "hausnummer": "79", "plz": 8004.0, "ortschaft": "Zürich", "baujahr": 1940.0, "grundflaeche_m2": 11.781304, "gebaeudealter_2026": 86.0, "gebaeude_nutzung": "Nebengebäude", "qualitaet": "AV93", "bev_pers_n": -999.0, "bev_dichte_pha": -999.0 }, "geometry": { "type": "Point", "coordinates": [ 8.526179655988555, 47.37578099271493 ] } },
{ "type": "Feature", "properties": { "egid_int": 302005641, "strasse": "Hardgutstrasse", "hausnummer": "15", "plz": 8048.0, "ortschaft": "Zürich", "baujahr": 1965.0, "grundflaeche_m2": 19.93220968, "gebaeudealter_2026": 61.0, "gebaeude_nutzung": "Gebäude Industrie", "qualitaet": "AV93", "bev_pers_n": -999.0, "bev_dichte_pha": -999.0 }, "geometry": { "type": "Point", "coordinates": [ 8.503533644255125, 47.384629779484321 ] } },
{ "type": "Feature", "properties": { "egid_int": 302005642, "strasse": "Hohlstrasse", "hausnummer": "328", "plz": 8005.0, "ortschaft": "Zürich", "baujahr": 1996.0, "grundflaeche_m2": 56.430795, "gebaeudealter_2026": 30.0, "gebaeude_nutzung": "Gebäude Verkehrswesen", "qualitaet": "AV93", "bev_pers_n": 72.0, "bev_dichte_pha": 72.0 }, "geometry": { "type": "Point", "coordinates": [ 8.513830609639953, 47.385716410306486 ] } },
{ "type": "Feature", "properties": { "egid_int": 302005665, "strasse": "Bullingerstrasse", "hausnummer": "77", "plz": 8004.0, "ortschaft": "Zürich", "baujahr": 1976.0, "grundflaeche_m2": 7281.849863, "gebaeudealter_2026": 50.0, "gebaeude_nutzung": "Gebäude Verkehrswesen", "qualitaet": "AV93", "bev_pers_n": 266.0, "bev_dichte_pha": 266.0 }, "geometry": { "type": "Point", "coordinates": [ 8.50959914040396, 47.381302009466282 ] } },
{ "type": "Feature", "properties": { "egid_int": 302005666, "strasse": "Bullingerstrasse", "hausnummer": "39", "plz": 8004.0, "ortschaft": "Zürich", "baujahr": 1976.0, "grundflaeche_m2": 473.5993245, "gebaeudealter_2026": 50.0, "gebaeude_nutzung": "Gebäude Wohnen", "qualitaet": "AV93", "bev_pers_n": 150.0, "bev_dichte_pha": 150.0 }, "geometry": { "type": "Point", "coordinates": [ 8.511466155877786, 47.380382453472706 ] } },
{ "type": "Feature", "properties": { "egid_int": 302005668, "strasse": "Bullingerstrasse", "hausnummer": "58", "plz": 8004.0, "ortschaft": "Zürich", "baujahr": 1976.0, "grundflaeche_m2": 631.969914, "gebaeudealter_2026": 50.0, "gebaeude_nutzung": "Gebäude Wohnen", "qualitaet": "AV93", "bev_pers_n": 189.0, "bev_dichte_pha": 189.0 }, "geometry": { "type": "Point", "coordinates": [ 8.50976427766706, 47.381935485769382 ] } },
{ "type": "Feature", "properties": { "egid_int": 302005670, "strasse": "Bullingerstrasse", "hausnummer": "71", "plz": 8004.0, "ortschaft": "Zürich", "baujahr": 1976.0, "grundflaeche_m2": 160.9144965, "gebaeudealter_2026": 50.0, "gebaeude_nutzung": "Gebäude Gastgewerbe", "qualitaet": "AV93", "bev_pers_n": 266.0, "bev_dichte_pha": 266.0 }, "geometry": { "type": "Point", "coordinates": [ 8.509848034634533, 47.381031684643141 ] } },
{ "type": "Feature", "properties": { "egid_int": 302005673, "strasse": "Hohlstrasse", "hausnummer": "396", "plz": 8048.0, "ortschaft": "Zürich", "baujahr": 1997.0, "grundflaeche_m2": 224.5250925, "gebaeudealter_2026": 29.0, "gebaeude_nutzung": "Gebäude Industrie", "qualitaet": "AV93", "bev_pers_n": 52.0, "bev_dichte_pha": 52.0 }, "geometry": { "type": "Point", "coordinates": [ 8.504294305863572, 47.387391200589789 ] } },
{ "type": "Feature", "properties": { "egid_int": 302005702, "strasse": "Neugasse", "hausnummer": "153", "plz": 8005.0, "ortschaft": "Zürich", "baujahr": 1997.0, "grundflaeche_m2": 667.804815, "gebaeudealter_2026": 29.0, "gebaeude_nutzung": "Gebäude Verkehrswesen", "qualitaet": "AV93", "bev_pers_n": 66.0, "bev_dichte_pha": 66.0 }, "geometry": { "type": "Point", "coordinates": [ 8.521793204039836, 47.384239962883044 ] } },
{ "type": "Feature", "properties": { "egid_int": 302005703, "strasse": "Hohlstrasse", "hausnummer": "356", "plz": 8005.0, "ortschaft": "Zürich", "baujahr": 1997.0, "grundflaeche_m2": 991.367175, "gebaeudealter_2026": 29.0, "gebaeude_nutzung": "Gebäude Verkehrswesen", "qualitaet": "AV93", "bev_pers_n": 72.0, "bev_dichte_pha": 72.0 }, "geometry": { "type": "Point", "coordinates": [ 8.510217633172259, 47.387036899636755 ] } },
{ "type": "Feature", "properties": { "egid_int": 302005704, "strasse": "Kernstrasse", "hausnummer": "13", "plz": 8004.0, "ortschaft": "Zürich", "baujahr": 1980.0, "grundflaeche_m2": 24.1439835, "gebaeudealter_2026": 46.0, "gebaeude_nutzung": "Nebengebäude", "qualitaet": "AV93", "bev_pers_n": 121.0, "bev_dichte_pha": 121.0 }, "geometry": { "type": "Point", "coordinates": [ 8.523830598204929, 47.37561726361502 ] } },
{ "type": "Feature", "properties": { "egid_int": 302005706, "strasse": "Hohlstrasse", "hausnummer": "358", "plz": 8004.0, "ortschaft": "Zürich", "baujahr": 2000.0, "grundflaeche_m2": 205.1946465, "gebaeudealter_2026": 26.0, "gebaeude_nutzung": "Gebäude Verkehrswesen", "qualitaet": "AV93", "bev_pers_n": 236.0, "bev_dichte_pha": 236.0 }, "geometry": { "type": "Point", "coordinates": [ 8.509159244496709, 47.385482091988308 ] } },
{ "type": "Feature", "properties": { "egid_int": 302005712, "strasse": "Bäckerstrasse", "hausnummer": "51", "plz": 8004.0, "ortschaft": "Zürich", "baujahr": 2000.0, "grundflaeche_m2": 503.705524, "gebaeudealter_2026": 26.0, "gebaeude_nutzung": "Gebäude Wohnen", "qualitaet": "AV93", "bev_pers_n": 153.0, "bev_dichte_pha": 153.0 }, "geometry": { "type": "Point", "coordinates": [ 8.528111760845134, 47.375346177238086 ] } },
{ "type": "Feature", "properties": { "egid_int": 302005714, "strasse": "Remisenstrasse", "hausnummer": "9", "plz": 8004.0, "ortschaft": "Zürich", "baujahr": 1999.0, "grundflaeche_m2": 721.682897, "gebaeudealter_2026": 27.0, "gebaeude_nutzung": "Gebäude Industrie", "qualitaet": "AV93", "bev_pers_n": 84.0, "bev_dichte_pha": 84.0 }, "geometry": { "type": "Point", "coordinates": [ 8.522289871687148, 47.381323099860239 ] } },
{ "type": "Feature", "properties": { "egid_int": 302005717, "strasse": "Ernst-Nobs-Platz", "hausnummer": "7", "plz": 8004.0, "ortschaft": "Zürich", "baujahr": 2001.0, "grundflaeche_m2": 1618.313294, "gebaeudealter_2026": 25.0, "gebaeude_nutzung": "Gebäude Verwaltung", "qualitaet": "AV93", "bev_pers_n": 195.0, "bev_dichte_pha": 195.0 }, "geometry": { "type": "Point", "coordinates": [ 8.530329519110733, 47.371705994870233 ] } },
{ "type": "Feature", "properties": { "egid_int": 302005732, "strasse": "Kasernenstrasse", "hausnummer": "77c", "plz": 8004.0, "ortschaft": "Zürich", "baujahr": 2001.0, "grundflaeche_m2": 29.4210345, "gebaeudealter_2026": 25.0, "gebaeude_nutzung": "Gebäude Wohnen", "qualitaet": "AV93", "bev_pers_n": 57.0, "bev_dichte_pha": 57.0 }, "geometry": { "type": "Point", "coordinates": [ 8.533984520611693, 47.376448500194229 ] } },
{ "type": "Feature", "properties": { "egid_int": 302005752, "strasse": "Stauffacherstrasse", "hausnummer": "227", "plz": 8004.0, "ortschaft": "Zürich", "baujahr": 2001.0, "grundflaeche_m2": 97.490106, "gebaeudealter_2026": 25.0, "gebaeude_nutzung": "Gebäude Wohnen", "qualitaet": "AV93", "bev_pers_n": 268.0, "bev_dichte_pha": 268.0 }, "geometry": { "type": "Point", "coordinates": [ 8.51704683354362, 47.379269729687117 ] } },
{ "type": "Feature", "properties": { "egid_int": 302005776, "strasse": "Anwandstrasse", "hausnummer": "7a", "plz": 8004.0, "ortschaft": "Zürich", "baujahr": 1967.0, "grundflaeche_m2": 11.7247075, "gebaeudealter_2026": 59.0, "gebaeude_nutzung": "Nebengebäude", "qualitaet": "AV93", "bev_pers_n": 98.0, "bev_dichte_pha": 98.0 }, "geometry": { "type": "Point", "coordinates": [ 8.524545910396551, 47.37589290704431 ] } },
{ "type": "Feature", "properties": { "egid_int": 302005783, "strasse": "Baslerstrasse", "hausnummer": "4", "plz": 8004.0, "ortschaft": "Zürich", "baujahr": 1986.0, "grundflaeche_m2": 35.583372, "gebaeudealter_2026": 40.0, "gebaeude_nutzung": "Nebengebäude", "qualitaet": "AV93", "bev_pers_n": -999.0, "bev_dichte_pha": -999.0 }, "geometry": { "type": "Point", "coordinates": [ 8.504743980638995, 47.38406211116807 ] } },
{ "type": "Feature", "properties": { "egid_int": 302005784, "strasse": "Herdernstrasse", "hausnummer": "75b", "plz": 8004.0, "ortschaft": "Zürich", "baujahr": 1986.0, "grundflaeche_m2": 11.4213075, "gebaeudealter_2026": 40.0, "gebaeude_nutzung": "Nebengebäude", "qualitaet": "AV93", "bev_pers_n": -999.0, "bev_dichte_pha": -999.0 }, "geometry": { "type": "Point", "coordinates": [ 8.506335054398734, 47.385176757293273 ] } },
{ "type": "Feature", "properties": { "egid_int": 302005787, "strasse": "Herdernstrasse", "hausnummer": "75a", "plz": 8004.0, "ortschaft": "Zürich", "baujahr": 1986.0, "grundflaeche_m2": 67.51936, "gebaeudealter_2026": 40.0, "gebaeude_nutzung": "Nebengebäude", "qualitaet": "AV93", "bev_pers_n": 200.0, "bev_dichte_pha": 200.0 }, "geometry": { "type": "Point", "coordinates": [ 8.506817851865128, 47.38504650775095 ] } },
{ "type": "Feature", "properties": { "egid_int": 302005803, "strasse": "Hohlstrasse", "hausnummer": "398", "plz": 8048.0, "ortschaft": "Zürich", "baujahr": 1953.0, "grundflaeche_m2": 23.339916, "gebaeudealter_2026": 73.0, "gebaeude_nutzung": "Nebengebäude", "qualitaet": "AV93", "bev_pers_n": 52.0, "bev_dichte_pha": 52.0 }, "geometry": { "type": "Point", "coordinates": [ 8.50495385238211, 47.388975188366089 ] } },
{ "type": "Feature", "properties": { "egid_int": 302005824, "strasse": "Hohlstrasse", "hausnummer": "384", "plz": 8005.0, "ortschaft": "Zürich", "baujahr": 1960.0, "grundflaeche_m2": 30.44782, "gebaeudealter_2026": 66.0, "gebaeude_nutzung": "Nebengebäude", "qualitaet": "AV93", "bev_pers_n": 52.0, "bev_dichte_pha": 52.0 }, "geometry": { "type": "Point", "coordinates": [ 8.50737411349027, 47.387966771974213 ] } },
{ "type": "Feature", "properties": { "egid_int": 302005827, "strasse": "Hohlstrasse", "hausnummer": "436b", "plz": 8048.0, "ortschaft": "Zürich", "baujahr": 1960.0, "grundflaeche_m2": 58.250167, "gebaeudealter_2026": 66.0, "gebaeude_nutzung": "Gebäude Industrie", "qualitaet": "AV93", "bev_pers_n": 300.0, "bev_dichte_pha": 300.0 }, "geometry": { "type": "Point", "coordinates": [ 8.499763256701906, 47.388813352882273 ] } },
{ "type": "Feature", "properties": { "egid_int": 302005836, "strasse": "Feldstrasse", "hausnummer": "147b", "plz": 8004.0, "ortschaft": "Zürich", "baujahr": 1960.0, "grundflaeche_m2": 22.013628, "gebaeudealter_2026": 66.0, "gebaeude_nutzung": "Nebengebäude", "qualitaet": "AV93", "bev_pers_n": 76.0, "bev_dichte_pha": 76.0 }, "geometry": { "type": "Point", "coordinates": [ 8.524980852743402, 47.380657465702889 ] } },
{ "type": "Feature", "properties": { "egid_int": 302005838, "strasse": "Remisenstrasse", "hausnummer": "10", "plz": 8004.0, "ortschaft": "Zürich", "baujahr": 1960.0, "grundflaeche_m2": 14.991971, "gebaeudealter_2026": 66.0, "gebaeude_nutzung": "Nebengebäude", "qualitaet": "AV93", "bev_pers_n": 84.0, "bev_dichte_pha": 84.0 }, "geometry": { "type": "Point", "coordinates": [ 8.522542780123381, 47.381036446284682 ] } },
{ "type": "Feature", "properties": { "egid_int": 302005840, "strasse": "Hardstrasse", "hausnummer": "186", "plz": 8005.0, "ortschaft": "Zürich", "baujahr": 1960.0, "grundflaeche_m2": 8.3888835, "gebaeudealter_2026": 66.0, "gebaeude_nutzung": "Gebäude Verkehrswesen", "qualitaet": "AV93", "bev_pers_n": 158.0, "bev_dichte_pha": 158.0 }, "geometry": { "type": "Point", "coordinates": [ 8.517373414324155, 47.385159540322078 ] } },
{ "type": "Feature", "properties": { "egid_int": 302005841, "strasse": "Feldstrasse", "hausnummer": "147", "plz": 8004.0, "ortschaft": "Zürich", "baujahr": 1960.0, "grundflaeche_m2": 243.23133, "gebaeudealter_2026": 66.0, "gebaeude_nutzung": "Nebengebäude", "qualitaet": "AV93", "bev_pers_n": 76.0, "bev_dichte_pha": 76.0 }, "geometry": { "type": "Point", "coordinates": [ 8.52496489297736, 47.380775640493972 ] } },
{ "type": "Feature", "properties": { "egid_int": 302005846, "strasse": "Zollstrasse", "hausnummer": "7", "plz": 8005.0, "ortschaft": "Zürich", "baujahr": 1960.0, "grundflaeche_m2": 22.077014, "gebaeudealter_2026": 66.0, "gebaeude_nutzung": "Nebengebäude", "qualitaet": "AV93", "bev_pers_n": 13.0, "bev_dichte_pha": 13.0 }, "geometry": { "type": "Point", "coordinates": [ 8.536725436257342, 47.379579730988567 ] } },
{ "type": "Feature", "properties": { "egid_int": 302005849, "strasse": "Militärstrasse", "hausnummer": "15", "plz": 8004.0, "ortschaft": "Zürich", "baujahr": 1996.0, "grundflaeche_m2": 24.5177915, "gebaeudealter_2026": 30.0, "gebaeude_nutzung": "Nebengebäude", "qualitaet": "AV93", "bev_pers_n": 36.0, "bev_dichte_pha": 36.0 }, "geometry": { "type": "Point", "coordinates": [ 8.532906064560212, 47.376351661402822 ] } },
{ "type": "Feature", "properties": { "egid_int": 302005865, "strasse": "Dienerstrasse", "hausnummer": "19a", "plz": 8004.0, "ortschaft": "Zürich", "baujahr": 1999.0, "grundflaeche_m2": 18.7378375, "gebaeudealter_2026": 27.0, "gebaeude_nutzung": "Nebengebäude", "qualitaet": "AV93", "bev_pers_n": 334.0, "bev_dichte_pha": 334.0 }, "geometry": { "type": "Point", "coordinates": [ 8.528067663400401, 47.377661612444207 ] } },
{ "type": "Feature", "properties": { "egid_int": 302005866, "strasse": "Ernastrasse", "hausnummer": "21", "plz": 8004.0, "ortschaft": "Zürich", "baujahr": 2000.0, "grundflaeche_m2": 29.0602495, "gebaeudealter_2026": 26.0, "gebaeude_nutzung": "Gebäude Handel", "qualitaet": "AV93", "bev_pers_n": 200.0, "bev_dichte_pha": 200.0 }, "geometry": { "type": "Point", "coordinates": [ 8.51676842166585, 47.380524498817579 ] } },
{ "type": "Feature", "properties": { "egid_int": 302005880, "strasse": "Neugasse", "hausnummer": "91a", "plz": 8005.0, "ortschaft": "Zürich", "baujahr": 2001.0, "grundflaeche_m2": 38.589551, "gebaeudealter_2026": 25.0, "gebaeude_nutzung": "Nebengebäude", "qualitaet": "AV93", "bev_pers_n": 66.0, "bev_dichte_pha": 66.0 }, "geometry": { "type": "Point", "coordinates": [ 8.525751308169948, 47.383022576475106 ] } },
{ "type": "Feature", "properties": { "egid_int": 302005897, "strasse": "Hohlstrasse", "hausnummer": "324", "plz": 8004.0, "ortschaft": "Zürich", "baujahr": 1990.0, "grundflaeche_m2": 2345.113606, "gebaeudealter_2026": 36.0, "gebaeude_nutzung": "Gebäude Industrie", "qualitaet": "AV93", "bev_pers_n": 19.0, "bev_dichte_pha": 19.0 }, "geometry": { "type": "Point", "coordinates": [ 8.512964820900022, 47.384445590076766 ] } },
{ "type": "Feature", "properties": { "egid_int": 302005898, "strasse": "Feldstrasse", "hausnummer": "149", "plz": 8004.0, "ortschaft": "Zürich", "baujahr": 1990.0, "grundflaeche_m2": 37.1646165, "gebaeudealter_2026": 36.0, "gebaeude_nutzung": "Nebengebäude", "qualitaet": "AV93", "bev_pers_n": 76.0, "bev_dichte_pha": 76.0 }, "geometry": { "type": "Point", "coordinates": [ 8.525152857467202, 47.380762062276546 ] } },
{ "type": "Feature", "properties": { "egid_int": 302005899, "strasse": "Feldstrasse", "hausnummer": "147a", "plz": 8004.0, "ortschaft": "Zürich", "baujahr": 1990.0, "grundflaeche_m2": 39.552315, "gebaeudealter_2026": 36.0, "gebaeude_nutzung": "Nebengebäude", "qualitaet": "AV93", "bev_pers_n": 76.0, "bev_dichte_pha": 76.0 }, "geometry": { "type": "Point", "coordinates": [ 8.52493510398466, 47.38059283432932 ] } },
{ "type": "Feature", "properties": { "egid_int": 302005900, "strasse": "Neufrankengasse", "hausnummer": "10b", "plz": 8004.0, "ortschaft": "Zürich", "baujahr": 1990.0, "grundflaeche_m2": 14.216913, "gebaeudealter_2026": 36.0, "gebaeude_nutzung": "Nebengebäude", "qualitaet": "AV93", "bev_pers_n": 132.0, "bev_dichte_pha": 132.0 }, "geometry": { "type": "Point", "coordinates": [ 8.527360468694633, 47.380958852178011 ] } },
{ "type": "Feature", "properties": { "egid_int": 302005903, "strasse": "Hohlstrasse", "hausnummer": "260", "plz": 8004.0, "ortschaft": "Zürich", "baujahr": 1971.0, "grundflaeche_m2": 18.108495, "gebaeudealter_2026": 55.0, "gebaeude_nutzung": "Nebengebäude", "qualitaet": "AV93", "bev_pers_n": 28.0, "bev_dichte_pha": 28.0 }, "geometry": { "type": "Point", "coordinates": [ 8.516070993576133, 47.383657974990221 ] } },
{ "type": "Feature", "properties": { "egid_int": 302005911, "strasse": "Brauerstrasse", "hausnummer": "130", "plz": 8004.0, "ortschaft": "Zürich", "baujahr": 1971.0, "grundflaeche_m2": 10.725065, "gebaeudealter_2026": 55.0, "gebaeude_nutzung": "Nebengebäude", "qualitaet": "AV93", "bev_pers_n": 176.0, "bev_dichte_pha": 176.0 }, "geometry": { "type": "Point", "coordinates": [ 8.522393565038891, 47.380297189916298 ] } },
{ "type": "Feature", "properties": { "egid_int": 302005918, "strasse": "Röntgenstrasse", "hausnummer": "3c", "plz": 8005.0, "ortschaft": "Zürich", "baujahr": 1971.0, "grundflaeche_m2": 19.922958, "gebaeudealter_2026": 55.0, "gebaeude_nutzung": "Nebengebäude", "qualitaet": "AV93", "bev_pers_n": 84.0, "bev_dichte_pha": 84.0 }, "geometry": { "type": "Point", "coordinates": [ 8.527825400179317, 47.38190469439094 ] } },
{ "type": "Feature", "properties": { "egid_int": 302005921, "strasse": "Hohlstrasse", "hausnummer": "318", "plz": 8004.0, "ortschaft": "Zürich", "baujahr": 1971.0, "grundflaeche_m2": 7.8291625, "gebaeudealter_2026": 55.0, "gebaeude_nutzung": "Nebengebäude", "qualitaet": "AV93", "bev_pers_n": 28.0, "bev_dichte_pha": 28.0 }, "geometry": { "type": "Point", "coordinates": [ 8.514044495294016, 47.383215093669591 ] } },
{ "type": "Feature", "properties": { "egid_int": 302005923, "strasse": "Remisenstrasse", "hausnummer": "17a", "plz": 8004.0, "ortschaft": "Zürich", "baujahr": 1971.0, "grundflaeche_m2": 5.605046, "gebaeudealter_2026": 55.0, "gebaeude_nutzung": "Nebengebäude", "qualitaet": "AV93", "bev_pers_n": 76.0, "bev_dichte_pha": 76.0 }, "geometry": { "type": "Point", "coordinates": [ 8.525050772385079, 47.38198384615351 ] } },
{ "type": "Feature", "properties": { "egid_int": 302011659, "strasse": null, "hausnummer": null, "plz": null, "ortschaft": null, "baujahr": 1981.0, "grundflaeche_m2": 1380.2445, "gebaeudealter_2026": 45.0, "gebaeude_nutzung": "Gebäude Verwaltung", "qualitaet": "AV93", "bev_pers_n": 300.0, "bev_dichte_pha": 300.0 }, "geometry": { "type": "Point", "coordinates": [ 8.495965524441631, 47.388993059243873 ] } },
{ "type": "Feature", "properties": { "egid_int": 302012112, "strasse": null, "hausnummer": null, "plz": null, "ortschaft": null, "baujahr": 1916.0, "grundflaeche_m2": 276.95354, "gebaeudealter_2026": 110.0, "gebaeude_nutzung": "Gebäude Verkehrswesen", "qualitaet": "AV93", "bev_pers_n": 300.0, "bev_dichte_pha": 300.0 }, "geometry": { "type": "Point", "coordinates": [ 8.497299881174117, 47.388732047601728 ] } },
{ "type": "Feature", "properties": { "egid_int": 302012880, "strasse": "Aargauerstrasse", "hausnummer": "15", "plz": 8048.0, "ortschaft": "Zürich", "baujahr": 1999.0, "grundflaeche_m2": 7086.084012, "gebaeudealter_2026": 27.0, "gebaeude_nutzung": "Gebäude Verkehrswesen", "qualitaet": "AV93", "bev_pers_n": 300.0, "bev_dichte_pha": 300.0 }, "geometry": { "type": "Point", "coordinates": [ 8.499595040641452, 47.391272835906129 ] } },
{ "type": "Feature", "properties": { "egid_int": 302013038, "strasse": null, "hausnummer": null, "plz": null, "ortschaft": null, "baujahr": 1998.0, "grundflaeche_m2": 121.65136, "gebaeudealter_2026": 28.0, "gebaeude_nutzung": "Nebengebäude", "qualitaet": "AV93", "bev_pers_n": 300.0, "bev_dichte_pha": 300.0 }, "geometry": { "type": "Point", "coordinates": [ 8.497528261700527, 47.388820966659203 ] } },
{ "type": "Feature", "properties": { "egid_int": 302013039, "strasse": null, "hausnummer": null, "plz": null, "ortschaft": null, "baujahr": 1998.0, "grundflaeche_m2": 21.262184, "gebaeudealter_2026": 28.0, "gebaeude_nutzung": "Nebengebäude", "qualitaet": "AV93", "bev_pers_n": 300.0, "bev_dichte_pha": 300.0 }, "geometry": { "type": "Point", "coordinates": [ 8.497769610851986, 47.38864335142474 ] } },
{ "type": "Feature", "properties": { "egid_int": 302013041, "strasse": null, "hausnummer": null, "plz": null, "ortschaft": null, "baujahr": 1998.0, "grundflaeche_m2": 21.4439805, "gebaeudealter_2026": 28.0, "gebaeude_nutzung": "Nebengebäude", "qualitaet": "AV93", "bev_pers_n": 300.0, "bev_dichte_pha": 300.0 }, "geometry": { "type": "Point", "coordinates": [ 8.497883293367266, 47.388761880330122 ] } },
{ "type": "Feature", "properties": { "egid_int": 302019308, "strasse": "Zweierstrasse", "hausnummer": "50", "plz": 8004.0, "ortschaft": "Zürich", "baujahr": 2003.0, "grundflaeche_m2": 252.044229, "gebaeudealter_2026": 23.0, "gebaeude_nutzung": "Gebäude Wohnen", "qualitaet": "AV93", "bev_pers_n": 215.0, "bev_dichte_pha": 215.0 }, "geometry": { "type": "Point", "coordinates": [ 8.524417177991714, 47.372635860722099 ] } },
{ "type": "Feature", "properties": { "egid_int": 302019364, "strasse": "Lagerstrasse", "hausnummer": "5", "plz": 8004.0, "ortschaft": "Zürich", "baujahr": 2003.0, "grundflaeche_m2": 2159.8435405, "gebaeudealter_2026": 23.0, "gebaeude_nutzung": "Gebäude Verwaltung", "qualitaet": "AV93", "bev_pers_n": 57.0, "bev_dichte_pha": 57.0 }, "geometry": { "type": "Point", "coordinates": [ 8.533905447600445, 47.376842732748592 ] } },
{ "type": "Feature", "properties": { "egid_int": 302019482, "strasse": "Herman-Greulich-Strasse", "hausnummer": "56", "plz": 8004.0, "ortschaft": "Zürich", "baujahr": 2003.0, "grundflaeche_m2": 259.39078072000001, "gebaeudealter_2026": 23.0, "gebaeude_nutzung": "Gebäude Wohnen", "qualitaet": "AV93", "bev_pers_n": 244.0, "bev_dichte_pha": 244.0 }, "geometry": { "type": "Point", "coordinates": [ 8.520559923159226, 47.378551014176367 ] } },
{ "type": "Feature", "properties": { "egid_int": 302019748, "strasse": "Neufrankengasse", "hausnummer": "5", "plz": 8004.0, "ortschaft": "Zürich", "baujahr": 1967.0, "grundflaeche_m2": 26.5222235, "gebaeudealter_2026": 59.0, "gebaeude_nutzung": "Nebengebäude", "qualitaet": "AV93", "bev_pers_n": 119.0, "bev_dichte_pha": 119.0 }, "geometry": { "type": "Point", "coordinates": [ 8.527506877650371, 47.380115026756016 ] } },
{ "type": "Feature", "properties": { "egid_int": 302019767, "strasse": "Kanzleistrasse", "hausnummer": "72", "plz": 8004.0, "ortschaft": "Zürich", "baujahr": 2004.0, "grundflaeche_m2": 135.8081795, "gebaeudealter_2026": 22.0, "gebaeude_nutzung": "Gebäude Wohnen", "qualitaet": "AV93", "bev_pers_n": 98.0, "bev_dichte_pha": 98.0 }, "geometry": { "type": "Point", "coordinates": [ 8.524683620229501, 47.375601331090486 ] } },
{ "type": "Feature", "properties": { "egid_int": 302019770, "strasse": "Hohlstrasse", "hausnummer": "370b", "plz": 8004.0, "ortschaft": "Zürich", "baujahr": 1960.0, "grundflaeche_m2": 8.7107845, "gebaeudealter_2026": 66.0, "gebaeude_nutzung": "Gebäude Verkehrswesen", "qualitaet": "AV93", "bev_pers_n": 200.0, "bev_dichte_pha": 200.0 }, "geometry": { "type": "Point", "coordinates": [ 8.508551486196792, 47.386678406708214 ] } },
{ "type": "Feature", "properties": { "egid_int": 302019780, "strasse": "Hohlstrasse", "hausnummer": "370c", "plz": 8004.0, "ortschaft": "Zürich", "baujahr": 1960.0, "grundflaeche_m2": 102.7676075, "gebaeudealter_2026": 66.0, "gebaeude_nutzung": "Nebengebäude", "qualitaet": "AV93", "bev_pers_n": 200.0, "bev_dichte_pha": 200.0 }, "geometry": { "type": "Point", "coordinates": [ 8.50817462348731, 47.386807997594381 ] } },
{ "type": "Feature", "properties": { "egid_int": 302019782, "strasse": "Pfingstweidstrasse", "hausnummer": "97", "plz": 8005.0, "ortschaft": "Zürich", "baujahr": 1960.0, "grundflaeche_m2": 182.447273, "gebaeudealter_2026": 66.0, "gebaeude_nutzung": "Nebengebäude", "qualitaet": "AV93", "bev_pers_n": 72.0, "bev_dichte_pha": 72.0 }, "geometry": { "type": "Point", "coordinates": [ 8.510139669922253, 47.387689503592213 ] } },
{ "type": "Feature", "properties": { "egid_int": 302019785, "strasse": "Pfingstweidstrasse", "hausnummer": "75", "plz": 8005.0, "ortschaft": "Zürich", "baujahr": 1960.0, "grundflaeche_m2": 10.240674, "gebaeudealter_2026": 66.0, "gebaeude_nutzung": "Nebengebäude", "qualitaet": "AV93", "bev_pers_n": 72.0, "bev_dichte_pha": 72.0 }, "geometry": { "type": "Point", "coordinates": [ 8.511451089719683, 47.387111194306001 ] } },
{ "type": "Feature", "properties": { "egid_int": 302019818, "strasse": "Zwinglistrasse", "hausnummer": "29", "plz": 8004.0, "ortschaft": "Zürich", "baujahr": 1893.0, "grundflaeche_m2": 57.777189, "gebaeudealter_2026": 133.0, "gebaeude_nutzung": "Gebäude Wohnen", "qualitaet": "AV93", "bev_pers_n": 260.0, "bev_dichte_pha": 260.0 }, "geometry": { "type": "Point", "coordinates": [ 8.528051571969389, 47.378373556474202 ] } },
{ "type": "Feature", "properties": { "egid_int": 302019953, "strasse": "Hohlstrasse", "hausnummer": "67", "plz": 8004.0, "ortschaft": "Zürich", "baujahr": 2004.0, "grundflaeche_m2": 228.82588702000001, "gebaeudealter_2026": 22.0, "gebaeude_nutzung": "Gebäude Verwaltung", "qualitaet": "AV93", "bev_pers_n": 153.0, "bev_dichte_pha": 153.0 }, "geometry": { "type": "Point", "coordinates": [ 8.524456084321267, 47.377804429812848 ] } },
{ "type": "Feature", "properties": { "egid_int": 302020053, "strasse": "Hohlstrasse", "hausnummer": "350e", "plz": 8004.0, "ortschaft": "Zürich", "baujahr": 2018.0, "grundflaeche_m2": 163.190946, "gebaeudealter_2026": 8.0, "gebaeude_nutzung": "Gebäude Verkehrswesen", "qualitaet": "AV93", "bev_pers_n": 236.0, "bev_dichte_pha": 236.0 }, "geometry": { "type": "Point", "coordinates": [ 8.509624495658308, 47.385081961435901 ] } },
{ "type": "Feature", "properties": { "egid_int": 302020054, "strasse": "Hardstrasse", "hausnummer": "189", "plz": 8005.0, "ortschaft": "Zürich", "baujahr": 1980.0, "grundflaeche_m2": 6.199422, "gebaeudealter_2026": 46.0, "gebaeude_nutzung": "Gebäude Verkehrswesen", "qualitaet": "AV93", "bev_pers_n": 158.0, "bev_dichte_pha": 158.0 }, "geometry": { "type": "Point", "coordinates": [ 8.5169770706677, 47.385349177428978 ] } },
{ "type": "Feature", "properties": { "egid_int": 302020055, "strasse": "Hardstrasse", "hausnummer": "185", "plz": 8005.0, "ortschaft": "Zürich", "baujahr": 1980.0, "grundflaeche_m2": 8.2630005, "gebaeudealter_2026": 46.0, "gebaeude_nutzung": "Gebäude Verkehrswesen", "qualitaet": "AV93", "bev_pers_n": 158.0, "bev_dichte_pha": 158.0 }, "geometry": { "type": "Point", "coordinates": [ 8.516907789224904, 47.385285707139651 ] } },
{ "type": "Feature", "properties": { "egid_int": 302020056, "strasse": "Hardstrasse", "hausnummer": "181", "plz": 8005.0, "ortschaft": "Zürich", "baujahr": 1980.0, "grundflaeche_m2": 7.3711445, "gebaeudealter_2026": 46.0, "gebaeude_nutzung": "Gebäude Verkehrswesen", "qualitaet": "AV93", "bev_pers_n": 158.0, "bev_dichte_pha": 158.0 }, "geometry": { "type": "Point", "coordinates": [ 8.516858217977546, 47.385210566157433 ] } },
{ "type": "Feature", "properties": { "egid_int": 302020058, "strasse": "Hardstrasse", "hausnummer": "183", "plz": 8005.0, "ortschaft": "Zürich", "baujahr": 1980.0, "grundflaeche_m2": 13.2315185, "gebaeudealter_2026": 46.0, "gebaeude_nutzung": "Gebäude Verkehrswesen", "qualitaet": "AV93", "bev_pers_n": 158.0, "bev_dichte_pha": 158.0 }, "geometry": { "type": "Point", "coordinates": [ 8.517119452100529, 47.385230876484641 ] } },
{ "type": "Feature", "properties": { "egid_int": 302020141, "strasse": "Hardstrasse", "hausnummer": "182", "plz": 8005.0, "ortschaft": "Zürich", "baujahr": 1945.0, "grundflaeche_m2": 6.242348, "gebaeudealter_2026": 81.0, "gebaeude_nutzung": "Gebäude Verkehrswesen", "qualitaet": "AV93", "bev_pers_n": 158.0, "bev_dichte_pha": 158.0 }, "geometry": { "type": "Point", "coordinates": [ 8.517292921062497, 47.38509311661425 ] } },
{ "type": "Feature", "properties": { "egid_int": 302020157, "strasse": "Remisenstrasse", "hausnummer": "15b", "plz": 8004.0, "ortschaft": "Zürich", "baujahr": 1971.0, "grundflaeche_m2": 5.919159, "gebaeudealter_2026": 55.0, "gebaeude_nutzung": "Nebengebäude", "qualitaet": "AV93", "bev_pers_n": 84.0, "bev_dichte_pha": 84.0 }, "geometry": { "type": "Point", "coordinates": [ 8.522945677878624, 47.382045045426082 ] } },
{ "type": "Feature", "properties": { "egid_int": 302020159, "strasse": "Röntgenstrasse", "hausnummer": "3d", "plz": 8005.0, "ortschaft": "Zürich", "baujahr": 1971.0, "grundflaeche_m2": 67.821945, "gebaeudealter_2026": 55.0, "gebaeude_nutzung": "Gebäude Verkehrswesen", "qualitaet": "AV93", "bev_pers_n": 84.0, "bev_dichte_pha": 84.0 }, "geometry": { "type": "Point", "coordinates": [ 8.527685332576082, 47.381959004997569 ] } },
{ "type": "Feature", "properties": { "egid_int": 302020161, "strasse": "Hardstrasse", "hausnummer": "188", "plz": 8005.0, "ortschaft": "Zürich", "baujahr": 1971.0, "grundflaeche_m2": 6.2211945, "gebaeudealter_2026": 55.0, "gebaeude_nutzung": "Gebäude Verkehrswesen", "qualitaet": "AV93", "bev_pers_n": 158.0, "bev_dichte_pha": 158.0 }, "geometry": { "type": "Point", "coordinates": [ 8.517426371947844, 47.385231168376635 ] } },
{ "type": "Feature", "properties": { "egid_int": 302020162, "strasse": "Röntgenstrasse", "hausnummer": "3", "plz": 8005.0, "ortschaft": "Zürich", "baujahr": 1971.0, "grundflaeche_m2": 73.898492, "gebaeudealter_2026": 55.0, "gebaeude_nutzung": "Nebengebäude", "qualitaet": "AV93", "bev_pers_n": 84.0, "bev_dichte_pha": 84.0 }, "geometry": { "type": "Point", "coordinates": [ 8.528442456968644, 47.381599401196851 ] } },
{ "type": "Feature", "properties": { "egid_int": 302020241, "strasse": "Freischützgasse", "hausnummer": "10", "plz": 8004.0, "ortschaft": "Zürich", "baujahr": 2005.0, "grundflaeche_m2": 417.100167, "gebaeudealter_2026": 21.0, "gebaeude_nutzung": "Gebäude Wohnen", "qualitaet": "AV93", "bev_pers_n": 63.0, "bev_dichte_pha": 63.0 }, "geometry": { "type": "Point", "coordinates": [ 8.533036761602895, 47.37718405537322 ] } },
{ "type": "Feature", "properties": { "egid_int": 302020301, "strasse": "Ankerstrasse", "hausnummer": "38", "plz": 8004.0, "ortschaft": "Zürich", "baujahr": 2005.0, "grundflaeche_m2": 384.6954235, "gebaeudealter_2026": 21.0, "gebaeude_nutzung": "Gebäude Wohnen", "qualitaet": "AV93", "bev_pers_n": 192.0, "bev_dichte_pha": 192.0 }, "geometry": { "type": "Point", "coordinates": [ 8.524944797210415, 47.373877083930829 ] } },
{ "type": "Feature", "properties": { "egid_int": 302020303, "strasse": "Badenerstrasse", "hausnummer": "97", "plz": 8004.0, "ortschaft": "Zürich", "baujahr": 2005.0, "grundflaeche_m2": 232.7536445, "gebaeudealter_2026": 21.0, "gebaeude_nutzung": "Gebäude Wohnen", "qualitaet": "AV93", "bev_pers_n": 192.0, "bev_dichte_pha": 192.0 }, "geometry": { "type": "Point", "coordinates": [ 8.525418527138058, 47.373987963234228 ] } },
{ "type": "Feature", "properties": { "egid_int": 302020304, "strasse": "Wyssgasse", "hausnummer": "9", "plz": 8004.0, "ortschaft": "Zürich", "baujahr": 2005.0, "grundflaeche_m2": 345.156443, "gebaeudealter_2026": 21.0, "gebaeude_nutzung": "Gebäude Wohnen", "qualitaet": "AV93", "bev_pers_n": 192.0, "bev_dichte_pha": 192.0 }, "geometry": { "type": "Point", "coordinates": [ 8.525301527606137, 47.373747185190211 ] } },
{ "type": "Feature", "properties": { "egid_int": 302020308, "strasse": "Sihlbrücke", "hausnummer": "1", "plz": 8001.0, "ortschaft": "Zürich", "baujahr": 1990.0, "grundflaeche_m2": 8.754822, "gebaeudealter_2026": 36.0, "gebaeude_nutzung": "Gebäude Verkehrswesen", "qualitaet": "AV93", "bev_pers_n": 113.0, "bev_dichte_pha": 113.0 }, "geometry": { "type": "Point", "coordinates": [ 8.532198797015292, 47.373025286214144 ] } },
{ "type": "Feature", "properties": { "egid_int": 302020315, "strasse": "Werdgartengasse", "hausnummer": "3", "plz": 8004.0, "ortschaft": "Zürich", "baujahr": 2005.0, "grundflaeche_m2": 343.526095, "gebaeudealter_2026": 21.0, "gebaeude_nutzung": "Gebäude Wohnen", "qualitaet": "AV93", "bev_pers_n": 276.0, "bev_dichte_pha": 276.0 }, "geometry": { "type": "Point", "coordinates": [ 8.526246976713681, 47.371175197991342 ] } },
{ "type": "Feature", "properties": { "egid_int": 302020316, "strasse": "Werdgartengasse", "hausnummer": "4", "plz": 8004.0, "ortschaft": "Zürich", "baujahr": 2005.0, "grundflaeche_m2": 144.524005, "gebaeudealter_2026": 21.0, "gebaeude_nutzung": "Gebäude Wohnen", "qualitaet": "AV93", "bev_pers_n": 276.0, "bev_dichte_pha": 276.0 }, "geometry": { "type": "Point", "coordinates": [ 8.526553958767957, 47.371131226229181 ] } },
{ "type": "Feature", "properties": { "egid_int": 302020513, "strasse": "Hohlstrasse", "hausnummer": "78", "plz": 8004.0, "ortschaft": "Zürich", "baujahr": 2005.0, "grundflaeche_m2": 246.4005375, "gebaeudealter_2026": 21.0, "gebaeude_nutzung": "Gebäude Wohnen", "qualitaet": "AV93", "bev_pers_n": 37.0, "bev_dichte_pha": 37.0 }, "geometry": { "type": "Point", "coordinates": [ 8.524337144404095, 47.378378086271859 ] } },
{ "type": "Feature", "properties": { "egid_int": 302020565, "strasse": "Hohlstrasse", "hausnummer": "376c", "plz": 8005.0, "ortschaft": "Zürich", "baujahr": 1960.0, "grundflaeche_m2": 21.070712, "gebaeudealter_2026": 66.0, "gebaeude_nutzung": "Gebäude Verkehrswesen", "qualitaet": "AV93", "bev_pers_n": 66.0, "bev_dichte_pha": 66.0 }, "geometry": { "type": "Point", "coordinates": [ 8.508976376464233, 47.387126014331251 ] } },
{ "type": "Feature", "properties": { "egid_int": 302020566, "strasse": null, "hausnummer": null, "plz": null, "ortschaft": null, "baujahr": 1960.0, "grundflaeche_m2": 71.4348635, "gebaeudealter_2026": 66.0, "gebaeude_nutzung": "Nebengebäude", "qualitaet": "AV93", "bev_pers_n": 236.0, "bev_dichte_pha": 236.0 }, "geometry": { "type": "Point", "coordinates": [ 8.509068185394772, 47.387376998429303 ] } },
{ "type": "Feature", "properties": { "egid_int": 302020604, "strasse": "Bullingerstrasse", "hausnummer": "56", "plz": 8004.0, "ortschaft": "Zürich", "baujahr": 2006.0, "grundflaeche_m2": 1187.525697, "gebaeudealter_2026": 20.0, "gebaeude_nutzung": "Gebäude Verwaltung", "qualitaet": "AV93", "bev_pers_n": 221.0, "bev_dichte_pha": 221.0 }, "geometry": { "type": "Point", "coordinates": [ 8.510565390023794, 47.382304490371766 ] } },
{ "type": "Feature", "properties": { "egid_int": 302020654, "strasse": "Sihlfeldstrasse", "hausnummer": "80", "plz": 8004.0, "ortschaft": "Zürich", "baujahr": 2006.0, "grundflaeche_m2": 2825.167779, "gebaeudealter_2026": 20.0, "gebaeude_nutzung": "Gebäude Wohnen", "qualitaet": "AV93", "bev_pers_n": 97.0, "bev_dichte_pha": 97.0 }, "geometry": { "type": "Point", "coordinates": [ 8.517024495739278, 47.375831715381302 ] } },
{ "type": "Feature", "properties": { "egid_int": 302020821, "strasse": "Hohlstrasse", "hausnummer": "192a", "plz": 8004.0, "ortschaft": "Zürich", "baujahr": 2005.0, "grundflaeche_m2": 26.6310665, "gebaeudealter_2026": 21.0, "gebaeude_nutzung": "Nebengebäude", "qualitaet": "AV93", "bev_pers_n": 137.0, "bev_dichte_pha": 137.0 }, "geometry": { "type": "Point", "coordinates": [ 8.517459838261315, 47.381993823170461 ] } },
{ "type": "Feature", "properties": { "egid_int": 302020823, "strasse": "Hardstrasse", "hausnummer": "184", "plz": 8005.0, "ortschaft": "Zürich", "baujahr": 1990.0, "grundflaeche_m2": 16.4974695, "gebaeudealter_2026": 36.0, "gebaeude_nutzung": "Gebäude Verkehrswesen", "qualitaet": "AV93", "bev_pers_n": 158.0, "bev_dichte_pha": 158.0 }, "geometry": { "type": "Point", "coordinates": [ 8.517554256252039, 47.385025543110132 ] } },
{ "type": "Feature", "properties": { "egid_int": 302020827, "strasse": "Badenerstrasse", "hausnummer": "140", "plz": 8004.0, "ortschaft": "Zürich", "baujahr": 2005.0, "grundflaeche_m2": 25.688824, "gebaeudealter_2026": 21.0, "gebaeude_nutzung": "Gebäude Wohnen", "qualitaet": "AV93", "bev_pers_n": 109.0, "bev_dichte_pha": 109.0 }, "geometry": { "type": "Point", "coordinates": [ 8.522791761341553, 47.374570641210539 ] } },
{ "type": "Feature", "properties": { "egid_int": 302020831, "strasse": "Badenerstrasse", "hausnummer": "418", "plz": 8004.0, "ortschaft": "Zürich", "baujahr": 2005.0, "grundflaeche_m2": 285.616085, "gebaeudealter_2026": 21.0, "gebaeude_nutzung": "Nebengebäude", "qualitaet": "AV93", "bev_pers_n": 62.0, "bev_dichte_pha": 62.0 }, "geometry": { "type": "Point", "coordinates": [ 8.507034878549492, 47.38045329299856 ] } },
{ "type": "Feature", "properties": { "egid_int": 302020836, "strasse": "Baumgartnerstrasse", "hausnummer": "10", "plz": 8004.0, "ortschaft": "Zürich", "baujahr": 2005.0, "grundflaeche_m2": 71.5878755, "gebaeudealter_2026": 21.0, "gebaeude_nutzung": "Nebengebäude", "qualitaet": "AV93", "bev_pers_n": 78.0, "bev_dichte_pha": 78.0 }, "geometry": { "type": "Point", "coordinates": [ 8.523729771796853, 47.372076707090891 ] } },
{ "type": "Feature", "properties": { "egid_int": 302020837, "strasse": "Freyastrasse", "hausnummer": "15a", "plz": 8004.0, "ortschaft": "Zürich", "baujahr": 2005.0, "grundflaeche_m2": 22.2019575, "gebaeudealter_2026": 21.0, "gebaeude_nutzung": "Gebäude Wohnen", "qualitaet": "AV93", "bev_pers_n": 78.0, "bev_dichte_pha": 78.0 }, "geometry": { "type": "Point", "coordinates": [ 8.523958599739354, 47.372063376269843 ] } },
{ "type": "Feature", "properties": { "egid_int": 302020838, "strasse": "Freyastrasse", "hausnummer": "17", "plz": 8004.0, "ortschaft": "Zürich", "baujahr": 2005.0, "grundflaeche_m2": 42.5122, "gebaeudealter_2026": 21.0, "gebaeude_nutzung": "Nebengebäude", "qualitaet": "AV93", "bev_pers_n": 78.0, "bev_dichte_pha": 78.0 }, "geometry": { "type": "Point", "coordinates": [ 8.523912845762295, 47.372094317629838 ] } },
{ "type": "Feature", "properties": { "egid_int": 302020843, "strasse": "Langstrasse", "hausnummer": "108a", "plz": 8004.0, "ortschaft": "Zürich", "baujahr": 2005.0, "grundflaeche_m2": 17.3202045, "gebaeudealter_2026": 21.0, "gebaeude_nutzung": "Nebengebäude", "qualitaet": "AV93", "bev_pers_n": 203.0, "bev_dichte_pha": 203.0 }, "geometry": { "type": "Point", "coordinates": [ 8.527594541312224, 47.378728953774889 ] } },
{ "type": "Feature", "properties": { "egid_int": 302020847, "strasse": "Dienerstrasse", "hausnummer": "56a", "plz": 8004.0, "ortschaft": "Zürich", "baujahr": 2005.0, "grundflaeche_m2": 9.123999, "gebaeudealter_2026": 21.0, "gebaeude_nutzung": "Nebengebäude", "qualitaet": "AV93", "bev_pers_n": 233.0, "bev_dichte_pha": 233.0 }, "geometry": { "type": "Point", "coordinates": [ 8.526472608084545, 47.378932163466892 ] } },
{ "type": "Feature", "properties": { "egid_int": 302020849, "strasse": null, "hausnummer": null, "plz": null, "ortschaft": null, "baujahr": 2005.0, "grundflaeche_m2": 250.5482015, "gebaeudealter_2026": 21.0, "gebaeude_nutzung": "Nebengebäude", "qualitaet": "AV93", "bev_pers_n": 146.0, "bev_dichte_pha": 146.0 }, "geometry": { "type": "Point", "coordinates": [ 8.506268925609865, 47.382914462623766 ] } },
{ "type": "Feature", "properties": { "egid_int": 302020871, "strasse": "Eisgasse", "hausnummer": "5", "plz": 8004.0, "ortschaft": "Zürich", "baujahr": 2005.0, "grundflaeche_m2": 48.2183365, "gebaeudealter_2026": 21.0, "gebaeude_nutzung": "Gebäude Verwaltung", "qualitaet": "AV93", "bev_pers_n": 4.0, "bev_dichte_pha": 4.0 }, "geometry": { "type": "Point", "coordinates": [ 8.531629345014874, 47.378023996085098 ] } },
{ "type": "Feature", "properties": { "egid_int": 302020872, "strasse": "Norastrasse", "hausnummer": "9", "plz": 8004.0, "ortschaft": "Zürich", "baujahr": 2005.0, "grundflaeche_m2": 14.8156085, "gebaeudealter_2026": 21.0, "gebaeude_nutzung": "Nebengebäude", "qualitaet": "AV93", "bev_pers_n": 109.0, "bev_dichte_pha": 109.0 }, "geometry": { "type": "Point", "coordinates": [ 8.507693797498613, 47.380547753327477 ] } },
{ "type": "Feature", "properties": { "egid_int": 302020873, "strasse": null, "hausnummer": null, "plz": null, "ortschaft": null, "baujahr": 2005.0, "grundflaeche_m2": 14.1012345, "gebaeudealter_2026": 21.0, "gebaeude_nutzung": "Nebengebäude", "qualitaet": "AV93", "bev_pers_n": 128.0, "bev_dichte_pha": 128.0 }, "geometry": { "type": "Point", "coordinates": [ 8.530690576466124, 47.375026696032378 ] } },
{ "type": "Feature", "properties": { "egid_int": 302020874, "strasse": "Zypressenstrasse", "hausnummer": "60a", "plz": 8004.0, "ortschaft": "Zürich", "baujahr": 2005.0, "grundflaeche_m2": 9.95026909, "gebaeudealter_2026": 21.0, "gebaeude_nutzung": "Nebengebäude", "qualitaet": "AV93", "bev_pers_n": 196.0, "bev_dichte_pha": 196.0 }, "geometry": { "type": "Point", "coordinates": [ 8.513690310029896, 47.377538489320898 ] } },
{ "type": "Feature", "properties": { "egid_int": 302020892, "strasse": "Eglistrasse", "hausnummer": "26", "plz": 8004.0, "ortschaft": "Zürich", "baujahr": 2005.0, "grundflaeche_m2": 70.28107, "gebaeudealter_2026": 21.0, "gebaeude_nutzung": "Gebäude Wohnen", "qualitaet": "AV93", "bev_pers_n": 278.0, "bev_dichte_pha": 278.0 }, "geometry": { "type": "Point", "coordinates": [ 8.510262879175777, 47.383547465251368 ] } },
{ "type": "Feature", "properties": { "egid_int": 302020919, "strasse": "Bullingerstrasse", "hausnummer": "40", "plz": 8004.0, "ortschaft": "Zürich", "baujahr": 1964.0, "grundflaeche_m2": 77.6565505, "gebaeudealter_2026": 62.0, "gebaeude_nutzung": "Gebäude Verwaltung", "qualitaet": "AV93", "bev_pers_n": 139.0, "bev_dichte_pha": 139.0 }, "geometry": { "type": "Point", "coordinates": [ 8.511148281156824, 47.381550069701042 ] } },
{ "type": "Feature", "properties": { "egid_int": 302020920, "strasse": "Bullingerstrasse", "hausnummer": "42", "plz": 8004.0, "ortschaft": "Zürich", "baujahr": 1964.0, "grundflaeche_m2": 179.763506, "gebaeudealter_2026": 62.0, "gebaeude_nutzung": "Gebäude Verwaltung", "qualitaet": "AV93", "bev_pers_n": 139.0, "bev_dichte_pha": 139.0 }, "geometry": { "type": "Point", "coordinates": [ 8.511385651747258, 47.381643834299531 ] } },
{ "type": "Feature", "properties": { "egid_int": 302020921, "strasse": "Bullingerstrasse", "hausnummer": "44", "plz": 8004.0, "ortschaft": "Zürich", "baujahr": 1964.0, "grundflaeche_m2": 96.372534, "gebaeudealter_2026": 62.0, "gebaeude_nutzung": "Gebäude Verwaltung", "qualitaet": "AV93", "bev_pers_n": 139.0, "bev_dichte_pha": 139.0 }, "geometry": { "type": "Point", "coordinates": [ 8.511284883947765, 47.381809775619374 ] } },
{ "type": "Feature", "properties": { "egid_int": 302021049, "strasse": "Bullingerstrasse", "hausnummer": "91", "plz": 8004.0, "ortschaft": "Zürich", "baujahr": 1969.0, "grundflaeche_m2": 482.774431, "gebaeudealter_2026": 57.0, "gebaeude_nutzung": "Nebengebäude", "qualitaet": "AV93", "bev_pers_n": 146.0, "bev_dichte_pha": 146.0 }, "geometry": { "type": "Point", "coordinates": [ 8.506613136393312, 47.382771848743396 ] } },
{ "type": "Feature", "properties": { "egid_int": 302021484, "strasse": "Hardstrasse", "hausnummer": "187", "plz": 8005.0, "ortschaft": "Zürich", "baujahr": 2005.0, "grundflaeche_m2": 15.999358, "gebaeudealter_2026": 21.0, "gebaeude_nutzung": "Gebäude Verkehrswesen", "qualitaet": "AV93", "bev_pers_n": 158.0, "bev_dichte_pha": 158.0 }, "geometry": { "type": "Point", "coordinates": [ 8.517141606916226, 47.385309907297689 ] } },
{ "type": "Feature", "properties": { "egid_int": 302021540, "strasse": "Bullingerstrasse", "hausnummer": "46", "plz": 8004.0, "ortschaft": "Zürich", "baujahr": 2006.0, "grundflaeche_m2": 1202.118964, "gebaeudealter_2026": 20.0, "gebaeude_nutzung": "Gebäude Verwaltung", "qualitaet": "AV93", "bev_pers_n": 139.0, "bev_dichte_pha": 139.0 }, "geometry": { "type": "Point", "coordinates": [ 8.511486231840355, 47.381871231336866 ] } },
{ "type": "Feature", "properties": { "egid_int": 302021559, "strasse": "Neufrankengasse", "hausnummer": "22", "plz": 8004.0, "ortschaft": "Zürich", "baujahr": 2006.0, "grundflaeche_m2": 309.29416, "gebaeudealter_2026": 20.0, "gebaeude_nutzung": "Gebäude Wohnen", "qualitaet": "AV93", "bev_pers_n": 177.0, "bev_dichte_pha": 177.0 }, "geometry": { "type": "Point", "coordinates": [ 8.526948912649457, 47.380832867676538 ] } },
{ "type": "Feature", "properties": { "egid_int": 302021632, "strasse": "Eichbühlstrasse", "hausnummer": "25a", "plz": 8004.0, "ortschaft": "Zürich", "baujahr": 2005.0, "grundflaeche_m2": 10.41155, "gebaeudealter_2026": 21.0, "gebaeude_nutzung": "Nebengebäude", "qualitaet": "AV93", "bev_pers_n": 139.0, "bev_dichte_pha": 139.0 }, "geometry": { "type": "Point", "coordinates": [ 8.511278550763103, 47.382322238887838 ] } },
{ "type": "Feature", "properties": { "egid_int": 302021635, "strasse": "Eichbühlstrasse", "hausnummer": "33a", "plz": 8004.0, "ortschaft": "Zürich", "baujahr": 2005.0, "grundflaeche_m2": 10.463562, "gebaeudealter_2026": 21.0, "gebaeude_nutzung": "Nebengebäude", "qualitaet": "AV93", "bev_pers_n": 221.0, "bev_dichte_pha": 221.0 }, "geometry": { "type": "Point", "coordinates": [ 8.510665565843222, 47.382586959645231 ] } },
{ "type": "Feature", "properties": { "egid_int": 302021694, "strasse": null, "hausnummer": null, "plz": null, "ortschaft": null, "baujahr": 2006.0, "grundflaeche_m2": 607.743828, "gebaeudealter_2026": 20.0, "gebaeude_nutzung": "Gebäude Industrie", "qualitaet": "AV93", "bev_pers_n": 41.0, "bev_dichte_pha": 41.0 }, "geometry": { "type": "Point", "coordinates": [ 8.504273377656951, 47.390310780652143 ] } },
{ "type": "Feature", "properties": { "egid_int": 302022196, "strasse": "Eichbühlstrasse", "hausnummer": "17a", "plz": 8004.0, "ortschaft": "Zürich", "baujahr": 1935.0, "grundflaeche_m2": 10.453258, "gebaeudealter_2026": 91.0, "gebaeude_nutzung": "Nebengebäude", "qualitaet": "AV93", "bev_pers_n": 139.0, "bev_dichte_pha": 139.0 }, "geometry": { "type": "Point", "coordinates": [ 8.511909643849664, 47.382052759085092 ] } },
{ "type": "Feature", "properties": { "egid_int": 302022198, "strasse": "Remisenstrasse", "hausnummer": "7b", "plz": 8004.0, "ortschaft": "Zürich", "baujahr": 1932.0, "grundflaeche_m2": 323.9537865, "gebaeudealter_2026": 94.0, "gebaeude_nutzung": "Gebäude Verkehrswesen", "qualitaet": "AV93", "bev_pers_n": 176.0, "bev_dichte_pha": 176.0 }, "geometry": { "type": "Point", "coordinates": [ 8.521959517740228, 47.381009318943221 ] } },
{ "type": "Feature", "properties": { "egid_int": 302022516, "strasse": "Bullingerstrasse", "hausnummer": "80", "plz": 8004.0, "ortschaft": "Zürich", "baujahr": 2007.0, "grundflaeche_m2": 2468.3797955, "gebaeudealter_2026": 19.0, "gebaeude_nutzung": "Gebäude Verwaltung", "qualitaet": "AV93", "bev_pers_n": 46.0, "bev_dichte_pha": 46.0 }, "geometry": { "type": "Point", "coordinates": [ 8.509063485100492, 47.382566211973021 ] } },
{ "type": "Feature", "properties": { "egid_int": 302022567, "strasse": "Zwinglistrasse", "hausnummer": "42", "plz": 8004.0, "ortschaft": "Zürich", "baujahr": 1896.0, "grundflaeche_m2": 70.5335985, "gebaeudealter_2026": 130.0, "gebaeude_nutzung": "Gebäude Wohnen", "qualitaet": "AV93", "bev_pers_n": 203.0, "bev_dichte_pha": 203.0 }, "geometry": { "type": "Point", "coordinates": [ 8.52789869938198, 47.379100687588384 ] } },
{ "type": "Feature", "properties": { "egid_int": 302022568, "strasse": "Kanzleistrasse", "hausnummer": "107a", "plz": 8004.0, "ortschaft": "Zürich", "baujahr": 1899.0, "grundflaeche_m2": 43.5712745, "gebaeudealter_2026": 127.0, "gebaeude_nutzung": "Gebäude Wohnen", "qualitaet": "AV93", "bev_pers_n": 439.0, "bev_dichte_pha": 439.0 }, "geometry": { "type": "Point", "coordinates": [ 8.521966096756433, 47.376187873767428 ] } },
{ "type": "Feature", "properties": { "egid_int": 302022652, "strasse": "Zeughausstrasse", "hausnummer": "71", "plz": 8004.0, "ortschaft": "Zürich", "baujahr": 1886.0, "grundflaeche_m2": 49.1590295, "gebaeudealter_2026": 140.0, "gebaeude_nutzung": "Gebäude Wohnen", "qualitaet": "AV93", "bev_pers_n": 275.0, "bev_dichte_pha": 275.0 }, "geometry": { "type": "Point", "coordinates": [ 8.528812498142498, 47.376549535581994 ] } },
{ "type": "Feature", "properties": { "egid_int": 302022653, "strasse": "Brauerstrasse", "hausnummer": "38a", "plz": 8004.0, "ortschaft": "Zürich", "baujahr": 1864.0, "grundflaeche_m2": 14.0231255, "gebaeudealter_2026": 162.0, "gebaeude_nutzung": "Gebäude Handel", "qualitaet": "AV93", "bev_pers_n": 260.0, "bev_dichte_pha": 260.0 }, "geometry": { "type": "Point", "coordinates": [ 8.527633750628366, 47.377843465193266 ] } },
{ "type": "Feature", "properties": { "egid_int": 302022654, "strasse": "Badenerstrasse", "hausnummer": "64", "plz": 8004.0, "ortschaft": "Zürich", "baujahr": 1887.0, "grundflaeche_m2": 60.0583945, "gebaeudealter_2026": 139.0, "gebaeude_nutzung": "Gebäude Wohnen", "qualitaet": "AV93", "bev_pers_n": 186.0, "bev_dichte_pha": 186.0 }, "geometry": { "type": "Point", "coordinates": [ 8.527436311033625, 47.373579022668316 ] } },
{ "type": "Feature", "properties": { "egid_int": 302022655, "strasse": "Müllerstrasse", "hausnummer": "63b", "plz": 8004.0, "ortschaft": "Zürich", "baujahr": 1890.0, "grundflaeche_m2": 81.5653745, "gebaeudealter_2026": 136.0, "gebaeude_nutzung": "Gebäude Wohnen", "qualitaet": "AV93", "bev_pers_n": 240.0, "bev_dichte_pha": 240.0 }, "geometry": { "type": "Point", "coordinates": [ 8.5286022254085, 47.375685802594717 ] } },
{ "type": "Feature", "properties": { "egid_int": 302022658, "strasse": "Wengistrasse", "hausnummer": "28a", "plz": 8004.0, "ortschaft": "Zürich", "baujahr": 1983.0, "grundflaeche_m2": 108.28181, "gebaeudealter_2026": 43.0, "gebaeude_nutzung": "Gebäude Verwaltung", "qualitaet": "AV93", "bev_pers_n": 107.0, "bev_dichte_pha": 107.0 }, "geometry": { "type": "Point", "coordinates": [ 8.522639539098481, 47.375660253522021 ] } },
{ "type": "Feature", "properties": { "egid_int": 302022663, "strasse": "Rotwandstrasse", "hausnummer": "37b", "plz": 8004.0, "ortschaft": "Zürich", "baujahr": 1892.0, "grundflaeche_m2": 32.899027, "gebaeudealter_2026": 134.0, "gebaeude_nutzung": "Gebäude Wohnen", "qualitaet": "AV93", "bev_pers_n": 153.0, "bev_dichte_pha": 153.0 }, "geometry": { "type": "Point", "coordinates": [ 8.527853611330453, 47.375160388821378 ] } },
{ "type": "Feature", "properties": { "egid_int": 302022667, "strasse": "Stauffacherstrasse", "hausnummer": "178a", "plz": 8004.0, "ortschaft": "Zürich", "baujahr": 1931.0, "grundflaeche_m2": 55.710152, "gebaeudealter_2026": 95.0, "gebaeude_nutzung": "Gebäude Wohnen", "qualitaet": "AV93", "bev_pers_n": 244.0, "bev_dichte_pha": 244.0 }, "geometry": { "type": "Point", "coordinates": [ 8.520893001026101, 47.378360319398425 ] } },
{ "type": "Feature", "properties": { "egid_int": 302022668, "strasse": "Hirzelstrasse", "hausnummer": "28", "plz": 8004.0, "ortschaft": "Zürich", "baujahr": 1929.0, "grundflaeche_m2": 64.780041, "gebaeudealter_2026": 97.0, "gebaeude_nutzung": "Gebäude Wohnen", "qualitaet": "AV93", "bev_pers_n": 117.0, "bev_dichte_pha": 117.0 }, "geometry": { "type": "Point", "coordinates": [ 8.513840554814966, 47.380517226540356 ] } },
{ "type": "Feature", "properties": { "egid_int": 302022669, "strasse": "Badenerstrasse", "hausnummer": "72", "plz": 8004.0, "ortschaft": "Zürich", "baujahr": 1890.0, "grundflaeche_m2": 71.115768, "gebaeudealter_2026": 136.0, "gebaeude_nutzung": "Gebäude Wohnen", "qualitaet": "AV93", "bev_pers_n": 186.0, "bev_dichte_pha": 186.0 }, "geometry": { "type": "Point", "coordinates": [ 8.527018410448871, 47.37372512898839 ] } },
{ "type": "Feature", "properties": { "egid_int": 302022670, "strasse": "Lutherstrasse", "hausnummer": "32a", "plz": 8004.0, "ortschaft": "Zürich", "baujahr": 1896.0, "grundflaeche_m2": 28.347819, "gebaeudealter_2026": 130.0, "gebaeude_nutzung": "Gebäude Wohnen", "qualitaet": "AV93", "bev_pers_n": 227.0, "bev_dichte_pha": 227.0 }, "geometry": { "type": "Point", "coordinates": [ 8.528665848629679, 47.374632683052525 ] } },
{ "type": "Feature", "properties": { "egid_int": 302022672, "strasse": "Badenerstrasse", "hausnummer": "278a", "plz": 8004.0, "ortschaft": "Zürich", "baujahr": 1924.0, "grundflaeche_m2": 21.9685475, "gebaeudealter_2026": 102.0, "gebaeude_nutzung": "Gebäude Wohnen", "qualitaet": "AV93", "bev_pers_n": 334.0, "bev_dichte_pha": 334.0 }, "geometry": { "type": "Point", "coordinates": [ 8.514474327077748, 47.376685876446224 ] } },
{ "type": "Feature", "properties": { "egid_int": 302022673, "strasse": "Badenerstrasse", "hausnummer": "338a", "plz": 8004.0, "ortschaft": "Zürich", "baujahr": 1927.0, "grundflaeche_m2": 62.095664, "gebaeudealter_2026": 99.0, "gebaeude_nutzung": "Gebäude Handel", "qualitaet": "AV93", "bev_pers_n": 168.0, "bev_dichte_pha": 168.0 }, "geometry": { "type": "Point", "coordinates": [ 8.511673620658748, 47.378597701205003 ] } },
{ "type": "Feature", "properties": { "egid_int": 302022674, "strasse": "Stauffacherstrasse", "hausnummer": "37", "plz": 8004.0, "ortschaft": "Zürich", "baujahr": 1900.0, "grundflaeche_m2": 176.2004515, "gebaeudealter_2026": 126.0, "gebaeude_nutzung": "Gebäude Wohnen", "qualitaet": "AV93", "bev_pers_n": 65.0, "bev_dichte_pha": 65.0 }, "geometry": { "type": "Point", "coordinates": [ 8.528381715479375, 47.373873458961377 ] } },
{ "type": "Feature", "properties": { "egid_int": 302022678, "strasse": "Birmensdorferstrasse", "hausnummer": "34a", "plz": 8004.0, "ortschaft": "Zürich", "baujahr": 1894.0, "grundflaeche_m2": 28.38439, "gebaeudealter_2026": 132.0, "gebaeude_nutzung": "Gebäude Wohnen", "qualitaet": "AV93", "bev_pers_n": 111.0, "bev_dichte_pha": 111.0 }, "geometry": { "type": "Point", "coordinates": [ 8.526184336765494, 47.372231276033745 ] } },
{ "type": "Feature", "properties": { "egid_int": 302022687, "strasse": "Ankerstrasse", "hausnummer": "101", "plz": 8004.0, "ortschaft": "Zürich", "baujahr": 2007.0, "grundflaeche_m2": 4.70489, "gebaeudealter_2026": 19.0, "gebaeude_nutzung": "Gebäude Verwaltung", "qualitaet": "AV93", "bev_pers_n": 219.0, "bev_dichte_pha": 219.0 }, "geometry": { "type": "Point", "coordinates": [ 8.527306858378267, 47.376023731333788 ] } },
{ "type": "Feature", "properties": { "egid_int": 302022690, "strasse": "Bienenstrasse", "hausnummer": "43", "plz": 8004.0, "ortschaft": "Zürich", "baujahr": 1972.0, "grundflaeche_m2": 326.2711155, "gebaeudealter_2026": 54.0, "gebaeude_nutzung": "Gebäude Verkehrswesen", "qualitaet": "AV93", "bev_pers_n": 47.0, "bev_dichte_pha": 47.0 }, "geometry": { "type": "Point", "coordinates": [ 8.505183958900213, 47.381815077347767 ] } },
{ "type": "Feature", "properties": { "egid_int": 302022691, "strasse": "Rolandstrasse", "hausnummer": "10a", "plz": 8004.0, "ortschaft": "Zürich", "baujahr": 1898.0, "grundflaeche_m2": 27.738658, "gebaeudealter_2026": 128.0, "gebaeude_nutzung": "Gebäude Wohnen", "qualitaet": "AV93", "bev_pers_n": 233.0, "bev_dichte_pha": 233.0 }, "geometry": { "type": "Point", "coordinates": [ 8.526621005003571, 47.379195393028979 ] } },
{ "type": "Feature", "properties": { "egid_int": 302022692, "strasse": null, "hausnummer": null, "plz": null, "ortschaft": null, "baujahr": 1916.0, "grundflaeche_m2": 438.2203745, "gebaeudealter_2026": 110.0, "gebaeude_nutzung": "Gebäude Handel", "qualitaet": "AV93", "bev_pers_n": 137.0, "bev_dichte_pha": 137.0 }, "geometry": { "type": "Point", "coordinates": [ 8.520300845865863, 47.385050459017997 ] } },
{ "type": "Feature", "properties": { "egid_int": 302022693, "strasse": "Bullingerstrasse", "hausnummer": "89a", "plz": 8004.0, "ortschaft": "Zürich", "baujahr": 1969.0, "grundflaeche_m2": 15552.737923500001, "gebaeudealter_2026": 57.0, "gebaeude_nutzung": "Gebäude Verkehrswesen", "qualitaet": "AV93", "bev_pers_n": 146.0, "bev_dichte_pha": 146.0 }, "geometry": { "type": "Point", "coordinates": [ 8.507598847597556, 47.382065317959515 ] } },
{ "type": "Feature", "properties": { "egid_int": 302022698, "strasse": "Werdstrasse", "hausnummer": "109a", "plz": 8004.0, "ortschaft": "Zürich", "baujahr": 1911.0, "grundflaeche_m2": 27.65995, "gebaeudealter_2026": 115.0, "gebaeude_nutzung": "Gebäude Wohnen", "qualitaet": "AV93", "bev_pers_n": 242.0, "bev_dichte_pha": 242.0 }, "geometry": { "type": "Point", "coordinates": [ 8.525489209934996, 47.37092265941785 ] } },
{ "type": "Feature", "properties": { "egid_int": 302022699, "strasse": "Hardstrasse", "hausnummer": "89a", "plz": 8004.0, "ortschaft": "Zürich", "baujahr": 1929.0, "grundflaeche_m2": 39.8155465, "gebaeudealter_2026": 97.0, "gebaeude_nutzung": "Gebäude Wohnen", "qualitaet": "AV93", "bev_pers_n": 302.0, "bev_dichte_pha": 302.0 }, "geometry": { "type": "Point", "coordinates": [ 8.513135954132064, 47.381559448769842 ] } },
{ "type": "Feature", "properties": { "egid_int": 302022703, "strasse": "Rotwandstrasse", "hausnummer": "4", "plz": 8004.0, "ortschaft": "Zürich", "baujahr": 1890.0, "grundflaeche_m2": 609.7320495, "gebaeudealter_2026": 136.0, "gebaeude_nutzung": "Gebäude Gastgewerbe", "qualitaet": "AV93", "bev_pers_n": 120.0, "bev_dichte_pha": 120.0 }, "geometry": { "type": "Point", "coordinates": [ 8.526752307907186, 47.3740339469039 ] } },
{ "type": "Feature", "properties": { "egid_int": 302022716, "strasse": "Freyastrasse", "hausnummer": "12a", "plz": 8004.0, "ortschaft": "Zürich", "baujahr": 1895.0, "grundflaeche_m2": 39.333181, "gebaeudealter_2026": 131.0, "gebaeude_nutzung": "Gebäude Industrie", "qualitaet": "AV93", "bev_pers_n": 139.0, "bev_dichte_pha": 139.0 }, "geometry": { "type": "Point", "coordinates": [ 8.524562429654477, 47.37225143795775 ] } },
{ "type": "Feature", "properties": { "egid_int": 302022722, "strasse": "Stauffacherstrasse", "hausnummer": "180a", "plz": 8004.0, "ortschaft": "Zürich", "baujahr": 1931.0, "grundflaeche_m2": 55.390756, "gebaeudealter_2026": 95.0, "gebaeude_nutzung": "Gebäude Wohnen", "qualitaet": "AV93", "bev_pers_n": 244.0, "bev_dichte_pha": 244.0 }, "geometry": { "type": "Point", "coordinates": [ 8.520779562979195, 47.378397470430414 ] } },
{ "type": "Feature", "properties": { "egid_int": 302022724, "strasse": "Bauhallengasse", "hausnummer": "3", "plz": 8004.0, "ortschaft": "Zürich", "baujahr": 1877.0, "grundflaeche_m2": 47.201397, "gebaeudealter_2026": 149.0, "gebaeude_nutzung": "Gebäude Wohnen", "qualitaet": "AV93", "bev_pers_n": 121.0, "bev_dichte_pha": 121.0 }, "geometry": { "type": "Point", "coordinates": [ 8.524362885387079, 47.375109947673046 ] } },
{ "type": "Feature", "properties": { "egid_int": 302022725, "strasse": "Brauerstrasse", "hausnummer": "30a", "plz": 8004.0, "ortschaft": "Zürich", "baujahr": 1861.0, "grundflaeche_m2": 41.7839705, "gebaeudealter_2026": 165.0, "gebaeude_nutzung": "Gebäude Wohnen", "qualitaet": "AV93", "bev_pers_n": 334.0, "bev_dichte_pha": 334.0 }, "geometry": { "type": "Point", "coordinates": [ 8.527607523563061, 47.377627955654035 ] } },
{ "type": "Feature", "properties": { "egid_int": 302022907, "strasse": "Schöneggstrasse", "hausnummer": "27", "plz": 8004.0, "ortschaft": "Zürich", "baujahr": 2007.0, "grundflaeche_m2": 181.026379, "gebaeudealter_2026": 19.0, "gebaeude_nutzung": "Gebäude Wohnen", "qualitaet": "AV93", "bev_pers_n": 422.0, "bev_dichte_pha": 422.0 }, "geometry": { "type": "Point", "coordinates": [ 8.525982235343402, 47.380362783147731 ] } },
{ "type": "Feature", "properties": { "egid_int": 302023148, "strasse": "Erismannstrasse", "hausnummer": "2", "plz": 8004.0, "ortschaft": "Zürich", "baujahr": 2007.0, "grundflaeche_m2": 328.1119405, "gebaeudealter_2026": 19.0, "gebaeude_nutzung": "Gebäude Wohnen", "qualitaet": "AV93", "bev_pers_n": 160.0, "bev_dichte_pha": 160.0 }, "geometry": { "type": "Point", "coordinates": [ 8.519369001516651, 47.380321098615042 ] } },
{ "type": "Feature", "properties": { "egid_int": 302023507, "strasse": "Lagerstrasse", "hausnummer": "101", "plz": 8004.0, "ortschaft": "Zürich", "baujahr": 2008.0, "grundflaeche_m2": 428.7318095, "gebaeudealter_2026": 18.0, "gebaeude_nutzung": "Gebäude Wohnen", "qualitaet": "AV93", "bev_pers_n": 238.0, "bev_dichte_pha": 238.0 }, "geometry": { "type": "Point", "coordinates": [ 8.529415144091535, 47.37946205079146 ] } },
{ "type": "Feature", "properties": { "egid_int": 302024197, "strasse": "Hohlstrasse", "hausnummer": "350d", "plz": 8004.0, "ortschaft": "Zürich", "baujahr": 1974.0, "grundflaeche_m2": 299.2124505, "gebaeudealter_2026": 52.0, "gebaeude_nutzung": "Gebäude Verkehrswesen", "qualitaet": "AV93", "bev_pers_n": 236.0, "bev_dichte_pha": 236.0 }, "geometry": { "type": "Point", "coordinates": [ 8.509714922863475, 47.384916936251024 ] } },
{ "type": "Feature", "properties": { "egid_int": 302024201, "strasse": "Remisenstrasse", "hausnummer": "15a", "plz": 8004.0, "ortschaft": "Zürich", "baujahr": 1966.0, "grundflaeche_m2": 116.87392, "gebaeudealter_2026": 60.0, "gebaeude_nutzung": "Nebengebäude", "qualitaet": "AV93", "bev_pers_n": 84.0, "bev_dichte_pha": 84.0 }, "geometry": { "type": "Point", "coordinates": [ 8.523055978757666, 47.381916540651837 ] } },
{ "type": "Feature", "properties": { "egid_int": 302024233, "strasse": "Kasernenstrasse", "hausnummer": "15a", "plz": 8004.0, "ortschaft": "Zürich", "baujahr": 1874.0, "grundflaeche_m2": 46.3277355, "gebaeudealter_2026": 152.0, "gebaeude_nutzung": "Gebäude Wohnen", "qualitaet": "AV93", "bev_pers_n": 42.0, "bev_dichte_pha": 42.0 }, "geometry": { "type": "Point", "coordinates": [ 8.531808258839456, 47.374162558344132 ] } },
{ "type": "Feature", "properties": { "egid_int": 302024234, "strasse": "Kasernenstrasse", "hausnummer": "15b", "plz": 8004.0, "ortschaft": "Zürich", "baujahr": 1874.0, "grundflaeche_m2": 121.1789245, "gebaeudealter_2026": 152.0, "gebaeude_nutzung": "Gebäude Wohnen", "qualitaet": "AV93", "bev_pers_n": 42.0, "bev_dichte_pha": 42.0 }, "geometry": { "type": "Point", "coordinates": [ 8.531753532022194, 47.374181993013742 ] } },
{ "type": "Feature", "properties": { "egid_int": 302024245, "strasse": "Bienenstrasse", "hausnummer": "13", "plz": 8004.0, "ortschaft": "Zürich", "baujahr": 1997.0, "grundflaeche_m2": 288.7554875, "gebaeudealter_2026": 29.0, "gebaeude_nutzung": "Gebäude Wohnen", "qualitaet": "AV93", "bev_pers_n": 81.0, "bev_dichte_pha": 81.0 }, "geometry": { "type": "Point", "coordinates": [ 8.506231028997119, 47.381484129402487 ] } },
{ "type": "Feature", "properties": { "egid_int": 302024323, "strasse": "Schöneggstrasse", "hausnummer": "22b", "plz": 8004.0, "ortschaft": "Zürich", "baujahr": 1878.0, "grundflaeche_m2": 76.4015745, "gebaeudealter_2026": 148.0, "gebaeude_nutzung": "Gebäude Wohnen", "qualitaet": "AV93", "bev_pers_n": 177.0, "bev_dichte_pha": 177.0 }, "geometry": { "type": "Point", "coordinates": [ 8.526672670683476, 47.380467740870436 ] } },
{ "type": "Feature", "properties": { "egid_int": 302024814, "strasse": "Zeughausstrasse", "hausnummer": "37a", "plz": 8004.0, "ortschaft": "Zürich", "baujahr": 2004.0, "grundflaeche_m2": 30.6466675, "gebaeudealter_2026": 22.0, "gebaeude_nutzung": "Gebäude Wohnen", "qualitaet": "AV93", "bev_pers_n": 128.0, "bev_dichte_pha": 128.0 }, "geometry": { "type": "Point", "coordinates": [ 8.530020121715927, 47.375529131613121 ] } },
{ "type": "Feature", "properties": { "egid_int": 302024888, "strasse": null, "hausnummer": null, "plz": null, "ortschaft": null, "baujahr": 1931.0, "grundflaeche_m2": 232.244324, "gebaeudealter_2026": 95.0, "gebaeude_nutzung": "Gebäude Handel", "qualitaet": "AV93", "bev_pers_n": 300.0, "bev_dichte_pha": 300.0 }, "geometry": { "type": "Point", "coordinates": [ 8.497041030955028, 47.388602128988673 ] } },
{ "type": "Feature", "properties": { "egid_int": 302030050, "strasse": "Europaallee", "hausnummer": "3", "plz": 8004.0, "ortschaft": "Zürich", "baujahr": 2012.0, "grundflaeche_m2": 2414.2128005, "gebaeudealter_2026": 14.0, "gebaeude_nutzung": "Gebäude Verwaltung", "qualitaet": "AV93", "bev_pers_n": 63.0, "bev_dichte_pha": 63.0 }, "geometry": { "type": "Point", "coordinates": [ 8.535156123160228, 47.377982477634887 ] } },
{ "type": "Feature", "properties": { "egid_int": 302030051, "strasse": "Lagerstrasse", "hausnummer": "2", "plz": 8004.0, "ortschaft": "Zürich", "baujahr": 2012.0, "grundflaeche_m2": 2139.1979445000002, "gebaeudealter_2026": 14.0, "gebaeude_nutzung": "Gebäude Verwaltung", "qualitaet": "AV93", "bev_pers_n": 63.0, "bev_dichte_pha": 63.0 }, "geometry": { "type": "Point", "coordinates": [ 8.534676144962583, 47.377654869725085 ] } },
{ "type": "Feature", "properties": { "egid_int": 302030052, "strasse": "Freischützgasse", "hausnummer": "22", "plz": 8004.0, "ortschaft": "Zürich", "baujahr": 2012.0, "grundflaeche_m2": 2953.018513, "gebaeudealter_2026": 14.0, "gebaeude_nutzung": "Gebäude Verwaltung", "qualitaet": "AV93", "bev_pers_n": 63.0, "bev_dichte_pha": 63.0 }, "geometry": { "type": "Point", "coordinates": [ 8.533625184006597, 47.377863700685396 ] } },
{ "type": "Feature", "properties": { "egid_int": 302030053, "strasse": "Lagerstrasse", "hausnummer": "4", "plz": 8004.0, "ortschaft": "Zürich", "baujahr": 2012.0, "grundflaeche_m2": 3003.4125835, "gebaeudealter_2026": 14.0, "gebaeude_nutzung": "Gebäude Verwaltung", "qualitaet": "AV93", "bev_pers_n": 57.0, "bev_dichte_pha": 57.0 }, "geometry": { "type": "Point", "coordinates": [ 8.534483442144357, 47.377014194154761 ] } },
{ "type": "Feature", "properties": { "egid_int": 302030055, "strasse": "Jägergasse", "hausnummer": "3", "plz": 8004.0, "ortschaft": "Zürich", "baujahr": 2009.0, "grundflaeche_m2": 704.548233, "gebaeudealter_2026": 17.0, "gebaeude_nutzung": "Gebäude Verwaltung", "qualitaet": "AV93", "bev_pers_n": 4.0, "bev_dichte_pha": 4.0 }, "geometry": { "type": "Point", "coordinates": [ 8.53190399586391, 47.377500921508634 ] } },
{ "type": "Feature", "properties": { "egid_int": 302030097, "strasse": "Viaduktstrasse", "hausnummer": "97", "plz": 8005.0, "ortschaft": "Zürich", "baujahr": 2010.0, "grundflaeche_m2": 144.673355, "gebaeudealter_2026": 16.0, "gebaeude_nutzung": "Gebäude Industrie", "qualitaet": "AV93", "bev_pers_n": 137.0, "bev_dichte_pha": 137.0 }, "geometry": { "type": "Point", "coordinates": [ 8.520866787117871, 47.384757316542355 ] } },
{ "type": "Feature", "properties": { "egid_int": 302030098, "strasse": "Maagplatz", "hausnummer": "9", "plz": 8005.0, "ortschaft": "Zürich", "baujahr": 2011.0, "grundflaeche_m2": 3856.892876, "gebaeudealter_2026": 15.0, "gebaeude_nutzung": "Gebäude Verwaltung", "qualitaet": "AV93", "bev_pers_n": 158.0, "bev_dichte_pha": 158.0 }, "geometry": { "type": "Point", "coordinates": [ 8.516607516336164, 47.385778380854546 ] } },
{ "type": "Feature", "properties": { "egid_int": 302030099, "strasse": null, "hausnummer": null, "plz": null, "ortschaft": null, "baujahr": 2011.0, "grundflaeche_m2": 1620.9391685000001, "gebaeudealter_2026": 15.0, "gebaeude_nutzung": "Gebäude Verwaltung", "qualitaet": "AV93", "bev_pers_n": 158.0, "bev_dichte_pha": 158.0 }, "geometry": { "type": "Point", "coordinates": [ 8.517183473842566, 47.385946709574583 ] } },
{ "type": "Feature", "properties": { "egid_int": 302030127, "strasse": "Aargauerstrasse", "hausnummer": "3c", "plz": 8048.0, "ortschaft": "Zürich", "baujahr": 2010.0, "grundflaeche_m2": 803.23434968000004, "gebaeudealter_2026": 16.0, "gebaeude_nutzung": "Gebäude Industrie", "qualitaet": "AV93", "bev_pers_n": 41.0, "bev_dichte_pha": 41.0 }, "geometry": { "type": "Point", "coordinates": [ 8.504725482762517, 47.389891839845696 ] } },
{ "type": "Feature", "properties": { "egid_int": 302030145, "strasse": "Grüngasse", "hausnummer": "10", "plz": 8004.0, "ortschaft": "Zürich", "baujahr": 2009.0, "grundflaeche_m2": 217.366116, "gebaeudealter_2026": 17.0, "gebaeude_nutzung": "Gebäude Wohnen", "qualitaet": "AV93", "bev_pers_n": 192.0, "bev_dichte_pha": 192.0 }, "geometry": { "type": "Point", "coordinates": [ 8.525540069119614, 47.373259833966273 ] } },
{ "type": "Feature", "properties": { "egid_int": 302030147, "strasse": "Badenerstrasse", "hausnummer": "101", "plz": 8004.0, "ortschaft": "Zürich", "baujahr": 2009.0, "grundflaeche_m2": 349.163628, "gebaeudealter_2026": 17.0, "gebaeude_nutzung": "Gebäude Wohnen", "qualitaet": "AV93", "bev_pers_n": 192.0, "bev_dichte_pha": 192.0 }, "geometry": { "type": "Point", "coordinates": [ 8.525158972785324, 47.374081957282478 ] } },
{ "type": "Feature", "properties": { "egid_int": 302030149, "strasse": "Herman-Greulich-Strasse", "hausnummer": "48a", "plz": 8004.0, "ortschaft": "Zürich", "baujahr": 2011.0, "grundflaeche_m2": 16.432389, "gebaeudealter_2026": 15.0, "gebaeude_nutzung": "Nebengebäude", "qualitaet": "AV93", "bev_pers_n": 263.0, "bev_dichte_pha": 263.0 }, "geometry": { "type": "Point", "coordinates": [ 8.519762606922614, 47.377529628244389 ] } },
{ "type": "Feature", "properties": { "egid_int": 302030151, "strasse": "Badenerstrasse", "hausnummer": "376", "plz": 8004.0, "ortschaft": "Zürich", "baujahr": 2010.0, "grundflaeche_m2": 2162.428364, "gebaeudealter_2026": 16.0, "gebaeude_nutzung": "Gebäude Wohnen", "qualitaet": "AV93", "bev_pers_n": 81.0, "bev_dichte_pha": 81.0 }, "geometry": { "type": "Point", "coordinates": [ 8.508833567782947, 47.379154872988174 ] } },
{ "type": "Feature", "properties": { "egid_int": 302030158, "strasse": "Norastrasse", "hausnummer": "20", "plz": 8004.0, "ortschaft": "Zürich", "baujahr": 2009.0, "grundflaeche_m2": 1558.5258515, "gebaeudealter_2026": 17.0, "gebaeude_nutzung": "Gebäude Verwaltung", "qualitaet": "AV93", "bev_pers_n": 275.0, "bev_dichte_pha": 275.0 }, "geometry": { "type": "Point", "coordinates": [ 8.508790026984826, 47.380258405715622 ] } },
{ "type": "Feature", "properties": { "egid_int": 302030159, "strasse": "Badenerstrasse", "hausnummer": "434", "plz": 8004.0, "ortschaft": "Zürich", "baujahr": 2012.0, "grundflaeche_m2": 2652.4364209649998, "gebaeudealter_2026": 14.0, "gebaeude_nutzung": "Gebäude Wohnen", "qualitaet": "AV93", "bev_pers_n": 309.0, "bev_dichte_pha": 309.0 }, "geometry": { "type": "Point", "coordinates": [ 8.50561619019477, 47.380621056646653 ] } },
{ "type": "Feature", "properties": { "egid_int": 302030164, "strasse": "Hohlstrasse", "hausnummer": "197", "plz": 8004.0, "ortschaft": "Zürich", "baujahr": 2009.0, "grundflaeche_m2": 164.8293755, "gebaeudealter_2026": 17.0, "gebaeude_nutzung": "Gebäude Wohnen", "qualitaet": "AV93", "bev_pers_n": 200.0, "bev_dichte_pha": 200.0 }, "geometry": { "type": "Point", "coordinates": [ 8.517289980650423, 47.381017148585627 ] } },
{ "type": "Feature", "properties": { "egid_int": 302030165, "strasse": "Hardstrasse", "hausnummer": "100", "plz": 8004.0, "ortschaft": "Zürich", "baujahr": 2010.0, "grundflaeche_m2": 341.501061, "gebaeudealter_2026": 16.0, "gebaeude_nutzung": "Gebäude Wohnen", "qualitaet": "AV93", "bev_pers_n": 288.0, "bev_dichte_pha": 288.0 }, "geometry": { "type": "Point", "coordinates": [ 8.514397472900594, 47.382049823244742 ] } },
{ "type": "Feature", "properties": { "egid_int": 302030168, "strasse": "Hohlstrasse", "hausnummer": "360", "plz": 8004.0, "ortschaft": "Zürich", "baujahr": 2010.0, "grundflaeche_m2": 17.8374185, "gebaeudealter_2026": 16.0, "gebaeude_nutzung": "Nebengebäude", "qualitaet": "AV93", "bev_pers_n": 236.0, "bev_dichte_pha": 236.0 }, "geometry": { "type": "Point", "coordinates": [ 8.509000418917543, 47.385302196043753 ] } },
{ "type": "Feature", "properties": { "egid_int": 302031576, "strasse": "Erismannstrasse", "hausnummer": "2a", "plz": 8004.0, "ortschaft": "Zürich", "baujahr": 2008.0, "grundflaeche_m2": 25.7757685, "gebaeudealter_2026": 18.0, "gebaeude_nutzung": "Gebäude Wohnen", "qualitaet": "AV93", "bev_pers_n": 205.0, "bev_dichte_pha": 205.0 }, "geometry": { "type": "Point", "coordinates": [ 8.51918787671984, 47.38027095416804 ] } },
{ "type": "Feature", "properties": { "egid_int": 302032291, "strasse": "Freischützgasse", "hausnummer": "25", "plz": 8004.0, "ortschaft": "Zürich", "baujahr": 2013.0, "grundflaeche_m2": 1679.1315425, "gebaeudealter_2026": 13.0, "gebaeude_nutzung": "Gebäude Wohnen", "qualitaet": "AV93", "bev_pers_n": 155.0, "bev_dichte_pha": 155.0 }, "geometry": { "type": "Point", "coordinates": [ 8.533720694563096, 47.378225496610121 ] } },
{ "type": "Feature", "properties": { "egid_int": 302032292, "strasse": "Lagerstrasse", "hausnummer": "20", "plz": 8004.0, "ortschaft": "Zürich", "baujahr": 2013.0, "grundflaeche_m2": 1550.894058, "gebaeudealter_2026": 13.0, "gebaeude_nutzung": "Gebäude Wohnen", "qualitaet": "AV93", "bev_pers_n": 63.0, "bev_dichte_pha": 63.0 }, "geometry": { "type": "Point", "coordinates": [ 8.533028994785125, 47.377911861314914 ] } },
{ "type": "Feature", "properties": { "egid_int": 302032293, "strasse": "Eisgasse", "hausnummer": "10", "plz": 8004.0, "ortschaft": "Zürich", "baujahr": 2013.0, "grundflaeche_m2": 1245.0272175, "gebaeudealter_2026": 13.0, "gebaeude_nutzung": "Gebäude Wohnen", "qualitaet": "AV93", "bev_pers_n": 4.0, "bev_dichte_pha": 4.0 }, "geometry": { "type": "Point", "coordinates": [ 8.532556504276844, 47.378399401509562 ] } },
{ "type": "Feature", "properties": { "egid_int": 302032294, "strasse": "Europaallee", "hausnummer": "21", "plz": 8004.0, "ortschaft": "Zürich", "baujahr": 2013.0, "grundflaeche_m2": 1399.1174105, "gebaeudealter_2026": 13.0, "gebaeude_nutzung": "Gebäude Wohnen", "qualitaet": "AV93", "bev_pers_n": 155.0, "bev_dichte_pha": 155.0 }, "geometry": { "type": "Point", "coordinates": [ 8.533225414622107, 47.378602678559915 ] } },
{ "type": "Feature", "properties": { "egid_int": 302034004, "strasse": "Kanonengasse", "hausnummer": "18b", "plz": 8004.0, "ortschaft": "Zürich", "baujahr": 2010.0, "grundflaeche_m2": 1711.5614915000001, "gebaeudealter_2026": 16.0, "gebaeude_nutzung": "Gebäude Verwaltung", "qualitaet": "AV93", "bev_pers_n": 4.0, "bev_dichte_pha": 4.0 }, "geometry": { "type": "Point", "coordinates": [ 8.531065542838633, 47.377246385048856 ] } },
{ "type": "Feature", "properties": { "egid_int": 302034026, "strasse": "Baslerstrasse", "hausnummer": "4e", "plz": 8004.0, "ortschaft": "Zürich", "baujahr": 2008.0, "grundflaeche_m2": 22.1045745, "gebaeudealter_2026": 18.0, "gebaeude_nutzung": "Nebengebäude", "qualitaet": "AV93", "bev_pers_n": -999.0, "bev_dichte_pha": -999.0 }, "geometry": { "type": "Point", "coordinates": [ 8.50437621954811, 47.384422509008068 ] } },
{ "type": "Feature", "properties": { "egid_int": 302034209, "strasse": "Werdstrasse", "hausnummer": "21", "plz": 8004.0, "ortschaft": "Zürich", "baujahr": 2013.0, "grundflaeche_m2": 1099.1763595, "gebaeudealter_2026": 13.0, "gebaeude_nutzung": "Gebäude Verwaltung", "qualitaet": "AV93", "bev_pers_n": 63.0, "bev_dichte_pha": 63.0 }, "geometry": { "type": "Point", "coordinates": [ 8.53096802566415, 47.372645796573309 ] } },
{ "type": "Feature", "properties": { "egid_int": 302034210, "strasse": "Stauffacherquai", "hausnummer": "8", "plz": 8004.0, "ortschaft": "Zürich", "baujahr": 2010.0, "grundflaeche_m2": 868.984498, "gebaeudealter_2026": 16.0, "gebaeude_nutzung": "Gebäude Verwaltung", "qualitaet": "AV93", "bev_pers_n": 63.0, "bev_dichte_pha": 63.0 }, "geometry": { "type": "Point", "coordinates": [ 8.530747325335483, 47.372213760403589 ] } },
{ "type": "Feature", "properties": { "egid_int": 302034216, "strasse": "Müllerstrasse", "hausnummer": "45a", "plz": 8004.0, "ortschaft": "Zürich", "baujahr": 2011.0, "grundflaeche_m2": 28.034996, "gebaeudealter_2026": 15.0, "gebaeude_nutzung": "Gebäude Wohnen", "qualitaet": "AV93", "bev_pers_n": 240.0, "bev_dichte_pha": 240.0 }, "geometry": { "type": "Point", "coordinates": [ 8.529332442053418, 47.375111479826003 ] } },
{ "type": "Feature", "properties": { "egid_int": 302034217, "strasse": "Müllerstrasse", "hausnummer": "45", "plz": 8004.0, "ortschaft": "Zürich", "baujahr": 2011.0, "grundflaeche_m2": 203.009924, "gebaeudealter_2026": 15.0, "gebaeude_nutzung": "Gebäude Wohnen", "qualitaet": "AV93", "bev_pers_n": 240.0, "bev_dichte_pha": 240.0 }, "geometry": { "type": "Point", "coordinates": [ 8.529418967267279, 47.375278529785625 ] } },
{ "type": "Feature", "properties": { "egid_int": 302034487, "strasse": "Turbinenstrasse", "hausnummer": "39", "plz": 8005.0, "ortschaft": "Zürich", "baujahr": 2012.0, "grundflaeche_m2": 438.2655545, "gebaeudealter_2026": 14.0, "gebaeude_nutzung": "Gebäude Wohnen", "qualitaet": "AV93", "bev_pers_n": 158.0, "bev_dichte_pha": 158.0 }, "geometry": { "type": "Point", "coordinates": [ 8.514594741236829, 47.386538318323801 ] } },
{ "type": "Feature", "properties": { "egid_int": 302034488, "strasse": "Turbinenstrasse", "hausnummer": "41", "plz": 8005.0, "ortschaft": "Zürich", "baujahr": 2012.0, "grundflaeche_m2": 437.728109, "gebaeudealter_2026": 14.0, "gebaeude_nutzung": "Gebäude Wohnen", "qualitaet": "AV93", "bev_pers_n": 158.0, "bev_dichte_pha": 158.0 }, "geometry": { "type": "Point", "coordinates": [ 8.514428593743675, 47.386351742595778 ] } },
{ "type": "Feature", "properties": { "egid_int": 302034567, "strasse": "Feldstrasse", "hausnummer": "110", "plz": 8004.0, "ortschaft": "Zürich", "baujahr": 2012.0, "grundflaeche_m2": 847.086005, "gebaeudealter_2026": 14.0, "gebaeude_nutzung": "Gebäude Wohnen", "qualitaet": "AV93", "bev_pers_n": 275.0, "bev_dichte_pha": 275.0 }, "geometry": { "type": "Point", "coordinates": [ 8.523683997466179, 47.378999955789787 ] } },
{ "type": "Feature", "properties": { "egid_int": 302034749, "strasse": "Langstrasse", "hausnummer": "151", "plz": 8004.0, "ortschaft": "Zürich", "baujahr": 2013.0, "grundflaeche_m2": 1008.1129366, "gebaeudealter_2026": 13.0, "gebaeude_nutzung": "Gebäude Wohnen", "qualitaet": "AV93", "bev_pers_n": 132.0, "bev_dichte_pha": 132.0 }, "geometry": { "type": "Point", "coordinates": [ 8.528076639637659, 47.380705194062145 ] } },
{ "type": "Feature", "properties": { "egid_int": 302034798, "strasse": "St. Jakobstrasse", "hausnummer": "53a", "plz": 8004.0, "ortschaft": "Zürich", "baujahr": 2010.0, "grundflaeche_m2": 20.579167, "gebaeudealter_2026": 16.0, "gebaeude_nutzung": "Nebengebäude", "qualitaet": "AV93", "bev_pers_n": 128.0, "bev_dichte_pha": 128.0 }, "geometry": { "type": "Point", "coordinates": [ 8.529940996702258, 47.375393782957488 ] } },
{ "type": "Feature", "properties": { "egid_int": 302034831, "strasse": "Eisgasse", "hausnummer": "11", "plz": 8004.0, "ortschaft": "Zürich", "baujahr": 2013.0, "grundflaeche_m2": 3122.250109, "gebaeudealter_2026": 13.0, "gebaeude_nutzung": "Gebäude Wohnen", "qualitaet": "AV93", "bev_pers_n": 4.0, "bev_dichte_pha": 4.0 }, "geometry": { "type": "Point", "coordinates": [ 8.532395414670896, 47.378525032495062 ] } },
{ "type": "Feature", "properties": { "egid_int": 302040608, "strasse": null, "hausnummer": null, "plz": null, "ortschaft": null, "baujahr": 1858.0, "grundflaeche_m2": 55.5616245, "gebaeudealter_2026": 168.0, "gebaeude_nutzung": "Gebäude Wohnen", "qualitaet": "AV93", "bev_pers_n": 113.0, "bev_dichte_pha": 113.0 }, "geometry": { "type": "Point", "coordinates": [ 8.532412153923712, 47.372850919313983 ] } },
{ "type": "Feature", "properties": { "egid_int": 302040625, "strasse": "Gessnerallee", "hausnummer": "9", "plz": 8001.0, "ortschaft": "Zürich", "baujahr": 1866.0, "grundflaeche_m2": 853.7235255000001, "gebaeudealter_2026": 160.0, "gebaeude_nutzung": "Gebäude Verwaltung", "qualitaet": "AV93", "bev_pers_n": 42.0, "bev_dichte_pha": 42.0 }, "geometry": { "type": "Point", "coordinates": [ 8.533378424537059, 47.374092241874465 ] } },
{ "type": "Feature", "properties": { "egid_int": 302040627, "strasse": null, "hausnummer": null, "plz": null, "ortschaft": null, "baujahr": 1866.0, "grundflaeche_m2": 1191.377189, "gebaeudealter_2026": 160.0, "gebaeude_nutzung": "Gebäude Verwaltung", "qualitaet": "AV93", "bev_pers_n": 57.0, "bev_dichte_pha": 57.0 }, "geometry": { "type": "Point", "coordinates": [ 8.5345561678701, 47.375295812505669 ] } },
{ "type": "Feature", "properties": { "egid_int": 302048491, "strasse": "Hohlstrasse", "hausnummer": "352", "plz": 8004.0, "ortschaft": "Zürich", "baujahr": 1987.0, "grundflaeche_m2": 124.329023, "gebaeudealter_2026": 39.0, "gebaeude_nutzung": "Gebäude Verkehrswesen", "qualitaet": "AV93", "bev_pers_n": 66.0, "bev_dichte_pha": 66.0 }, "geometry": { "type": "Point", "coordinates": [ 8.510370610189115, 47.38532583419164 ] } },
{ "type": "Feature", "properties": { "egid_int": 302048496, "strasse": "Müllerstrasse", "hausnummer": "20", "plz": 8004.0, "ortschaft": "Zürich", "baujahr": 1981.0, "grundflaeche_m2": 1449.925853, "gebaeudealter_2026": 45.0, "gebaeude_nutzung": "Gebäude Verwaltung", "qualitaet": "AV93", "bev_pers_n": 201.0, "bev_dichte_pha": 201.0 }, "geometry": { "type": "Point", "coordinates": [ 8.530729222996372, 47.374626956067758 ] } },
{ "type": "Feature", "properties": { "egid_int": 302048507, "strasse": "Schöneggstrasse", "hausnummer": "19", "plz": 8004.0, "ortschaft": "Zürich", "baujahr": 1985.0, "grundflaeche_m2": 303.83165, "gebaeudealter_2026": 41.0, "gebaeude_nutzung": "Gebäude Wohnen", "qualitaet": "AV93", "bev_pers_n": 422.0, "bev_dichte_pha": 422.0 }, "geometry": { "type": "Point", "coordinates": [ 8.526520325139188, 47.380108570860372 ] } },
{ "type": "Feature", "properties": { "egid_int": 302048555, "strasse": null, "hausnummer": null, "plz": null, "ortschaft": null, "baujahr": 1974.0, "grundflaeche_m2": 38.470039, "gebaeudealter_2026": 52.0, "gebaeude_nutzung": "Nebengebäude", "qualitaet": "AV93", "bev_pers_n": 72.0, "bev_dichte_pha": 72.0 }, "geometry": { "type": "Point", "coordinates": [ 8.510858876968561, 47.386711976780887 ] } },
{ "type": "Feature", "properties": { "egid_int": 302048733, "strasse": "Langstrasse", "hausnummer": "88", "plz": 8004.0, "ortschaft": "Zürich", "baujahr": 1886.0, "grundflaeche_m2": 178.123705, "gebaeudealter_2026": 140.0, "gebaeude_nutzung": "Gebäude Wohnen", "qualitaet": "AV93", "bev_pers_n": 204.0, "bev_dichte_pha": 204.0 }, "geometry": { "type": "Point", "coordinates": [ 8.526897678674427, 47.378037104328214 ] } },
{ "type": "Feature", "properties": { "egid_int": 302048777, "strasse": "Weberstrasse", "hausnummer": "17", "plz": 8004.0, "ortschaft": "Zürich", "baujahr": 1895.0, "grundflaeche_m2": 131.3564155, "gebaeudealter_2026": 131.0, "gebaeude_nutzung": "Gebäude Wohnen", "qualitaet": "AV93", "bev_pers_n": 187.0, "bev_dichte_pha": 187.0 }, "geometry": { "type": "Point", "coordinates": [ 8.527845214394393, 47.371032496712196 ] } },
{ "type": "Feature", "properties": { "egid_int": 302048841, "strasse": "Elisabethenstrasse", "hausnummer": "8a", "plz": 8004.0, "ortschaft": "Zürich", "baujahr": 1906.0, "grundflaeche_m2": 97.1876575, "gebaeudealter_2026": 120.0, "gebaeude_nutzung": "Gebäude Verwaltung", "qualitaet": "AV93", "bev_pers_n": 187.0, "bev_dichte_pha": 187.0 }, "geometry": { "type": "Point", "coordinates": [ 8.523199016466323, 47.373029714597294 ] } },
{ "type": "Feature", "properties": { "egid_int": 302048883, "strasse": "Herdernstrasse", "hausnummer": "65", "plz": 8004.0, "ortschaft": "Zürich", "baujahr": 1909.0, "grundflaeche_m2": 6114.2272855000001, "gebaeudealter_2026": 117.0, "gebaeude_nutzung": "Gebäude Industrie", "qualitaet": "AV93", "bev_pers_n": -999.0, "bev_dichte_pha": -999.0 }, "geometry": { "type": "Point", "coordinates": [ 8.506031240521958, 47.384631216677164 ] } },
{ "type": "Feature", "properties": { "egid_int": 302048975, "strasse": "Bullingerstrasse", "hausnummer": "38", "plz": 8004.0, "ortschaft": "Zürich", "baujahr": 1964.0, "grundflaeche_m2": 989.628877, "gebaeudealter_2026": 62.0, "gebaeude_nutzung": "Gebäude Verwaltung", "qualitaet": "AV93", "bev_pers_n": 321.0, "bev_dichte_pha": 321.0 }, "geometry": { "type": "Point", "coordinates": [ 8.511208071169291, 47.381318862860397 ] } },
{ "type": "Feature", "properties": { "egid_int": 302049155, "strasse": "Herman-Greulich-Strasse", "hausnummer": "58", "plz": 8004.0, "ortschaft": "Zürich", "baujahr": 1939.0, "grundflaeche_m2": 257.320722, "gebaeudealter_2026": 87.0, "gebaeude_nutzung": "Gebäude Wohnen", "qualitaet": "AV93", "bev_pers_n": 244.0, "bev_dichte_pha": 244.0 }, "geometry": { "type": "Point", "coordinates": [ 8.520913048123193, 47.378540195505323 ] } },
{ "type": "Feature", "properties": { "egid_int": 302049192, "strasse": "Hohlstrasse", "hausnummer": "283", "plz": 8004.0, "ortschaft": "Zürich", "baujahr": 1993.0, "grundflaeche_m2": 765.295423, "gebaeudealter_2026": 33.0, "gebaeude_nutzung": "Gebäude Wohnen", "qualitaet": "AV93", "bev_pers_n": 141.0, "bev_dichte_pha": 141.0 }, "geometry": { "type": "Point", "coordinates": [ 8.512372915167076, 47.383475010307301 ] } },
{ "type": "Feature", "properties": { "egid_int": 302049194, "strasse": "Badenerstrasse", "hausnummer": "382a", "plz": 8004.0, "ortschaft": "Zürich", "baujahr": 1929.0, "grundflaeche_m2": 201.0065165, "gebaeudealter_2026": 97.0, "gebaeude_nutzung": "Gebäude Industrie", "qualitaet": "AV93", "bev_pers_n": 234.0, "bev_dichte_pha": 234.0 }, "geometry": { "type": "Point", "coordinates": [ 8.508082896578911, 47.379586725160529 ] } },
{ "type": "Feature", "properties": { "egid_int": 302060257, "strasse": "Hardstrasse", "hausnummer": "17", "plz": 8004.0, "ortschaft": "Zürich", "baujahr": 2011.0, "grundflaeche_m2": 11.145877, "gebaeudealter_2026": 15.0, "gebaeude_nutzung": "Nebengebäude", "qualitaet": "AV93", "bev_pers_n": 150.0, "bev_dichte_pha": 150.0 }, "geometry": { "type": "Point", "coordinates": [ 8.509961825884808, 47.379717510004262 ] } },
{ "type": "Feature", "properties": { "egid_int": 302060451, "strasse": "Turbinenstrasse", "hausnummer": "50", "plz": 8005.0, "ortschaft": "Zürich", "baujahr": 2013.0, "grundflaeche_m2": 308.5646855, "gebaeudealter_2026": 13.0, "gebaeude_nutzung": "Gebäude Wohnen", "qualitaet": "AV93", "bev_pers_n": 72.0, "bev_dichte_pha": 72.0 }, "geometry": { "type": "Point", "coordinates": [ 8.51403524933332, 47.386685703259062 ] } },
{ "type": "Feature", "properties": { "egid_int": 302060452, "strasse": "Turbinenstrasse", "hausnummer": "52", "plz": 8005.0, "ortschaft": "Zürich", "baujahr": 2013.0, "grundflaeche_m2": 237.7926, "gebaeudealter_2026": 13.0, "gebaeude_nutzung": "Gebäude Wohnen", "qualitaet": "AV93", "bev_pers_n": 72.0, "bev_dichte_pha": 72.0 }, "geometry": { "type": "Point", "coordinates": [ 8.513773888020255, 47.386734217338621 ] } },
{ "type": "Feature", "properties": { "egid_int": 302060453, "strasse": "Turbinenstrasse", "hausnummer": "54", "plz": 8005.0, "ortschaft": "Zürich", "baujahr": 2013.0, "grundflaeche_m2": 248.325477, "gebaeudealter_2026": 13.0, "gebaeude_nutzung": "Gebäude Wohnen", "qualitaet": "AV93", "bev_pers_n": 72.0, "bev_dichte_pha": 72.0 }, "geometry": { "type": "Point", "coordinates": [ 8.513537395192724, 47.386782490470409 ] } },
{ "type": "Feature", "properties": { "egid_int": 302060454, "strasse": "Turbinenstrasse", "hausnummer": "56", "plz": 8005.0, "ortschaft": "Zürich", "baujahr": 2013.0, "grundflaeche_m2": 236.5848645, "gebaeudealter_2026": 13.0, "gebaeude_nutzung": "Gebäude Wohnen", "qualitaet": "AV93", "bev_pers_n": 72.0, "bev_dichte_pha": 72.0 }, "geometry": { "type": "Point", "coordinates": [ 8.513397827475735, 47.386926630462597 ] } },
{ "type": "Feature", "properties": { "egid_int": 302060538, "strasse": null, "hausnummer": null, "plz": null, "ortschaft": null, "baujahr": 2015.0, "grundflaeche_m2": 776.600732, "gebaeudealter_2026": 11.0, "gebaeude_nutzung": "Gebäude Wohnen", "qualitaet": "AV93", "bev_pers_n": 158.0, "bev_dichte_pha": 158.0 }, "geometry": { "type": "Point", "coordinates": [ 8.515603289238268, 47.386449063595485 ] } },
{ "type": "Feature", "properties": { "egid_int": 302060575, "strasse": "Dienerstrasse", "hausnummer": "28b", "plz": 8004.0, "ortschaft": "Zürich", "baujahr": 1895.0, "grundflaeche_m2": 28.074599, "gebaeudealter_2026": 131.0, "gebaeude_nutzung": "Gebäude Verwaltung", "qualitaet": "AV93", "bev_pers_n": 260.0, "bev_dichte_pha": 260.0 }, "geometry": { "type": "Point", "coordinates": [ 8.527641702642153, 47.37844653946523 ] } },
{ "type": "Feature", "properties": { "egid_int": 302060621, "strasse": "Bäckerstrasse", "hausnummer": "22", "plz": 8004.0, "ortschaft": "Zürich", "baujahr": 1896.0, "grundflaeche_m2": 152.933688, "gebaeudealter_2026": 130.0, "gebaeude_nutzung": "Gebäude Wohnen", "qualitaet": "AV93", "bev_pers_n": 201.0, "bev_dichte_pha": 201.0 }, "geometry": { "type": "Point", "coordinates": [ 8.529697888668171, 47.374532880377274 ] } },
{ "type": "Feature", "properties": { "egid_int": 302060629, "strasse": "Kalkbreitestrasse", "hausnummer": "8", "plz": 8003.0, "ortschaft": "Zürich", "baujahr": 2014.0, "grundflaeche_m2": 5565.2113965, "gebaeudealter_2026": 12.0, "gebaeude_nutzung": "Gebäude Wohnen", "qualitaet": "AV93", "bev_pers_n": 93.0, "bev_dichte_pha": 93.0 }, "geometry": { "type": "Point", "coordinates": [ 8.52087180471125, 47.374246588141041 ] } },
{ "type": "Feature", "properties": { "egid_int": 302060848, "strasse": null, "hausnummer": null, "plz": null, "ortschaft": null, "baujahr": 2010.0, "grundflaeche_m2": 14.5058015, "gebaeudealter_2026": 16.0, "gebaeude_nutzung": "Nebengebäude", "qualitaet": "AV93", "bev_pers_n": 300.0, "bev_dichte_pha": 300.0 }, "geometry": { "type": "Point", "coordinates": [ 8.497807898887011, 47.388694461058464 ] } },
{ "type": "Feature", "properties": { "egid_int": 302060850, "strasse": null, "hausnummer": null, "plz": null, "ortschaft": null, "baujahr": 1952.0, "grundflaeche_m2": 72.865769, "gebaeudealter_2026": 74.0, "gebaeude_nutzung": "Nebengebäude", "qualitaet": "AV93", "bev_pers_n": 300.0, "bev_dichte_pha": 300.0 }, "geometry": { "type": "Point", "coordinates": [ 8.497826406705078, 47.388765307211166 ] } },
{ "type": "Feature", "properties": { "egid_int": 302060860, "strasse": "Freyastrasse", "hausnummer": "18", "plz": 8004.0, "ortschaft": "Zürich", "baujahr": 2013.0, "grundflaeche_m2": 140.424587, "gebaeudealter_2026": 13.0, "gebaeude_nutzung": "Gebäude Wohnen", "qualitaet": "AV93", "bev_pers_n": 78.0, "bev_dichte_pha": 78.0 }, "geometry": { "type": "Point", "coordinates": [ 8.524188962963292, 47.372278884480174 ] } },
{ "type": "Feature", "properties": { "egid_int": 302060864, "strasse": "Wydenstrasse", "hausnummer": "4", "plz": 8004.0, "ortschaft": "Zürich", "baujahr": 2014.0, "grundflaeche_m2": 415.4255125, "gebaeudealter_2026": 12.0, "gebaeude_nutzung": "Gebäude Wohnen", "qualitaet": "AV93", "bev_pers_n": 211.0, "bev_dichte_pha": 211.0 }, "geometry": { "type": "Point", "coordinates": [ 8.52172720286438, 47.379003539588076 ] } },
{ "type": "Feature", "properties": { "egid_int": 302060865, "strasse": "Wydenstrasse", "hausnummer": "3", "plz": 8004.0, "ortschaft": "Zürich", "baujahr": 2014.0, "grundflaeche_m2": 241.790791, "gebaeudealter_2026": 12.0, "gebaeude_nutzung": "Gebäude Wohnen", "qualitaet": "AV93", "bev_pers_n": 211.0, "bev_dichte_pha": 211.0 }, "geometry": { "type": "Point", "coordinates": [ 8.521494815243907, 47.378828163852269 ] } },
{ "type": "Feature", "properties": { "egid_int": 302060866, "strasse": "Wydenstrasse", "hausnummer": "5", "plz": 8004.0, "ortschaft": "Zürich", "baujahr": 2014.0, "grundflaeche_m2": 240.9877615, "gebaeudealter_2026": 12.0, "gebaeude_nutzung": "Gebäude Wohnen", "qualitaet": "AV93", "bev_pers_n": 211.0, "bev_dichte_pha": 211.0 }, "geometry": { "type": "Point", "coordinates": [ 8.521271827002138, 47.37892572783683 ] } },
{ "type": "Feature", "properties": { "egid_int": 302060867, "strasse": "Herman-Greulich-Strasse", "hausnummer": "66", "plz": 8004.0, "ortschaft": "Zürich", "baujahr": 2014.0, "grundflaeche_m2": 459.1750015, "gebaeudealter_2026": 12.0, "gebaeude_nutzung": "Gebäude Wohnen", "qualitaet": "AV93", "bev_pers_n": 211.0, "bev_dichte_pha": 211.0 }, "geometry": { "type": "Point", "coordinates": [ 8.520901372122903, 47.378889962407115 ] } },
{ "type": "Feature", "properties": { "egid_int": 302060897, "strasse": null, "hausnummer": null, "plz": null, "ortschaft": null, "baujahr": 2014.0, "grundflaeche_m2": 1034.176635, "gebaeudealter_2026": 12.0, "gebaeude_nutzung": "Gebäude Wohnen", "qualitaet": "AV93", "bev_pers_n": 72.0, "bev_dichte_pha": 72.0 }, "geometry": { "type": "Point", "coordinates": [ 8.51290409532985, 47.387105195663707 ] } },
{ "type": "Feature", "properties": { "egid_int": 302060970, "strasse": "Grüngasse", "hausnummer": "9", "plz": 8004.0, "ortschaft": "Zürich", "baujahr": 2016.0, "grundflaeche_m2": 266.235479, "gebaeudealter_2026": 10.0, "gebaeude_nutzung": "Gebäude Wohnen", "qualitaet": "AV93", "bev_pers_n": 215.0, "bev_dichte_pha": 215.0 }, "geometry": { "type": "Point", "coordinates": [ 8.525593330235983, 47.37291261578622 ] } },
{ "type": "Feature", "properties": { "egid_int": 302060971, "strasse": "Grüngasse", "hausnummer": "13", "plz": 8004.0, "ortschaft": "Zürich", "baujahr": 2016.0, "grundflaeche_m2": 395.551366, "gebaeudealter_2026": 10.0, "gebaeude_nutzung": "Gebäude Wohnen", "qualitaet": "AV93", "bev_pers_n": 215.0, "bev_dichte_pha": 215.0 }, "geometry": { "type": "Point", "coordinates": [ 8.525377609026057, 47.373104604559991 ] } },
{ "type": "Feature", "properties": { "egid_int": 302060973, "strasse": "Gartenhofstrasse", "hausnummer": "24", "plz": 8004.0, "ortschaft": "Zürich", "baujahr": 2016.0, "grundflaeche_m2": 238.468871, "gebaeudealter_2026": 10.0, "gebaeude_nutzung": "Gebäude Wohnen", "qualitaet": "AV93", "bev_pers_n": 215.0, "bev_dichte_pha": 215.0 }, "geometry": { "type": "Point", "coordinates": [ 8.525248405757301, 47.372851617915487 ] } },
{ "type": "Feature", "properties": { "egid_int": 302060974, "strasse": "Gartenhofstrasse", "hausnummer": "28", "plz": 8004.0, "ortschaft": "Zürich", "baujahr": 2016.0, "grundflaeche_m2": 281.9536235, "gebaeudealter_2026": 10.0, "gebaeude_nutzung": "Gebäude Wohnen", "qualitaet": "AV93", "bev_pers_n": 215.0, "bev_dichte_pha": 215.0 }, "geometry": { "type": "Point", "coordinates": [ 8.525097956808446, 47.373003629460165 ] } },
{ "type": "Feature", "properties": { "egid_int": 302061208, "strasse": "Neufrankengasse", "hausnummer": "18", "plz": 8004.0, "ortschaft": "Zürich", "baujahr": 2014.0, "grundflaeche_m2": 286.27888109499997, "gebaeudealter_2026": 12.0, "gebaeude_nutzung": "Gebäude Wohnen", "qualitaet": "AV93", "bev_pers_n": 132.0, "bev_dichte_pha": 132.0 }, "geometry": { "type": "Point", "coordinates": [ 8.527164188138713, 47.380702740190749 ] } },
{ "type": "Feature", "properties": { "egid_int": 302061216, "strasse": "Hardstrasse", "hausnummer": "197", "plz": 8005.0, "ortschaft": "Zürich", "baujahr": 2011.0, "grundflaeche_m2": 5.740523, "gebaeudealter_2026": 15.0, "gebaeude_nutzung": "Gebäude Verkehrswesen", "qualitaet": "AV93", "bev_pers_n": 158.0, "bev_dichte_pha": 158.0 }, "geometry": { "type": "Point", "coordinates": [ 8.51601693404479, 47.385521943996039 ] } },
{ "type": "Feature", "properties": { "egid_int": 302061322, "strasse": "Geroldstrasse", "hausnummer": "23a", "plz": 8005.0, "ortschaft": "Zürich", "baujahr": 2012.0, "grundflaeche_m2": 299.918429, "gebaeudealter_2026": 14.0, "gebaeude_nutzung": "Gebäude Gastgewerbe", "qualitaet": "AV93", "bev_pers_n": 158.0, "bev_dichte_pha": 158.0 }, "geometry": { "type": "Point", "coordinates": [ 8.519197847173317, 47.385124771220852 ] } },
{ "type": "Feature", "properties": { "egid_int": 302061533, "strasse": "Hardstrasse", "hausnummer": "98a", "plz": 8004.0, "ortschaft": "Zürich", "baujahr": 2011.0, "grundflaeche_m2": 7.729195, "gebaeudealter_2026": 15.0, "gebaeude_nutzung": "Nebengebäude", "qualitaet": "AV93", "bev_pers_n": 288.0, "bev_dichte_pha": 288.0 }, "geometry": { "type": "Point", "coordinates": [ 8.514707583966425, 47.381874562469505 ] } },
{ "type": "Feature", "properties": { "egid_int": 302061641, "strasse": "Dienerstrasse", "hausnummer": "59", "plz": 8004.0, "ortschaft": "Zürich", "baujahr": 2015.0, "grundflaeche_m2": 443.9377095, "gebaeudealter_2026": 11.0, "gebaeude_nutzung": "Gebäude Wohnen", "qualitaet": "AV93", "bev_pers_n": 233.0, "bev_dichte_pha": 233.0 }, "geometry": { "type": "Point", "coordinates": [ 8.526126218003224, 47.378805193649519 ] } },
{ "type": "Feature", "properties": { "egid_int": 302061642, "strasse": "Brauerstrasse", "hausnummer": "58", "plz": 8004.0, "ortschaft": "Zürich", "baujahr": 2015.0, "grundflaeche_m2": 389.253295, "gebaeudealter_2026": 11.0, "gebaeude_nutzung": "Gebäude Wohnen", "qualitaet": "AV93", "bev_pers_n": 204.0, "bev_dichte_pha": 204.0 }, "geometry": { "type": "Point", "coordinates": [ 8.525860688264022, 47.378576842540049 ] } },
{ "type": "Feature", "properties": { "egid_int": 302061643, "strasse": "Brauerstrasse", "hausnummer": "60", "plz": 8004.0, "ortschaft": "Zürich", "baujahr": 2015.0, "grundflaeche_m2": 216.9491975, "gebaeudealter_2026": 11.0, "gebaeude_nutzung": "Gebäude Wohnen", "qualitaet": "AV93", "bev_pers_n": 233.0, "bev_dichte_pha": 233.0 }, "geometry": { "type": "Point", "coordinates": [ 8.525859846799669, 47.378719962622405 ] } },
{ "type": "Feature", "properties": { "egid_int": 302061668, "strasse": "Norastrasse", "hausnummer": "20a", "plz": 8004.0, "ortschaft": "Zürich", "baujahr": 2011.0, "grundflaeche_m2": 5.075338, "gebaeudealter_2026": 15.0, "gebaeude_nutzung": "Nebengebäude", "qualitaet": "AV93", "bev_pers_n": 109.0, "bev_dichte_pha": 109.0 }, "geometry": { "type": "Point", "coordinates": [ 8.508067978107336, 47.379823325844995 ] } },
{ "type": "Feature", "properties": { "egid_int": 302061671, "strasse": "Norastrasse", "hausnummer": "20b", "plz": 8004.0, "ortschaft": "Zürich", "baujahr": 2011.0, "grundflaeche_m2": 13.3314085, "gebaeudealter_2026": 15.0, "gebaeude_nutzung": "Nebengebäude", "qualitaet": "AV93", "bev_pers_n": 275.0, "bev_dichte_pha": 275.0 }, "geometry": { "type": "Point", "coordinates": [ 8.50918157723542, 47.380344854703303 ] } },
{ "type": "Feature", "properties": { "egid_int": 302061772, "strasse": "Schöneggstrasse", "hausnummer": "31", "plz": 8004.0, "ortschaft": "Zürich", "baujahr": 2015.0, "grundflaeche_m2": 121.9203285, "gebaeudealter_2026": 11.0, "gebaeude_nutzung": "Gebäude Wohnen", "qualitaet": "AV93", "bev_pers_n": 76.0, "bev_dichte_pha": 76.0 }, "geometry": { "type": "Point", "coordinates": [ 8.525776373193214, 47.380483114129945 ] } },
{ "type": "Feature", "properties": { "egid_int": 302061777, "strasse": "Militärstrasse", "hausnummer": "45", "plz": 8004.0, "ortschaft": "Zürich", "baujahr": 2011.0, "grundflaeche_m2": 6.1522985, "gebaeudealter_2026": 15.0, "gebaeude_nutzung": "Gebäude Verwaltung", "qualitaet": "AV93", "bev_pers_n": 4.0, "bev_dichte_pha": 4.0 }, "geometry": { "type": "Point", "coordinates": [ 8.531529228927905, 47.377425904342203 ] } },
{ "type": "Feature", "properties": { "egid_int": 302061790, "strasse": null, "hausnummer": null, "plz": null, "ortschaft": null, "baujahr": 2011.0, "grundflaeche_m2": 8.407184, "gebaeudealter_2026": 15.0, "gebaeude_nutzung": "Gebäude Verkehrswesen", "qualitaet": "AV93", "bev_pers_n": 13.0, "bev_dichte_pha": 13.0 }, "geometry": { "type": "Point", "coordinates": [ 8.53600755035275, 47.378262947232933 ] } },
{ "type": "Feature", "properties": { "egid_int": 302061806, "strasse": "Hohlstrasse", "hausnummer": "105", "plz": 8004.0, "ortschaft": "Zürich", "baujahr": 2012.0, "grundflaeche_m2": 15.301305, "gebaeudealter_2026": 14.0, "gebaeude_nutzung": "Nebengebäude", "qualitaet": "AV93", "bev_pers_n": 197.0, "bev_dichte_pha": 197.0 }, "geometry": { "type": "Point", "coordinates": [ 8.52241748196756, 47.378943212057585 ] } },
{ "type": "Feature", "properties": { "egid_int": 302061820, "strasse": "Elisabethenstrasse", "hausnummer": "4", "plz": 8004.0, "ortschaft": "Zürich", "baujahr": 2016.0, "grundflaeche_m2": 58.1577145, "gebaeudealter_2026": 10.0, "gebaeude_nutzung": "Gebäude Wohnen", "qualitaet": "AV93", "bev_pers_n": 187.0, "bev_dichte_pha": 187.0 }, "geometry": { "type": "Point", "coordinates": [ 8.523258445633394, 47.372677735247997 ] } },
{ "type": "Feature", "properties": { "egid_int": 302061856, "strasse": "Brauerstrasse", "hausnummer": "37", "plz": 8004.0, "ortschaft": "Zürich", "baujahr": 2017.0, "grundflaeche_m2": 416.396399, "gebaeudealter_2026": 9.0, "gebaeude_nutzung": "Gebäude Wohnen", "qualitaet": "AV93", "bev_pers_n": 204.0, "bev_dichte_pha": 204.0 }, "geometry": { "type": "Point", "coordinates": [ 8.526819073608449, 47.377771994295443 ] } },
{ "type": "Feature", "properties": { "egid_int": 302061864, "strasse": "Badenerstrasse", "hausnummer": "428", "plz": 8004.0, "ortschaft": "Zürich", "baujahr": 2012.0, "grundflaeche_m2": 11.4478245, "gebaeudealter_2026": 14.0, "gebaeude_nutzung": "Nebengebäude", "qualitaet": "AV93", "bev_pers_n": 81.0, "bev_dichte_pha": 81.0 }, "geometry": { "type": "Point", "coordinates": [ 8.5060722623601, 47.380779078682423 ] } },
{ "type": "Feature", "properties": { "egid_int": 302061975, "strasse": "Hohlstrasse", "hausnummer": "72a", "plz": 8004.0, "ortschaft": "Zürich", "baujahr": 2012.0, "grundflaeche_m2": 10.2920385, "gebaeudealter_2026": 14.0, "gebaeude_nutzung": "Nebengebäude", "qualitaet": "AV93", "bev_pers_n": 153.0, "bev_dichte_pha": 153.0 }, "geometry": { "type": "Point", "coordinates": [ 8.524515535338832, 47.378418263783729 ] } },
{ "type": "Feature", "properties": { "egid_int": 302061992, "strasse": "Pflanzschulstrasse", "hausnummer": "98", "plz": 8004.0, "ortschaft": "Zürich", "baujahr": 1894.0, "grundflaeche_m2": 13.529673, "gebaeudealter_2026": 132.0, "gebaeude_nutzung": "Nebengebäude", "qualitaet": "AV93", "bev_pers_n": 197.0, "bev_dichte_pha": 197.0 }, "geometry": { "type": "Point", "coordinates": [ 8.522268106573614, 47.378779301369086 ] } },
{ "type": "Feature", "properties": { "egid_int": 302062010, "strasse": "Hohlstrasse", "hausnummer": "326", "plz": 8004.0, "ortschaft": "Zürich", "baujahr": 2013.0, "grundflaeche_m2": 12.957111, "gebaeudealter_2026": 13.0, "gebaeude_nutzung": "Nebengebäude", "qualitaet": "AV93", "bev_pers_n": 141.0, "bev_dichte_pha": 141.0 }, "geometry": { "type": "Point", "coordinates": [ 8.512636975515427, 47.384042222841309 ] } },
{ "type": "Feature", "properties": { "egid_int": 302062316, "strasse": "Herdernstrasse", "hausnummer": "70", "plz": 8004.0, "ortschaft": "Zürich", "baujahr": 2016.0, "grundflaeche_m2": 324.322046, "gebaeudealter_2026": 10.0, "gebaeude_nutzung": "Gebäude Wohnen", "qualitaet": "AV93", "bev_pers_n": 163.0, "bev_dichte_pha": 163.0 }, "geometry": { "type": "Point", "coordinates": [ 8.507140101661324, 47.383786818816063 ] } },
{ "type": "Feature", "properties": { "egid_int": 302062350, "strasse": "Schöntalstrasse", "hausnummer": "29", "plz": 8004.0, "ortschaft": "Zürich", "baujahr": 2017.0, "grundflaeche_m2": 197.2696635, "gebaeudealter_2026": 9.0, "gebaeude_nutzung": "Gebäude Wohnen", "qualitaet": "AV93", "bev_pers_n": 276.0, "bev_dichte_pha": 276.0 }, "geometry": { "type": "Point", "coordinates": [ 8.525929961628643, 47.370989572771585 ] } },
{ "type": "Feature", "properties": { "egid_int": 302062400, "strasse": "Hohlstrasse", "hausnummer": "256", "plz": 8004.0, "ortschaft": "Zürich", "baujahr": 1897.0, "grundflaeche_m2": 1285.8035505, "gebaeudealter_2026": 129.0, "gebaeude_nutzung": "Gebäude Verkehrswesen", "qualitaet": "AV93", "bev_pers_n": 28.0, "bev_dichte_pha": 28.0 }, "geometry": { "type": "Point", "coordinates": [ 8.516483327603758, 47.383212344569927 ] } },
{ "type": "Feature", "properties": { "egid_int": 302062448, "strasse": "Badenerstrasse", "hausnummer": "60", "plz": 8004.0, "ortschaft": "Zürich", "baujahr": 2016.0, "grundflaeche_m2": 519.1683285, "gebaeudealter_2026": 10.0, "gebaeude_nutzung": "Gebäude Wohnen", "qualitaet": "AV93", "bev_pers_n": 186.0, "bev_dichte_pha": 186.0 }, "geometry": { "type": "Point", "coordinates": [ 8.527648644000783, 47.373484596105648 ] } },
{ "type": "Feature", "properties": { "egid_int": 302062538, "strasse": "Hohlstrasse", "hausnummer": "104", "plz": 8004.0, "ortschaft": "Zürich", "baujahr": 2017.0, "grundflaeche_m2": 457.222964, "gebaeudealter_2026": 9.0, "gebaeude_nutzung": "Gebäude Wohnen", "qualitaet": "AV93", "bev_pers_n": 197.0, "bev_dichte_pha": 197.0 }, "geometry": { "type": "Point", "coordinates": [ 8.522705945862558, 47.379153194618027 ] } },
{ "type": "Feature", "properties": { "egid_int": 302062539, "strasse": "Hohlstrasse", "hausnummer": "100a", "plz": 8004.0, "ortschaft": "Zürich", "baujahr": 2017.0, "grundflaeche_m2": 29.784398, "gebaeudealter_2026": 9.0, "gebaeude_nutzung": "Gebäude Industrie", "qualitaet": "AV93", "bev_pers_n": 197.0, "bev_dichte_pha": 197.0 }, "geometry": { "type": "Point", "coordinates": [ 8.523001634899723, 47.379208527828531 ] } },
{ "type": "Feature", "properties": { "egid_int": 302062563, "strasse": "Hohlstrasse", "hausnummer": "258", "plz": 8004.0, "ortschaft": "Zürich", "baujahr": 1897.0, "grundflaeche_m2": 1580.440434, "gebaeudealter_2026": 129.0, "gebaeude_nutzung": "Gebäude Verkehrswesen", "qualitaet": "AV93", "bev_pers_n": 28.0, "bev_dichte_pha": 28.0 }, "geometry": { "type": "Point", "coordinates": [ 8.516121198079475, 47.383498608717005 ] } },
{ "type": "Feature", "properties": { "egid_int": 302062739, "strasse": "Ernastrasse", "hausnummer": "28", "plz": 8004.0, "ortschaft": "Zürich", "baujahr": 2017.0, "grundflaeche_m2": 375.0503945, "gebaeudealter_2026": 9.0, "gebaeude_nutzung": "Gebäude Wohnen", "qualitaet": "AV93", "bev_pers_n": 265.0, "bev_dichte_pha": 265.0 }, "geometry": { "type": "Point", "coordinates": [ 8.516141045725654, 47.381183404284762 ] } },
{ "type": "Feature", "properties": { "egid_int": 302062740, "strasse": "Hohlstrasse", "hausnummer": "209", "plz": 8004.0, "ortschaft": "Zürich", "baujahr": 2017.0, "grundflaeche_m2": 263.273004, "gebaeudealter_2026": 9.0, "gebaeude_nutzung": "Gebäude Wohnen", "qualitaet": "AV93", "bev_pers_n": 265.0, "bev_dichte_pha": 265.0 }, "geometry": { "type": "Point", "coordinates": [ 8.516363739100159, 47.381315929506485 ] } },
{ "type": "Feature", "properties": { "egid_int": 302062741, "strasse": "Hohlstrasse", "hausnummer": "207", "plz": 8004.0, "ortschaft": "Zürich", "baujahr": 2017.0, "grundflaeche_m2": 328.7172115, "gebaeudealter_2026": 9.0, "gebaeude_nutzung": "Gebäude Wohnen", "qualitaet": "AV93", "bev_pers_n": 137.0, "bev_dichte_pha": 137.0 }, "geometry": { "type": "Point", "coordinates": [ 8.516743815803887, 47.381503915604611 ] } },
{ "type": "Feature", "properties": { "egid_int": 302062742, "strasse": "Hohlstrasse", "hausnummer": "211", "plz": 8004.0, "ortschaft": "Zürich", "baujahr": 2017.0, "grundflaeche_m2": 201.0554055, "gebaeudealter_2026": 9.0, "gebaeude_nutzung": "Gebäude Wohnen", "qualitaet": "AV93", "bev_pers_n": 186.0, "bev_dichte_pha": 186.0 }, "geometry": { "type": "Point", "coordinates": [ 8.516568542728779, 47.381600422281245 ] } },
{ "type": "Feature", "properties": { "egid_int": 302062743, "strasse": "Ernastrasse", "hausnummer": "32", "plz": 8004.0, "ortschaft": "Zürich", "baujahr": 2017.0, "grundflaeche_m2": 345.475901, "gebaeudealter_2026": 9.0, "gebaeude_nutzung": "Gebäude Wohnen", "qualitaet": "AV93", "bev_pers_n": 186.0, "bev_dichte_pha": 186.0 }, "geometry": { "type": "Point", "coordinates": [ 8.516238166837786, 47.381496175019443 ] } },
{ "type": "Feature", "properties": { "egid_int": 302062744, "strasse": "Ernastrasse", "hausnummer": "30", "plz": 8004.0, "ortschaft": "Zürich", "baujahr": 2017.0, "grundflaeche_m2": 283.135269, "gebaeudealter_2026": 9.0, "gebaeude_nutzung": "Gebäude Wohnen", "qualitaet": "AV93", "bev_pers_n": 265.0, "bev_dichte_pha": 265.0 }, "geometry": { "type": "Point", "coordinates": [ 8.515916270816437, 47.381350785186768 ] } },
{ "type": "Feature", "properties": { "egid_int": 302063029, "strasse": "Badenerstrasse", "hausnummer": "44a", "plz": 8004.0, "ortschaft": "Zürich", "baujahr": 1897.0, "grundflaeche_m2": 9.931558, "gebaeudealter_2026": 129.0, "gebaeude_nutzung": "Gebäude Wohnen", "qualitaet": "AV93", "bev_pers_n": 65.0, "bev_dichte_pha": 65.0 }, "geometry": { "type": "Point", "coordinates": [ 8.528444688998725, 47.373531958584266 ] } },
{ "type": "Feature", "properties": { "egid_int": 302063065, "strasse": "Remisenstrasse", "hausnummer": "5", "plz": 8004.0, "ortschaft": "Zürich", "baujahr": 1950.0, "grundflaeche_m2": 625.996367, "gebaeudealter_2026": 76.0, "gebaeude_nutzung": "Gebäude Verkehrswesen", "qualitaet": "AV93", "bev_pers_n": 10.0, "bev_dichte_pha": 10.0 }, "geometry": { "type": "Point", "coordinates": [ 8.521690749419536, 47.380827187638239 ] } },
{ "type": "Feature", "properties": { "egid_int": 302063066, "strasse": "Aargauerstrasse", "hausnummer": "17", "plz": 8048.0, "ortschaft": "Zürich", "baujahr": 2014.0, "grundflaeche_m2": 13302.810144, "gebaeudealter_2026": 12.0, "gebaeude_nutzung": "Gebäude Verkehrswesen", "qualitaet": "AV93", "bev_pers_n": 300.0, "bev_dichte_pha": 300.0 }, "geometry": { "type": "Point", "coordinates": [ 8.499438942996111, 47.39104156757314 ] } },
{ "type": "Feature", "properties": { "egid_int": 302063492, "strasse": "Zollstrasse", "hausnummer": "7a", "plz": 8005.0, "ortschaft": "Zürich", "baujahr": 2015.0, "grundflaeche_m2": 18.022768, "gebaeudealter_2026": 11.0, "gebaeude_nutzung": "Nebengebäude", "qualitaet": "AV93", "bev_pers_n": 13.0, "bev_dichte_pha": 13.0 }, "geometry": { "type": "Point", "coordinates": [ 8.536503781234439, 47.379638623915305 ] } },
{ "type": "Feature", "properties": { "egid_int": 302064336, "strasse": "Lutherstrasse", "hausnummer": "5", "plz": 8004.0, "ortschaft": "Zürich", "baujahr": 2017.0, "grundflaeche_m2": 12.25654, "gebaeudealter_2026": 9.0, "gebaeude_nutzung": "Gebäude Verkehrswesen", "qualitaet": "AV93", "bev_pers_n": 65.0, "bev_dichte_pha": 65.0 }, "geometry": { "type": "Point", "coordinates": [ 8.529521070056122, 47.373810145916202 ] } },
{ "type": "Feature", "properties": { "egid_int": 302064633, "strasse": "Geroldstrasse", "hausnummer": "11c", "plz": 8005.0, "ortschaft": "Zürich", "baujahr": 2017.0, "grundflaeche_m2": 1027.2217795, "gebaeudealter_2026": 9.0, "gebaeude_nutzung": "Gebäude Verwaltung", "qualitaet": "AV93", "bev_pers_n": 137.0, "bev_dichte_pha": 137.0 }, "geometry": { "type": "Point", "coordinates": [ 8.519893012907557, 47.384986615508872 ] } },
{ "type": "Feature", "properties": { "egid_int": 302064636, "strasse": "Geroldstrasse", "hausnummer": "19d", "plz": 8005.0, "ortschaft": "Zürich", "baujahr": 2017.0, "grundflaeche_m2": 15.1433155, "gebaeudealter_2026": 9.0, "gebaeude_nutzung": "Nebengebäude", "qualitaet": "AV93", "bev_pers_n": 137.0, "bev_dichte_pha": 137.0 }, "geometry": { "type": "Point", "coordinates": [ 8.519527080332347, 47.384912034232784 ] } },
{ "type": "Feature", "properties": { "egid_int": 302064637, "strasse": "Geroldstrasse", "hausnummer": "19c", "plz": 8005.0, "ortschaft": "Zürich", "baujahr": 2017.0, "grundflaeche_m2": 21.002241, "gebaeudealter_2026": 9.0, "gebaeude_nutzung": "Nebengebäude", "qualitaet": "AV93", "bev_pers_n": 158.0, "bev_dichte_pha": 158.0 }, "geometry": { "type": "Point", "coordinates": [ 8.519435073407541, 47.385029021451309 ] } },
{ "type": "Feature", "properties": { "egid_int": 302064919, "strasse": "Hohlstrasse", "hausnummer": "390", "plz": 8048.0, "ortschaft": "Zürich", "baujahr": 2018.0, "grundflaeche_m2": 1070.4519465000001, "gebaeudealter_2026": 8.0, "gebaeude_nutzung": "Gebäude Verkehrswesen", "qualitaet": "AV93", "bev_pers_n": 52.0, "bev_dichte_pha": 52.0 }, "geometry": { "type": "Point", "coordinates": [ 8.506199225948293, 47.386561533136806 ] } },
{ "type": "Feature", "properties": { "egid_int": 302064920, "strasse": "Hohlstrasse", "hausnummer": "392", "plz": 8048.0, "ortschaft": "Zürich", "baujahr": 2018.0, "grundflaeche_m2": 7897.431489, "gebaeudealter_2026": 8.0, "gebaeude_nutzung": "Gebäude Verkehrswesen", "qualitaet": "AV93", "bev_pers_n": 52.0, "bev_dichte_pha": 52.0 }, "geometry": { "type": "Point", "coordinates": [ 8.505092725309762, 47.386726016782063 ] } },
{ "type": "Feature", "properties": { "egid_int": 302064923, "strasse": "Hohlstrasse", "hausnummer": "370a", "plz": 8004.0, "ortschaft": "Zürich", "baujahr": 2018.0, "grundflaeche_m2": 12.49203, "gebaeudealter_2026": 8.0, "gebaeude_nutzung": "Gebäude Verkehrswesen", "qualitaet": "AV93", "bev_pers_n": 200.0, "bev_dichte_pha": 200.0 }, "geometry": { "type": "Point", "coordinates": [ 8.508538979160486, 47.386172874276873 ] } },
{ "type": "Feature", "properties": { "egid_int": 302064924, "strasse": "Hohlstrasse", "hausnummer": "370d", "plz": 8004.0, "ortschaft": "Zürich", "baujahr": 2018.0, "grundflaeche_m2": 19.882135, "gebaeudealter_2026": 8.0, "gebaeude_nutzung": "Gebäude Verkehrswesen", "qualitaet": "AV93", "bev_pers_n": 200.0, "bev_dichte_pha": 200.0 }, "geometry": { "type": "Point", "coordinates": [ 8.508402936433603, 47.386347387800818 ] } },
{ "type": "Feature", "properties": { "egid_int": 302064948, "strasse": "Hohlstrasse", "hausnummer": "328a", "plz": 8004.0, "ortschaft": "Zürich", "baujahr": 2018.0, "grundflaeche_m2": 5.8169085, "gebaeudealter_2026": 8.0, "gebaeude_nutzung": "Nebengebäude", "qualitaet": "AV93", "bev_pers_n": 72.0, "bev_dichte_pha": 72.0 }, "geometry": { "type": "Point", "coordinates": [ 8.511734222944149, 47.38599089238604 ] } },
{ "type": "Feature", "properties": { "egid_int": 302064949, "strasse": null, "hausnummer": null, "plz": null, "ortschaft": null, "baujahr": 2018.0, "grundflaeche_m2": 22.2095795, "gebaeudealter_2026": 8.0, "gebaeude_nutzung": "Nebengebäude", "qualitaet": "AV93", "bev_pers_n": 236.0, "bev_dichte_pha": 236.0 }, "geometry": { "type": "Point", "coordinates": [ 8.509166287475516, 47.387355068075514 ] } },
{ "type": "Feature", "properties": { "egid_int": 302064950, "strasse": "Hohlstrasse", "hausnummer": "376a", "plz": 8005.0, "ortschaft": "Zürich", "baujahr": 2018.0, "grundflaeche_m2": 16.971974, "gebaeudealter_2026": 8.0, "gebaeude_nutzung": "Nebengebäude", "qualitaet": "AV93", "bev_pers_n": 200.0, "bev_dichte_pha": 200.0 }, "geometry": { "type": "Point", "coordinates": [ 8.509241472869197, 47.387335634729716 ] } },
{ "type": "Feature", "properties": { "egid_int": 302064951, "strasse": null, "hausnummer": null, "plz": null, "ortschaft": null, "baujahr": 2018.0, "grundflaeche_m2": 71.8037125, "gebaeudealter_2026": 8.0, "gebaeude_nutzung": "Gebäude Verkehrswesen", "qualitaet": "AV93", "bev_pers_n": 200.0, "bev_dichte_pha": 200.0 }, "geometry": { "type": "Point", "coordinates": [ 8.508529936103121, 47.387223949615667 ] } },
{ "type": "Feature", "properties": { "egid_int": 302064952, "strasse": null, "hausnummer": null, "plz": null, "ortschaft": null, "baujahr": 2018.0, "grundflaeche_m2": 5.855496, "gebaeudealter_2026": 8.0, "gebaeude_nutzung": "Gebäude Verkehrswesen", "qualitaet": "AV93", "bev_pers_n": 200.0, "bev_dichte_pha": 200.0 }, "geometry": { "type": "Point", "coordinates": [ 8.508568586130357, 47.387457544141562 ] } },
{ "type": "Feature", "properties": { "egid_int": 302064953, "strasse": "Hohlstrasse", "hausnummer": "370e", "plz": 8004.0, "ortschaft": "Zürich", "baujahr": 2018.0, "grundflaeche_m2": 5.750894, "gebaeudealter_2026": 8.0, "gebaeude_nutzung": "Nebengebäude", "qualitaet": "AV93", "bev_pers_n": 236.0, "bev_dichte_pha": 236.0 }, "geometry": { "type": "Point", "coordinates": [ 8.509265072703258, 47.386619544312722 ] } },
{ "type": "Feature", "properties": { "egid_int": 302065160, "strasse": "Morgartenstrasse", "hausnummer": "5a", "plz": 8004.0, "ortschaft": "Zürich", "baujahr": 1906.0, "grundflaeche_m2": 997.6675145, "gebaeudealter_2026": 120.0, "gebaeude_nutzung": "Gebäude Verwaltung", "qualitaet": "AV93", "bev_pers_n": 144.0, "bev_dichte_pha": 144.0 }, "geometry": { "type": "Point", "coordinates": [ 8.529451882477844, 47.370922345936926 ] } },
{ "type": "Feature", "properties": { "egid_int": 302065301, "strasse": "Hohlstrasse", "hausnummer": "294a", "plz": 8004.0, "ortschaft": "Zürich", "baujahr": 2018.0, "grundflaeche_m2": 7.280955, "gebaeudealter_2026": 8.0, "gebaeude_nutzung": "Gebäude Verkehrswesen", "qualitaet": "AV93", "bev_pers_n": 28.0, "bev_dichte_pha": 28.0 }, "geometry": { "type": "Point", "coordinates": [ 8.515120096681182, 47.383970764579182 ] } },
{ "type": "Feature", "properties": { "egid_int": 302065302, "strasse": "Hohlstrasse", "hausnummer": "296", "plz": 8004.0, "ortschaft": "Zürich", "baujahr": 2018.0, "grundflaeche_m2": 316.9373715, "gebaeudealter_2026": 8.0, "gebaeude_nutzung": "Gebäude Verkehrswesen", "qualitaet": "AV93", "bev_pers_n": 19.0, "bev_dichte_pha": 19.0 }, "geometry": { "type": "Point", "coordinates": [ 8.514914318387428, 47.384052540015105 ] } }
]
}
